timestamp_utc,latitude,longitude,heart_rate,finish_time_utc,elapsed_race_time_s,finished_flag,seg_dist_m,dist_from_start_m,SOG_raw_mpm,COG_raw_deg
2026-02-27T16:55:03+00:00,37.054385617375374,-8.14463010057807,139,2026-02-27T17:33:39.400538+00:00,2316,1,0.0,0.0,0.0,0.0
2026-02-27T16:55:04+00:00,37.05440254881978,-8.144653821364045,138,2026-02-27T17:33:39.400538+00:00,2316,1,2.824,2.824,169.44,311.809
2026-02-27T16:55:05+00:00,37.05441721715033,-8.144677374511957,137,2026-02-27T17:33:39.400538+00:00,2316,1,2.651,5.475,159.06,307.967
2026-02-27T16:55:06+00:00,37.05443339422345,-8.14470193348825,136,2026-02-27T17:33:39.400538+00:00,2316,1,2.826,8.301,169.56,309.535
2026-02-27T16:55:07+00:00,37.054451080039144,-8.144725821912289,135,2026-02-27T17:33:39.400538+00:00,2316,1,2.892,11.193,173.52,312.852
2026-02-27T16:55:08+00:00,37.05446616746485,-8.14475079998374,135,2026-02-27T17:33:39.400538+00:00,2316,1,2.78,13.973,166.8,307.121
2026-02-27T16:55:09+00:00,37.054486786946654,-8.144775442779064,136,2026-02-27T17:33:39.400538+00:00,2316,1,3.168,17.141,190.08,316.355
2026-02-27T16:55:10+00:00,37.0545104239136,-8.144794972613454,137,2026-02-27T17:33:39.400538+00:00,2316,1,3.148,20.289,188.88,326.599
2026-02-27T16:55:11+00:00,37.05452844500542,-8.144817519932985,138,2026-02-27T17:33:39.400538+00:00,2316,1,2.832,23.121,169.92,315.043
2026-02-27T16:55:12+00:00,37.05454529263079,-8.144838055595756,140,2026-02-27T17:33:39.400538+00:00,2316,1,2.614,25.735,156.84,315.791
2026-02-27T16:55:13+00:00,37.054557194933295,-8.144860183820128,141,2026-02-27T17:33:39.400538+00:00,2316,1,2.368,28.103,142.08,303.979
2026-02-27T16:55:14+00:00,37.054569432511926,-8.144882060587406,141,2026-02-27T17:33:39.400538+00:00,2316,1,2.371,30.473,142.26,305.028
2026-02-27T16:55:15+00:00,37.05458804033697,-8.144905781373382,141,2026-02-27T17:33:39.400538+00:00,2316,1,2.952,33.425,177.12,314.507
2026-02-27T16:55:16+00:00,37.0546068996191,-8.144930340349674,141,2026-02-27T17:33:39.400538+00:00,2316,1,3.024,36.449,181.44,313.897
2026-02-27T16:55:17+00:00,37.05462483689189,-8.14495699480176,141,2026-02-27T17:33:39.400538+00:00,2316,1,3.094,39.543,185.64,310.139
2026-02-27T16:55:18+00:00,37.054641181603074,-8.14498633146286,140,2026-02-27T17:33:39.400538+00:00,2316,1,3.175,42.718,190.5,304.92
2026-02-27T16:55:19+00:00,37.054659286513925,-8.145013572648168,141,2026-02-27T17:33:39.400538+00:00,2316,1,3.146,45.864,188.76,309.787
2026-02-27T16:55:20+00:00,37.05467822961509,-8.145038802176714,142,2026-02-27T17:33:39.400538+00:00,2316,1,3.074,48.938,184.44,313.253
2026-02-27T16:55:21+00:00,37.05469826236367,-8.145060427486897,143,2026-02-27T17:33:39.400538+00:00,2316,1,2.94,51.879,176.4,319.255
2026-02-27T16:55:22+00:00,37.05471435561776,-8.14508163370192,143,2026-02-27T17:33:39.400538+00:00,2316,1,2.597,54.475,155.82,313.559
2026-02-27T16:55:23+00:00,37.05473287962377,-8.145098565146327,145,2026-02-27T17:33:39.400538+00:00,2316,1,2.55,57.025,153.0,323.891
2026-02-27T16:55:24+00:00,37.054753163829446,-8.145116586238146,146,2026-02-27T17:33:39.400538+00:00,2316,1,2.765,59.79,165.9,324.663
2026-02-27T16:55:25+00:00,37.05477344803512,-8.145137121900916,147,2026-02-27T17:33:39.400538+00:00,2316,1,2.9,62.69,174.0,321.063
2026-02-27T16:55:26+00:00,37.05479105003178,-8.145158747211099,147,2026-02-27T17:33:39.400538+00:00,2316,1,2.741,65.431,164.46,315.565
2026-02-27T16:55:27+00:00,37.054809825494885,-8.145174756646156,147,2026-02-27T17:33:39.400538+00:00,2316,1,2.525,67.956,151.5,325.765
2026-02-27T16:55:28+00:00,37.05482407473028,-8.145192442461848,146,2026-02-27T17:33:39.400538+00:00,2316,1,2.23,70.186,133.8,315.273
2026-02-27T16:55:29+00:00,37.05483949743211,-8.145210212096572,147,2026-02-27T17:33:39.400538+00:00,2316,1,2.33,72.516,139.8,317.401
2026-02-27T16:55:30+00:00,37.05485315993428,-8.145228819921613,147,2026-02-27T17:33:39.400538+00:00,2316,1,2.244,74.76,134.64,312.615
2026-02-27T16:55:31+00:00,37.054867912083864,-8.145247511565685,147,2026-02-27T17:33:39.400538+00:00,2316,1,2.333,77.092,139.98,314.682
2026-02-27T16:55:32+00:00,37.05488140694797,-8.145269555971026,147,2026-02-27T17:33:39.400538+00:00,2316,1,2.465,79.558,147.9,307.491
2026-02-27T16:55:33+00:00,37.05489900894463,-8.145289085805416,147,2026-02-27T17:33:39.400538+00:00,2316,1,2.614,82.172,156.84,318.476
2026-02-27T16:55:34+00:00,37.054919712245464,-8.145311046391726,148,2026-02-27T17:33:39.400538+00:00,2316,1,3.016,85.188,180.96,319.751
2026-02-27T16:55:35+00:00,37.05493521876633,-8.145331917330623,148,2026-02-27T17:33:39.400538+00:00,2316,1,2.53,87.719,151.8,312.953
2026-02-27T16:55:36+00:00,37.05495357513428,-8.145347172394395,148,2026-02-27T17:33:39.400538+00:00,2316,1,2.449,90.168,146.94,326.447
2026-02-27T16:55:37+00:00,37.054971093311906,-8.145363349467516,150,2026-02-27T17:33:39.400538+00:00,2316,1,2.42,92.588,145.2,323.611
2026-02-27T16:55:38+00:00,37.05498559400439,-8.145379945635796,152,2026-02-27T17:33:39.400538+00:00,2316,1,2.184,94.772,131.04,317.592
2026-02-27T16:55:39+00:00,37.05499716103077,-8.145396457985044,152,2026-02-27T17:33:39.400538+00:00,2316,1,1.95,96.721,117.0,311.276
2026-02-27T16:55:40+00:00,37.055011661723256,-8.14540995284915,151,2026-02-27T17:33:39.400538+00:00,2316,1,2.008,98.73,120.48,323.399
2026-02-27T16:55:41+00:00,37.0550300180912,-8.145425878465176,151,2026-02-27T17:33:39.400538+00:00,2316,1,2.483,101.212,148.98,325.302
2026-02-27T16:55:42+00:00,37.0550474524498,-8.145445827394724,150,2026-02-27T17:33:39.400538+00:00,2316,1,2.625,103.838,157.5,317.599
2026-02-27T16:55:43+00:00,37.0550627913326,-8.145467368885875,150,2026-02-27T17:33:39.400538+00:00,2316,1,2.562,106.4,153.72,311.741
2026-02-27T16:55:44+00:00,37.05507779493928,-8.145489413291216,150,2026-02-27T17:33:39.400538+00:00,2316,1,2.571,108.971,154.26,310.459
2026-02-27T16:55:45+00:00,37.05509330146015,-8.145508943125606,150,2026-02-27T17:33:39.400538+00:00,2316,1,2.445,111.415,146.7,314.854
2026-02-27T16:55:46+00:00,37.055111406371,-8.145527383312583,151,2026-02-27T17:33:39.400538+00:00,2316,1,2.594,114.01,155.64,320.895
2026-02-27T16:55:47+00:00,37.0551285892725,-8.145547164604068,152,2026-02-27T17:33:39.400538+00:00,2316,1,2.595,116.604,155.7,317.425
2026-02-27T16:55:48+00:00,37.05514342524111,-8.145572561770678,152,2026-02-27T17:33:39.400538+00:00,2316,1,2.793,119.397,167.58,306.203
2026-02-27T16:55:49+00:00,37.05515750683844,-8.145595695823431,152,2026-02-27T17:33:39.400538+00:00,2316,1,2.582,121.979,154.92,307.334
2026-02-27T16:55:50+00:00,37.05517536029219,-8.145620757713914,153,2026-02-27T17:33:39.400538+00:00,2316,1,2.981,124.96,178.86,311.753
2026-02-27T16:55:51+00:00,37.05519028007984,-8.145644646137953,153,2026-02-27T17:33:39.400538+00:00,2316,1,2.692,127.652,161.52,308.047
2026-02-27T16:55:52+00:00,37.055204194039106,-8.145666103810072,152,2026-02-27T17:33:39.400538+00:00,2316,1,2.453,130.106,147.18,309.095
2026-02-27T16:55:53+00:00,37.05521542578936,-8.145688567310572,152,2026-02-27T17:33:39.400538+00:00,2316,1,2.352,132.458,141.12,302.068
2026-02-27T16:55:54+00:00,37.05522648990154,-8.14571044407785,151,2026-02-27T17:33:39.400538+00:00,2316,1,2.298,134.756,137.88,302.363
2026-02-27T16:55:55+00:00,37.055242750793695,-8.145728968083858,151,2026-02-27T17:33:39.400538+00:00,2316,1,2.444,137.2,146.64,317.725
2026-02-27T16:55:56+00:00,37.05527133308351,-8.145744390785694,151,2026-02-27T17:33:39.400538+00:00,2316,1,3.46,140.66,207.6,336.702
2026-02-27T16:55:57+00:00,37.05528994090855,-8.145762830972672,151,2026-02-27T17:33:39.400538+00:00,2316,1,2.638,143.298,158.28,321.661
2026-02-27T16:55:58+00:00,37.05530754290521,-8.14577984623611,150,2026-02-27T17:33:39.400538+00:00,2316,1,2.472,145.77,148.32,322.352
2026-02-27T16:55:59+00:00,37.05532950349152,-8.145795604214072,150,2026-02-27T17:33:39.400538+00:00,2316,1,2.814,148.584,168.84,330.202
2026-02-27T16:56:00+00:00,37.05534350126982,-8.14581898972392,148,2026-02-27T17:33:39.400538+00:00,2316,1,2.594,151.178,155.64,306.871
2026-02-27T16:56:01+00:00,37.055355655029416,-8.145841117948294,147,2026-02-27T17:33:39.400538+00:00,2316,1,2.384,153.562,143.04,304.537
2026-02-27T16:56:02+00:00,37.05536772496998,-8.14586240798235,148,2026-02-27T17:33:39.400538+00:00,2316,1,2.317,155.879,139.02,305.39
2026-02-27T16:56:03+00:00,37.05538465641439,-8.145883278921247,150,2026-02-27T17:33:39.400538+00:00,2316,1,2.641,158.52,158.46,315.47
2026-02-27T16:56:04+00:00,37.05540083348751,-8.145904401317239,150,2026-02-27T17:33:39.400538+00:00,2316,1,2.598,161.118,155.88,313.821
2026-02-27T16:56:05+00:00,37.05542078241706,-8.145926278084517,151,2026-02-27T17:33:39.400538+00:00,2316,1,2.948,164.066,176.88,318.808
2026-02-27T16:56:06+00:00,37.055435786023736,-8.145950669422746,150,2026-02-27T17:33:39.400538+00:00,2316,1,2.733,166.799,163.98,307.624
2026-02-27T16:56:07+00:00,37.05545078963041,-8.145973300561309,149,2026-02-27T17:33:39.400538+00:00,2316,1,2.611,169.41,156.66,309.717
2026-02-27T16:56:08+00:00,37.05546679906547,-8.14599140547216,150,2026-02-27T17:33:39.400538+00:00,2316,1,2.398,171.808,143.88,317.933
2026-02-27T16:56:09+00:00,37.0554808806628,-8.146009091287851,150,2026-02-27T17:33:39.400538+00:00,2316,1,2.217,174.025,133.02,314.934
2026-02-27T16:56:10+00:00,37.0554964710027,-8.1460256036371,151,2026-02-27T17:33:39.400538+00:00,2316,1,2.27,176.294,136.2,319.794
2026-02-27T16:56:11+00:00,37.05551465973258,-8.146043457090855,150,2026-02-27T17:33:39.400538+00:00,2316,1,2.569,178.864,154.14,321.927
2026-02-27T16:56:12+00:00,37.05553368665278,-8.146062148734927,150,2026-02-27T17:33:39.400538+00:00,2316,1,2.688,181.552,161.28,321.904
2026-02-27T16:56:13+00:00,37.05554693005979,-8.146085450425744,149,2026-02-27T17:33:39.400538+00:00,2316,1,2.539,184.091,152.34,305.457
2026-02-27T16:56:14+00:00,37.05556402914226,-8.146105399355292,149,2026-02-27T17:33:39.400538+00:00,2316,1,2.598,186.688,155.88,317.045
2026-02-27T16:56:15+00:00,37.05558029003441,-8.146125935018063,149,2026-02-27T17:33:39.400538+00:00,2316,1,2.567,189.255,154.02,314.776
2026-02-27T16:56:16+00:00,37.05560124479234,-8.146146386861801,149,2026-02-27T17:33:39.400538+00:00,2316,1,2.953,192.209,177.18,322.085
2026-02-27T16:56:17+00:00,37.055621948093176,-8.146167593076825,149,2026-02-27T17:33:39.400538+00:00,2316,1,2.973,195.182,178.38,320.736
2026-02-27T16:56:18+00:00,37.055638544261456,-8.146189134567976,145,2026-02-27T17:33:39.400538+00:00,2316,1,2.657,197.839,159.42,313.991
2026-02-27T16:56:19+00:00,37.05565673299134,-8.146207742393017,145,2026-02-27T17:33:39.400538+00:00,2316,1,2.611,200.45,156.66,320.77
2026-02-27T16:56:20+00:00,37.05567282624543,-8.146222410723567,145,2026-02-27T17:33:39.400538+00:00,2316,1,2.213,202.663,132.78,323.968
2026-02-27T16:56:21+00:00,37.05568674020469,-8.14623724669218,145,2026-02-27T17:33:39.400538+00:00,2316,1,2.031,204.695,121.86,319.604
2026-02-27T16:56:22+00:00,37.055700151249766,-8.146256022155285,145,2026-02-27T17:33:39.400538+00:00,2316,1,2.236,206.931,134.16,311.83
2026-02-27T16:56:23+00:00,37.055715741589665,-8.14627488143742,145,2026-02-27T17:33:39.400538+00:00,2316,1,2.41,209.34,144.6,316.009
2026-02-27T16:56:24+00:00,37.05573401413858,-8.146292483434081,145,2026-02-27T17:33:39.400538+00:00,2316,1,2.563,211.903,153.78,322.448
2026-02-27T16:56:25+00:00,37.05575027503073,-8.146314108744264,146,2026-02-27T17:33:39.400538+00:00,2316,1,2.637,214.54,158.22,313.296
2026-02-27T16:56:26+00:00,37.05577072687447,-8.146330453455448,148,2026-02-27T17:33:39.400538+00:00,2316,1,2.697,217.237,161.82,327.471
2026-02-27T16:56:27+00:00,37.05579562112689,-8.14634713344276,147,2026-02-27T17:33:39.400538+00:00,2316,1,3.139,220.376,188.34,331.866
2026-02-27T16:56:28+00:00,37.05581632442773,-8.1463657412678,146,2026-02-27T17:33:39.400538+00:00,2316,1,2.833,223.209,169.98,324.349
2026-02-27T16:56:29+00:00,37.05583141185343,-8.146392982453108,146,2026-02-27T17:33:39.400538+00:00,2316,1,2.942,226.151,176.52,304.761
2026-02-27T16:56:30+00:00,37.05584641546011,-8.146413518115878,146,2026-02-27T17:33:39.400538+00:00,2316,1,2.471,228.622,148.26,312.474
2026-02-27T16:56:31+00:00,37.0558606646955,-8.14643262885511,147,2026-02-27T17:33:39.400538+00:00,2316,1,2.321,230.943,139.26,313.055
2026-02-27T16:56:32+00:00,37.05587583594024,-8.146452913060784,147,2026-02-27T17:33:39.400538+00:00,2316,1,2.467,233.41,148.02,313.143
2026-02-27T16:56:33+00:00,37.05588974989951,-8.146473951637745,146,2026-02-27T17:33:39.400538+00:00,2316,1,2.425,235.835,145.5,309.649
2026-02-27T16:56:34+00:00,37.05590500496328,-8.146496498957276,146,2026-02-27T17:33:39.400538+00:00,2316,1,2.623,238.458,157.38,310.291
2026-02-27T16:56:35+00:00,37.05592059530318,-8.146514687687159,148,2026-02-27T17:33:39.400538+00:00,2316,1,2.369,240.826,142.14,317.045
2026-02-27T16:56:36+00:00,37.055935179814696,-8.146530529484153,148,2026-02-27T17:33:39.400538+00:00,2316,1,2.146,242.973,128.76,319.08
2026-02-27T16:56:37+00:00,37.055949261412024,-8.146553747355938,146,2026-02-27T17:33:39.400538+00:00,2316,1,2.588,245.56,155.28,307.234
2026-02-27T16:56:38+00:00,37.05596627667546,-8.146572774276137,145,2026-02-27T17:33:39.400538+00:00,2316,1,2.536,248.096,152.16,318.254
2026-02-27T16:56:39+00:00,37.055982453748584,-8.146588280797005,144,2026-02-27T17:33:39.400538+00:00,2316,1,2.265,250.361,135.9,322.585
2026-02-27T16:56:40+00:00,37.0560007262975,-8.146610828116536,143,2026-02-27T17:33:39.400538+00:00,2316,1,2.852,253.213,171.12,315.44
2026-02-27T16:56:41+00:00,37.05601732246578,-8.146635051816702,143,2026-02-27T17:33:39.400538+00:00,2316,1,2.833,256.046,169.98,310.646
2026-02-27T16:56:42+00:00,37.05603081732989,-8.14665843732655,143,2026-02-27T17:33:39.400538+00:00,2316,1,2.561,258.607,153.66,305.87
2026-02-27T16:56:43+00:00,37.05604573711753,-8.146682493388653,143,2026-02-27T17:33:39.400538+00:00,2316,1,2.704,261.31,162.24,307.853
2026-02-27T16:56:44+00:00,37.05605998635292,-8.146707220003009,143,2026-02-27T17:33:39.400538+00:00,2316,1,2.706,264.017,162.36,305.833
2026-02-27T16:56:45+00:00,37.05607574433088,-8.146725995466113,143,2026-02-27T17:33:39.400538+00:00,2316,1,2.418,266.434,145.08,316.443
2026-02-27T16:56:46+00:00,37.056088568642735,-8.146744519472122,143,2026-02-27T17:33:39.400538+00:00,2316,1,2.176,268.611,130.56,310.942
2026-02-27T16:56:47+00:00,37.05610256642103,-8.146764216944575,142,2026-02-27T17:33:39.400538+00:00,2316,1,2.34,270.951,140.4,311.684
2026-02-27T16:56:48+00:00,37.05611715093255,-8.146786009892821,142,2026-02-27T17:33:39.400538+00:00,2316,1,2.524,273.475,151.44,309.983
2026-02-27T16:56:49+00:00,37.056132573634386,-8.14680746756494,141,2026-02-27T17:33:39.400538+00:00,2316,1,2.563,276.038,153.78,312.007
2026-02-27T16:56:50+00:00,37.05614481121302,-8.146832948550582,142,2026-02-27T17:33:39.400538+00:00,2316,1,2.639,278.677,158.34,301.04
2026-02-27T16:56:51+00:00,37.0561593119055,-8.146854741498828,142,2026-02-27T17:33:39.400538+00:00,2316,1,2.518,281.194,151.08,309.82
2026-02-27T16:56:52+00:00,37.05617205239832,-8.146876282989979,143,2026-02-27T17:33:39.400538+00:00,2316,1,2.379,283.574,142.74,306.543
2026-02-27T16:56:53+00:00,37.056187223643064,-8.146897070109844,143,2026-02-27T17:33:39.400538+00:00,2316,1,2.5,286.073,150.0,312.444
2026-02-27T16:56:54+00:00,37.05620113760233,-8.146921461448073,143,2026-02-27T17:33:39.400538+00:00,2316,1,2.661,288.734,159.66,305.557
2026-02-27T16:56:55+00:00,37.05621630884707,-8.146943673491478,138,2026-02-27T17:33:39.400538+00:00,2316,1,2.594,291.328,155.64,310.559
2026-02-27T16:56:56+00:00,37.05623307265341,-8.14696236513555,136,2026-02-27T17:33:39.400538+00:00,2316,1,2.495,293.824,149.7,318.337
2026-02-27T16:56:57+00:00,37.05624648369849,-8.146980972960591,135,2026-02-27T17:33:39.400538+00:00,2316,1,2.225,296.048,133.5,312.085
2026-02-27T16:56:58+00:00,37.056260062381625,-8.147003017365932,135,2026-02-27T17:33:39.400538+00:00,2316,1,2.471,298.52,148.26,307.663
2026-02-27T16:56:59+00:00,37.05627313815057,-8.147025983780622,135,2026-02-27T17:33:39.400538+00:00,2316,1,2.503,301.023,150.18,305.505
2026-02-27T16:57:00+00:00,37.05628780648112,-8.147050207480788,135,2026-02-27T17:33:39.400538+00:00,2316,1,2.698,303.721,161.88,307.19
2026-02-27T16:57:01+00:00,37.05630172044039,-8.14707468263805,135,2026-02-27T17:33:39.400538+00:00,2316,1,2.667,306.388,160.02,305.464
2026-02-27T16:57:02+00:00,37.056323094293475,-8.14709521830082,136,2026-02-27T17:33:39.400538+00:00,2316,1,2.995,309.383,179.7,322.521
2026-02-27T16:57:03+00:00,37.05634279176593,-8.147120866924524,137,2026-02-27T17:33:39.400538+00:00,2316,1,3.159,312.542,189.54,313.9
2026-02-27T16:57:04+00:00,37.05636014230549,-8.147147940471768,136,2026-02-27T17:33:39.400538+00:00,2316,1,3.081,315.623,184.86,308.766
2026-02-27T16:57:05+00:00,37.05637305043638,-8.147177109494805,137,2026-02-27T17:33:39.400538+00:00,2316,1,2.96,318.583,177.6,299.009
2026-02-27T16:57:06+00:00,37.05639207735658,-8.147203177213669,137,2026-02-27T17:33:39.400538+00:00,2316,1,3.135,321.717,188.1,312.447
2026-02-27T16:57:07+00:00,37.056404734030366,-8.147232597693801,138,2026-02-27T17:33:39.400538+00:00,2316,1,2.966,324.683,177.96,298.328
2026-02-27T16:57:08+00:00,37.05642057582736,-8.147251624614,139,2026-02-27T17:33:39.400538+00:00,2316,1,2.44,327.123,146.4,316.214
2026-02-27T16:57:09+00:00,37.05643474124372,-8.147271322086453,139,2026-02-27T17:33:39.400538+00:00,2316,1,2.353,329.476,141.18,312.023
2026-02-27T16:57:10+00:00,37.05644857138395,-8.147286912426353,139,2026-02-27T17:33:39.400538+00:00,2316,1,2.069,331.545,124.14,318.025
2026-02-27T16:57:11+00:00,37.05646650865674,-8.147307364270091,139,2026-02-27T17:33:39.400538+00:00,2316,1,2.697,334.241,161.82,317.7
2026-02-27T16:57:12+00:00,37.05648310482502,-8.14732882194221,137,2026-02-27T17:33:39.400538+00:00,2316,1,2.652,336.893,159.12,314.103
2026-02-27T16:57:13+00:00,37.05649760551751,-8.14734734594822,136,2026-02-27T17:33:39.400538+00:00,2316,1,2.303,339.196,138.18,314.448
2026-02-27T16:57:14+00:00,37.05651395022869,-8.147367127239704,136,2026-02-27T17:33:39.400538+00:00,2316,1,2.527,341.722,151.62,315.996
2026-02-27T16:57:15+00:00,37.05652761273086,-8.147388165816665,135,2026-02-27T17:33:39.400538+00:00,2316,1,2.407,344.129,144.42,309.137
2026-02-27T16:57:16+00:00,37.05654320307076,-8.147414987906814,136,2026-02-27T17:33:39.400538+00:00,2316,1,2.945,347.074,176.7,306.068
2026-02-27T16:57:17+00:00,37.05655820667744,-8.147440133616328,138,2026-02-27T17:33:39.400538+00:00,2316,1,2.786,349.86,167.16,306.784
2026-02-27T16:57:18+00:00,37.05657362937927,-8.147463770583272,139,2026-02-27T17:33:39.400538+00:00,2316,1,2.709,352.569,162.54,309.27
2026-02-27T16:57:19+00:00,37.056589890271425,-8.147482546046376,140,2026-02-27T17:33:39.400538+00:00,2316,1,2.459,355.028,147.54,317.341
2026-02-27T16:57:20+00:00,37.05660288222134,-8.147500567138195,140,2026-02-27T17:33:39.400538+00:00,2316,1,2.155,357.183,129.3,312.094
2026-02-27T16:57:21+00:00,37.056615790352225,-8.147521689534187,141,2026-02-27T17:33:39.400538+00:00,2316,1,2.361,359.544,141.66,307.444
2026-02-27T16:57:22+00:00,37.05663305707276,-8.14754281193018,142,2026-02-27T17:33:39.400538+00:00,2316,1,2.683,362.227,160.98,315.689
2026-02-27T16:57:23+00:00,37.05665275454521,-8.147561335936189,143,2026-02-27T17:33:39.400538+00:00,2316,1,2.738,364.966,164.28,323.112
2026-02-27T16:57:24+00:00,37.056672452017665,-8.147581620141864,142,2026-02-27T17:33:39.400538+00:00,2316,1,2.835,367.801,170.1,320.586
2026-02-27T16:57:25+00:00,37.05668997019529,-8.14760148525238,142,2026-02-27T17:33:39.400538+00:00,2316,1,2.627,370.428,157.62,317.856
2026-02-27T16:57:26+00:00,37.05670229159296,-8.147620428353548,143,2026-02-27T17:33:39.400538+00:00,2316,1,2.169,372.596,130.14,309.182
2026-02-27T16:57:27+00:00,37.056716457009315,-8.147634426131845,144,2026-02-27T17:33:39.400538+00:00,2316,1,2.006,374.602,120.36,321.741
2026-02-27T16:57:28+00:00,37.05673179589212,-8.147648926824331,146,2026-02-27T17:33:39.400538+00:00,2316,1,2.137,376.739,128.22,322.968
2026-02-27T16:57:29+00:00,37.05674562603235,-8.147662756964564,147,2026-02-27T17:33:39.400538+00:00,2316,1,1.968,378.706,118.08,321.409
2026-02-27T16:57:30+00:00,37.05676096491515,-8.147680945694447,146,2026-02-27T17:33:39.400538+00:00,2316,1,2.348,381.055,140.88,316.58
2026-02-27T16:57:31+00:00,37.056777058169246,-8.147701565176249,146,2026-02-27T17:33:39.400538+00:00,2316,1,2.559,383.614,153.54,314.363
2026-02-27T16:57:32+00:00,37.05679541453719,-8.14772117882967,145,2026-02-27T17:33:39.400538+00:00,2316,1,2.682,386.296,160.92,319.546
2026-02-27T16:57:33+00:00,37.05681259743869,-8.147743055596948,144,2026-02-27T17:33:39.400538+00:00,2316,1,2.724,389.02,163.44,314.544
2026-02-27T16:57:34+00:00,37.05682667903602,-8.147764848545194,144,2026-02-27T17:33:39.400538+00:00,2316,1,2.488,391.508,149.28,308.996
2026-02-27T16:57:35+00:00,37.05684352666139,-8.147785970941186,144,2026-02-27T17:33:39.400538+00:00,2316,1,2.65,394.158,159.0,314.985
2026-02-27T16:57:36+00:00,37.056858194991946,-8.147809943184257,145,2026-02-27T17:33:39.400538+00:00,2316,1,2.681,396.839,160.86,307.479
2026-02-27T16:57:37+00:00,37.05687160603702,-8.147829808294773,144,2026-02-27T17:33:39.400538+00:00,2316,1,2.309,399.148,138.54,310.23
2026-02-27T16:57:38+00:00,37.056885436177254,-8.147847494110465,145,2026-02-27T17:33:39.400538+00:00,2316,1,2.197,401.345,131.82,314.418
2026-02-27T16:57:39+00:00,37.05689951777458,-8.147863503545523,145,2026-02-27T17:33:39.400538+00:00,2316,1,2.114,403.459,126.84,317.783
2026-02-27T16:57:40+00:00,37.05691519193351,-8.147881356999278,145,2026-02-27T17:33:39.400538+00:00,2316,1,2.355,405.815,141.3,317.729
2026-02-27T16:57:41+00:00,37.0569312851876,-8.147902311757207,145,2026-02-27T17:33:39.400538+00:00,2316,1,2.581,408.395,154.86,313.901
2026-02-27T16:57:42+00:00,37.0569450315088,-8.147925110533834,142,2026-02-27T17:33:39.400538+00:00,2316,1,2.536,410.931,152.16,307.072
2026-02-27T16:57:43+00:00,37.05696355551481,-8.147945730015635,141,2026-02-27T17:33:39.400538+00:00,2316,1,2.755,413.686,165.3,318.385
2026-02-27T16:57:44+00:00,37.056987611576915,-8.147968109697104,141,2026-02-27T17:33:39.400538+00:00,2316,1,3.332,417.018,199.92,323.409
2026-02-27T16:57:45+00:00,37.05700512975454,-8.147992752492428,141,2026-02-27T17:33:39.400538+00:00,2316,1,2.929,419.946,175.74,311.694
2026-02-27T16:57:46+00:00,37.05702030099928,-8.14800851047039,142,2026-02-27T17:33:39.400538+00:00,2316,1,2.191,422.137,131.46,320.345
2026-02-27T16:57:47+00:00,37.057032538577914,-8.148026950657368,143,2026-02-27T17:33:39.400538+00:00,2316,1,2.128,424.266,127.68,309.746
2026-02-27T16:57:48+00:00,37.057047709822655,-8.148048743605614,144,2026-02-27T17:33:39.400538+00:00,2316,1,2.566,426.832,153.96,311.099
2026-02-27T16:57:49+00:00,37.05706539563835,-8.148068692535162,145,2026-02-27T17:33:39.400538+00:00,2316,1,2.646,429.478,158.76,318.008
2026-02-27T16:57:50+00:00,37.05707880668342,-8.148088557645679,146,2026-02-27T17:33:39.400538+00:00,2316,1,2.309,431.787,138.54,310.23
2026-02-27T16:57:51+00:00,37.05709054134786,-8.148109512403607,145,2026-02-27T17:33:39.400538+00:00,2316,1,2.272,434.058,136.32,305.058
2026-02-27T16:57:52+00:00,37.05709892325103,-8.148130718618631,142,2026-02-27T17:33:39.400538+00:00,2316,1,2.1,436.158,126.0,296.349
2026-02-27T16:57:53+00:00,37.05710562877357,-8.148155361413956,142,2026-02-27T17:33:39.400538+00:00,2316,1,2.31,438.469,138.6,288.828
2026-02-27T16:57:54+00:00,37.05711727961898,-8.148176399990916,143,2026-02-27T17:33:39.400538+00:00,2316,1,2.272,440.741,136.32,304.758
2026-02-27T16:57:55+00:00,37.05712893046439,-8.14819609746337,145,2026-02-27T17:33:39.400538+00:00,2316,1,2.176,442.917,130.56,306.545
2026-02-27T16:57:56+00:00,37.05713806673885,-8.148217722773552,146,2026-02-27T17:33:39.400538+00:00,2316,1,2.171,445.088,130.26,297.897
2026-02-27T16:57:57+00:00,37.05714418552816,-8.148238761350513,146,2026-02-27T17:33:39.400538+00:00,2316,1,1.987,447.075,119.22,290.024
2026-02-27T16:57:58+00:00,37.05715944059193,-8.148255022242665,146,2026-02-27T17:33:39.400538+00:00,2316,1,2.227,449.302,133.62,319.614
2026-02-27T16:57:59+00:00,37.05717092379928,-8.148272959515452,146,2026-02-27T17:33:39.400538+00:00,2316,1,2.041,451.343,122.46,308.737
2026-02-27T16:58:00+00:00,37.05718198791146,-8.14829332754016,146,2026-02-27T17:33:39.400538+00:00,2316,1,2.186,453.529,131.16,304.243
2026-02-27T16:58:01+00:00,37.057195734232664,-8.148314701393247,147,2026-02-27T17:33:39.400538+00:00,2316,1,2.436,455.965,146.16,308.865
2026-02-27T16:58:02+00:00,37.057207552716136,-8.148344373330474,147,2026-02-27T17:33:39.400538+00:00,2316,1,2.943,458.908,176.58,296.524
2026-02-27T16:58:03+00:00,37.05722012557089,-8.148371446877718,146,2026-02-27T17:33:39.400538+00:00,2316,1,2.78,461.687,166.8,300.196
2026-02-27T16:58:04+00:00,37.057232866063714,-8.148393658921123,147,2026-02-27T17:33:39.400538+00:00,2316,1,2.427,464.115,145.62,305.707
2026-02-27T16:58:05+00:00,37.05724166706205,-8.148413356393576,148,2026-02-27T17:33:39.400538+00:00,2316,1,2.003,466.118,120.18,299.244
2026-02-27T16:58:06+00:00,37.05726035870612,-8.148432886227965,147,2026-02-27T17:33:39.400538+00:00,2316,1,2.706,468.824,162.36,320.178
2026-02-27T16:58:07+00:00,37.05727754160762,-8.148453924804926,145,2026-02-27T17:33:39.400538+00:00,2316,1,2.671,471.495,160.26,315.663
2026-02-27T16:58:08+00:00,37.05729430541396,-8.148473789915442,142,2026-02-27T17:33:39.400538+00:00,2316,1,2.566,474.061,153.96,316.6
2026-02-27T16:58:09+00:00,37.057309560477734,-8.148491056635976,138,2026-02-27T17:33:39.400538+00:00,2316,1,2.286,476.347,137.16,317.909
2026-02-27T16:58:10+00:00,37.057324815541506,-8.148501617833972,138,2026-02-27T17:33:39.400538+00:00,2316,1,1.938,478.285,116.28,331.08
2026-02-27T16:58:11+00:00,37.0573353767395,-8.148499522358179,137,2026-02-27T17:33:39.400538+00:00,2316,1,1.189,479.474,71.34,8.998
2026-02-27T16:58:12+00:00,37.05733956769109,-8.14848250709474,138,2026-02-27T17:33:39.400538+00:00,2316,1,1.58,481.054,94.8,72.848
2026-02-27T16:58:13+00:00,37.057355074211955,-8.148461300879717,138,2026-02-27T17:33:39.400538+00:00,2316,1,2.552,483.606,153.12,47.501
2026-02-27T16:58:14+00:00,37.05736454576254,-8.148443615064025,138,2026-02-27T17:33:39.400538+00:00,2316,1,1.89,485.496,113.4,56.135
2026-02-27T16:58:15+00:00,37.057380052283406,-8.14842333085835,140,2026-02-27T17:33:39.400538+00:00,2316,1,2.493,487.989,149.58,46.231
2026-02-27T16:58:16+00:00,37.057397067546844,-8.148401621729136,142,2026-02-27T17:33:39.400538+00:00,2316,1,2.7,490.689,162.0,45.516
2026-02-27T16:58:17+00:00,37.057410310953856,-8.148382846266031,143,2026-02-27T17:33:39.400538+00:00,2316,1,2.224,492.912,133.44,48.527
2026-02-27T16:58:18+00:00,37.05742263235152,-8.148363903164864,143,2026-02-27T17:33:39.400538+00:00,2316,1,2.169,495.081,130.14,50.818
2026-02-27T16:58:19+00:00,37.0574323553592,-8.148343618959188,143,2026-02-27T17:33:39.400538+00:00,2316,1,2.1,497.181,126.0,59.009
2026-02-27T16:58:20+00:00,37.05744358710945,-8.14832559786737,142,2026-02-27T17:33:39.400538+00:00,2316,1,2.029,499.21,121.74,52.01
2026-02-27T16:58:21+00:00,37.05745398066938,-8.148310175165534,142,2026-02-27T17:33:39.400538+00:00,2316,1,1.791,501.001,107.46,49.82
2026-02-27T16:58:22+00:00,37.057463536038995,-8.148295087739825,141,2026-02-27T17:33:39.400538+00:00,2316,1,1.709,502.71,102.54,51.564
2026-02-27T16:58:23+00:00,37.05747392959893,-8.148278659209609,141,2026-02-27T17:33:39.400538+00:00,2316,1,1.86,504.57,111.6,51.594
2026-02-27T16:58:24+00:00,37.057485580444336,-8.148258794099092,140,2026-02-27T17:33:39.400538+00:00,2316,1,2.188,506.758,131.28,53.687
2026-02-27T16:58:25+00:00,37.05749714747071,-8.148240940645337,139,2026-02-27T17:33:39.400538+00:00,2316,1,2.041,508.799,122.46,50.928
2026-02-27T16:58:26+00:00,37.05751122906804,-8.1482152082026,139,2026-02-27T17:33:39.400538+00:00,2316,1,2.769,511.567,166.14,55.561
2026-02-27T16:58:27+00:00,37.05752086825669,-8.148190984502435,139,2026-02-27T17:33:39.400538+00:00,2316,1,2.402,513.969,144.12,63.498
2026-02-27T16:58:28+00:00,37.05753008835018,-8.148168604820967,139,2026-02-27T17:33:39.400538+00:00,2316,1,2.235,516.204,134.1,62.695
2026-02-27T16:58:29+00:00,37.057539224624634,-8.148149494081736,139,2026-02-27T17:33:39.400538+00:00,2316,1,1.977,518.181,118.62,59.076
2026-02-27T16:58:30+00:00,37.05755179747939,-8.148132059723139,138,2026-02-27T17:33:39.400538+00:00,2316,1,2.085,520.266,125.1,47.897
2026-02-27T16:58:31+00:00,37.05756705254316,-8.148111440241337,138,2026-02-27T17:33:39.400538+00:00,2316,1,2.495,522.761,149.7,47.167
2026-02-27T16:58:32+00:00,37.05758105032146,-8.148093754425645,139,2026-02-27T17:33:39.400538+00:00,2316,1,2.21,524.972,132.6,45.237
2026-02-27T16:58:33+00:00,37.05759831704199,-8.148073554039001,139,2026-02-27T17:33:39.400538+00:00,2316,1,2.627,527.598,157.62,43.034
2026-02-27T16:58:34+00:00,37.05761382356286,-8.148053353652358,138,2026-02-27T17:33:39.400538+00:00,2316,1,2.487,530.086,149.22,46.112
2026-02-27T16:58:35+00:00,37.057624300941825,-8.148032650351524,138,2026-02-27T17:33:39.400538+00:00,2316,1,2.175,532.261,130.5,57.619
2026-02-27T16:58:36+00:00,37.05762991681695,-8.148015132173896,136,2026-02-27T17:33:39.400538+00:00,2316,1,1.675,533.936,100.5,68.114
2026-02-27T16:58:37+00:00,37.05763963982463,-8.147995350882411,136,2026-02-27T17:33:39.400538+00:00,2316,1,2.062,535.998,123.72,58.37
2026-02-27T16:58:38+00:00,37.0576496142894,-8.147980514913797,135,2026-02-27T17:33:39.400538+00:00,2316,1,1.721,537.719,103.26,49.887
2026-02-27T16:58:39+00:00,37.05765958875418,-8.147971294820309,136,2026-02-27T17:33:39.400538+00:00,2316,1,1.378,539.097,82.68,36.415
2026-02-27T16:58:40+00:00,37.05767056904733,-8.147966349497437,138,2026-02-27T17:33:39.400538+00:00,2316,1,1.297,540.395,77.82,19.769
2026-02-27T16:58:41+00:00,37.05768372863531,-8.147971797734499,139,2026-02-27T17:33:39.400538+00:00,2316,1,1.541,541.936,92.46,341.717
2026-02-27T16:58:42+00:00,37.05770032480359,-8.147987723350525,138,2026-02-27T17:33:39.400538+00:00,2316,1,2.324,544.26,139.44,322.556
2026-02-27T16:58:43+00:00,37.057715663686395,-8.148003565147519,138,2026-02-27T17:33:39.400538+00:00,2316,1,2.21,546.471,132.6,320.505
2026-02-27T16:58:44+00:00,37.05773561261594,-8.148019490763545,139,2026-02-27T17:33:39.400538+00:00,2316,1,2.63,549.101,157.8,327.5
2026-02-27T16:58:45+00:00,37.05775539390743,-8.148035667836666,140,2026-02-27T17:33:39.400538+00:00,2316,1,2.627,551.727,157.62,326.871
2026-02-27T16:58:46+00:00,37.05777048133314,-8.148053521290421,140,2026-02-27T17:33:39.400538+00:00,2316,1,2.307,554.035,138.42,316.64
2026-02-27T16:58:47+00:00,37.05778959207237,-8.148068357259035,140,2026-02-27T17:33:39.400538+00:00,2316,1,2.5,556.534,150.0,328.221
2026-02-27T16:58:48+00:00,37.05780861899257,-8.148082941770554,139,2026-02-27T17:33:39.400538+00:00,2316,1,2.48,559.015,148.8,328.546
2026-02-27T16:58:49+00:00,37.05782504752278,-8.148099286481738,139,2026-02-27T17:33:39.400538+00:00,2316,1,2.333,561.347,139.98,321.552
2026-02-27T16:58:50+00:00,37.057837368920445,-8.148113619536161,139,2026-02-27T17:33:39.400538+00:00,2316,1,1.869,563.217,112.14,317.129
2026-02-27T16:58:51+00:00,37.05785170197487,-8.148126108571887,139,2026-02-27T17:33:39.400538+00:00,2316,1,1.941,565.158,116.46,325.187
2026-02-27T16:58:52+00:00,37.05786754377186,-8.14814186654985,140,2026-02-27T17:33:39.400538+00:00,2316,1,2.249,567.407,134.94,321.557
2026-02-27T16:58:53+00:00,37.05788305029273,-8.14816290512681,141,2026-02-27T17:33:39.400538+00:00,2316,1,2.541,569.948,152.46,312.725
2026-02-27T16:58:54+00:00,37.05789755098522,-8.148185787722468,142,2026-02-27T17:33:39.400538+00:00,2316,1,2.593,572.541,155.58,308.452
2026-02-27T16:58:55+00:00,37.05791490152478,-8.148205149918795,140,2026-02-27T17:33:39.400538+00:00,2316,1,2.583,575.124,154.98,318.313
2026-02-27T16:58:56+00:00,37.05793485045433,-8.148221746087074,137,2026-02-27T17:33:39.400538+00:00,2316,1,2.663,577.787,159.78,326.42
2026-02-27T16:58:57+00:00,37.057955134660006,-8.148237252607942,134,2026-02-27T17:33:39.400538+00:00,2316,1,2.642,580.429,158.52,328.614
2026-02-27T16:58:58+00:00,37.05797667615115,-8.148250747472048,131,2026-02-27T17:33:39.400538+00:00,2316,1,2.678,583.107,160.68,333.438
2026-02-27T16:58:59+00:00,37.05799637362361,-8.148267176002264,130,2026-02-27T17:33:39.400538+00:00,2316,1,2.631,585.738,157.86,326.353
2026-02-27T16:59:00+00:00,37.058015903458,-8.148281592875719,130,2026-02-27T17:33:39.400538+00:00,2316,1,2.52,588.259,151.2,329.498
2026-02-27T16:59:01+00:00,37.05803266726434,-8.148299027234316,131,2026-02-27T17:33:39.400538+00:00,2316,1,2.422,590.681,145.32,320.309
2026-02-27T16:59:02+00:00,37.058052783831954,-8.148317383602262,132,2026-02-27T17:33:39.400538+00:00,2316,1,2.767,593.448,166.02,323.938
2026-02-27T16:59:03+00:00,37.058072397485375,-8.148339344188571,132,2026-02-27T17:33:39.400538+00:00,2316,1,2.925,596.373,175.5,318.219
2026-02-27T16:59:04+00:00,37.05808983184397,-8.148361220955849,132,2026-02-27T17:33:39.400538+00:00,2316,1,2.743,599.116,164.58,314.961
2026-02-27T16:59:05+00:00,37.05810793675482,-8.148376727476716,132,2026-02-27T17:33:39.400538+00:00,2316,1,2.438,601.555,146.28,325.648
2026-02-27T16:59:06+00:00,37.05812964588404,-8.148391144350171,132,2026-02-27T17:33:39.400538+00:00,2316,1,2.732,604.287,163.92,332.078
2026-02-27T16:59:07+00:00,37.05814775079489,-8.14840430393815,130,2026-02-27T17:33:39.400538+00:00,2316,1,2.327,606.614,139.62,329.884
2026-02-27T16:59:08+00:00,37.05816241912544,-8.14842140302062,129,2026-02-27T17:33:39.400538+00:00,2316,1,2.228,608.842,133.68,317.069
2026-02-27T16:59:09+00:00,37.05817423760891,-8.14843942411244,129,2026-02-27T17:33:39.400538+00:00,2316,1,2.07,610.912,124.2,309.413
2026-02-27T16:59:10+00:00,37.05818781629205,-8.148457696661353,130,2026-02-27T17:33:39.400538+00:00,2316,1,2.216,613.127,132.96,312.96
2026-02-27T16:59:11+00:00,37.058201311156154,-8.148477394133806,130,2026-02-27T17:33:39.400538+00:00,2316,1,2.304,615.431,138.24,310.646
2026-02-27T16:59:12+00:00,37.05821430310607,-8.14849616959691,131,2026-02-27T17:33:39.400538+00:00,2316,1,2.205,617.636,132.3,310.928
2026-02-27T16:59:13+00:00,37.05823207274079,-8.148512346670032,130,2026-02-27T17:33:39.400538+00:00,2316,1,2.442,620.078,146.52,324.002
2026-02-27T16:59:14+00:00,37.05824967473745,-8.148529948666692,130,2026-02-27T17:33:39.400538+00:00,2316,1,2.504,622.582,150.24,321.409
2026-02-27T16:59:15+00:00,37.05826224759221,-8.14854889176786,131,2026-02-27T17:33:39.400538+00:00,2316,1,2.186,624.769,131.16,309.75
2026-02-27T16:59:16+00:00,37.05828613601625,-8.1485606264323,132,2026-02-27T17:33:39.400538+00:00,2316,1,2.853,627.622,171.18,338.594
2026-02-27T16:59:17+00:00,37.05831245519221,-8.148577976971865,132,2026-02-27T17:33:39.400538+00:00,2316,1,3.307,630.929,198.42,332.252
2026-02-27T16:59:18+00:00,37.05833508633077,-8.148595746606588,130,2026-02-27T17:33:39.400538+00:00,2316,1,2.97,633.898,178.2,327.929
2026-02-27T16:59:19+00:00,37.05836232751608,-8.148610414937139,123,2026-02-27T17:33:39.400538+00:00,2316,1,3.297,637.195,197.82,336.747
2026-02-27T16:59:20+00:00,37.058387473225594,-8.14863195642829,119,2026-02-27T17:33:39.400538+00:00,2316,1,3.387,640.582,203.22,325.642
2026-02-27T16:59:21+00:00,37.05841018818319,-8.148652743548155,119,2026-02-27T17:33:39.400538+00:00,2316,1,3.128,643.71,187.68,323.86
2026-02-27T16:59:22+00:00,37.05842787399888,-8.14867202192545,120,2026-02-27T17:33:39.400538+00:00,2316,1,2.607,646.316,156.42,318.981
2026-02-27T16:59:23+00:00,37.05844321288168,-8.148688953369856,123,2026-02-27T17:33:39.400538+00:00,2316,1,2.273,648.589,136.38,318.624
2026-02-27T16:59:24+00:00,37.05845913849771,-8.148708567023277,125,2026-02-27T17:33:39.400538+00:00,2316,1,2.483,651.072,148.98,315.496
2026-02-27T16:59:25+00:00,37.058473471552134,-8.148728515952826,129,2026-02-27T17:33:39.400538+00:00,2316,1,2.382,653.454,142.92,311.998
2026-02-27T16:59:26+00:00,37.05848436802626,-8.148750392720103,131,2026-02-27T17:33:39.400538+00:00,2316,1,2.288,655.742,137.28,301.97
2026-02-27T16:59:27+00:00,37.05849719233811,-8.148770174011588,133,2026-02-27T17:33:39.400538+00:00,2316,1,2.262,658.004,135.72,309.09
2026-02-27T16:59:28+00:00,37.058507753536105,-8.148788278922439,135,2026-02-27T17:33:39.400538+00:00,2316,1,1.99,659.994,119.4,306.166
2026-02-27T16:59:29+00:00,37.05852250568569,-8.148806048557162,136,2026-02-27T17:33:39.400538+00:00,2316,1,2.275,662.269,136.5,316.132
2026-02-27T16:59:30+00:00,37.05853985622525,-8.1488230638206,136,2026-02-27T17:33:39.400538+00:00,2316,1,2.45,664.719,147.0,321.953
2026-02-27T16:59:31+00:00,37.05855603329837,-8.148836307227612,135,2026-02-27T17:33:39.400538+00:00,2316,1,2.149,666.868,128.94,326.843
2026-02-27T16:59:32+00:00,37.05857330001891,-8.148851310834289,134,2026-02-27T17:33:39.400538+00:00,2316,1,2.336,669.204,140.16,325.262
2026-02-27T16:59:33+00:00,37.058590315282345,-8.148871008306742,129,2026-02-27T17:33:39.400538+00:00,2316,1,2.576,671.78,154.56,317.268
2026-02-27T16:59:34+00:00,37.0586047321558,-8.148891041055322,128,2026-02-27T17:33:39.400538+00:00,2316,1,2.394,674.174,143.64,312.045
2026-02-27T16:59:35+00:00,37.05861370079219,-8.148915935307741,127,2026-02-27T17:33:39.400538+00:00,2316,1,2.424,676.597,145.44,294.297
2026-02-27T16:59:36+00:00,37.05862124450505,-8.148938063532114,128,2026-02-27T17:33:39.400538+00:00,2316,1,2.135,678.733,128.1,293.132
2026-02-27T16:59:37+00:00,37.058638259768486,-8.148958096280694,130,2026-02-27T17:33:39.400538+00:00,2316,1,2.596,681.329,155.76,316.785
2026-02-27T16:59:38+00:00,37.05865401774645,-8.14897888340056,132,2026-02-27T17:33:39.400538+00:00,2316,1,2.544,683.873,152.64,313.529
2026-02-27T16:59:39+00:00,37.05867036245763,-8.148998329415917,134,2026-02-27T17:33:39.400538+00:00,2316,1,2.506,686.379,150.36,316.486
2026-02-27T16:59:40+00:00,37.05868368968368,-8.149016853421926,133,2026-02-27T17:33:39.400538+00:00,2316,1,2.213,688.592,132.78,312.036
2026-02-27T16:59:41+00:00,37.05869743600488,-8.149033952504396,132,2026-02-27T17:33:39.400538+00:00,2316,1,2.154,690.746,129.24,315.211
2026-02-27T16:59:42+00:00,37.05870967358351,-8.149049207568169,130,2026-02-27T17:33:39.400538+00:00,2316,1,1.919,692.665,115.14,315.15
2026-02-27T16:59:43+00:00,37.05871034413576,-8.149075275287032,129,2026-02-27T17:33:39.400538+00:00,2316,1,2.314,694.98,138.84,271.846
2026-02-27T16:59:44+00:00,37.05871210433543,-8.149100672453642,129,2026-02-27T17:33:39.400538+00:00,2316,1,2.262,697.242,135.72,274.964
2026-02-27T16:59:45+00:00,37.05871939659119,-8.149121962487698,130,2026-02-27T17:33:39.400538+00:00,2316,1,2.056,699.298,123.36,293.23
2026-02-27T16:59:46+00:00,37.058731969445944,-8.149141911417246,131,2026-02-27T17:33:39.400538+00:00,2316,1,2.256,701.553,135.36,308.301
2026-02-27T16:59:47+00:00,37.05874630250037,-8.14915875904262,133,2026-02-27T17:33:39.400538+00:00,2316,1,2.185,703.738,131.1,316.832
2026-02-27T16:59:48+00:00,37.05876071937382,-8.149175606667995,134,2026-02-27T17:33:39.400538+00:00,2316,1,2.192,705.93,131.52,316.998
2026-02-27T16:59:49+00:00,37.05877245403826,-8.1491909455508,134,2026-02-27T17:33:39.400538+00:00,2316,1,1.886,707.816,113.16,313.791
2026-02-27T16:59:50+00:00,37.058786703273654,-8.149207374081016,132,2026-02-27T17:33:39.400538+00:00,2316,1,2.153,709.969,129.18,317.384
2026-02-27T16:59:51+00:00,37.05880204215646,-8.149220366030931,131,2026-02-27T17:33:39.400538+00:00,2316,1,2.059,712.028,123.54,325.945
2026-02-27T16:59:52+00:00,37.058818973600864,-8.149233609437943,130,2026-02-27T17:33:39.400538+00:00,2316,1,2.219,714.247,133.14,328.028
2026-02-27T16:59:53+00:00,37.058838503435254,-8.149252384901047,126,2026-02-27T17:33:39.400538+00:00,2316,1,2.737,716.984,164.22,322.505
2026-02-27T16:59:54+00:00,37.05885887145996,-8.149268478155136,124,2026-02-27T17:33:39.400538+00:00,2316,1,2.677,719.662,160.62,327.767
2026-02-27T16:59:55+00:00,37.058878066018224,-8.149284487590194,124,2026-02-27T17:33:39.400538+00:00,2316,1,2.564,722.225,153.84,326.352
2026-02-27T16:59:56+00:00,37.05889415927231,-8.14930284395814,126,2026-02-27T17:33:39.400538+00:00,2316,1,2.42,724.645,145.2,317.69
2026-02-27T16:59:57+00:00,37.05890782177448,-8.1493238825351,128,2026-02-27T17:33:39.400538+00:00,2316,1,2.407,727.052,144.42,309.138
2026-02-27T16:59:58+00:00,37.05892299301922,-8.149337461218238,130,2026-02-27T17:33:39.400538+00:00,2316,1,2.073,729.125,124.38,324.464
2026-02-27T16:59:59+00:00,37.0589395891875,-8.149353805929422,133,2026-02-27T17:33:39.400538+00:00,2316,1,2.347,731.472,140.82,321.835
2026-02-27T17:00:00+00:00,37.05895509570837,-8.149368222802877,135,2026-02-27T17:33:39.400538+00:00,2316,1,2.147,733.619,128.82,323.427
2026-02-27T17:00:01+00:00,37.058969009667635,-8.149383226409554,136,2026-02-27T17:33:39.400538+00:00,2316,1,2.041,735.661,122.46,319.288
2026-02-27T17:00:02+00:00,37.058984683826566,-8.149400157853961,137,2026-02-27T17:33:39.400538+00:00,2316,1,2.301,737.962,138.06,319.238
2026-02-27T17:00:03+00:00,37.05900530330837,-8.14941625110805,139,2026-02-27T17:33:39.400538+00:00,2316,1,2.701,740.663,162.06,328.084
2026-02-27T17:00:04+00:00,37.05902198329568,-8.149432679638267,139,2026-02-27T17:33:39.400538+00:00,2316,1,2.359,743.022,141.54,321.833
2026-02-27T17:00:05+00:00,37.05903673544526,-8.14944944344461,139,2026-02-27T17:33:39.400538+00:00,2316,1,2.214,745.236,132.84,317.797
2026-02-27T17:00:06+00:00,37.05905475653708,-8.149467632174492,140,2026-02-27T17:33:39.400538+00:00,2316,1,2.573,747.809,154.38,321.151
2026-02-27T17:00:07+00:00,37.0590690895915,-8.149486910551786,139,2026-02-27T17:33:39.400538+00:00,2316,1,2.338,750.147,140.28,312.974
2026-02-27T17:00:08+00:00,37.05908317118883,-8.149508032947779,137,2026-02-27T17:33:39.400538+00:00,2316,1,2.442,752.59,146.52,309.876
2026-02-27T17:00:09+00:00,37.059096582233906,-8.149531921371818,137,2026-02-27T17:33:39.400538+00:00,2316,1,2.592,755.181,155.52,305.126
2026-02-27T17:00:10+00:00,37.05911435186863,-8.149550445377827,138,2026-02-27T17:33:39.400538+00:00,2316,1,2.57,757.751,154.2,320.243
2026-02-27T17:00:11+00:00,37.05913480371237,-8.149566622450948,139,2026-02-27T17:33:39.400538+00:00,2316,1,2.689,760.441,161.34,327.739
2026-02-27T17:00:12+00:00,37.05915232189,-8.14958581700921,139,2026-02-27T17:33:39.400538+00:00,2316,1,2.588,763.028,155.28,318.834
2026-02-27T17:00:13+00:00,37.05916916951537,-8.149604927748442,140,2026-02-27T17:33:39.400538+00:00,2316,1,2.527,765.555,151.62,317.848
2026-02-27T17:00:14+00:00,37.05918367020786,-8.149621775373816,140,2026-02-27T17:33:39.400538+00:00,2316,1,2.199,767.754,131.94,317.164
2026-02-27T17:00:15+00:00,37.05919641070068,-8.149637198075652,138,2026-02-27T17:33:39.400538+00:00,2316,1,1.97,769.724,118.2,315.99
2026-02-27T17:00:16+00:00,37.05919791944325,-8.14965664409101,136,2026-02-27T17:33:39.400538+00:00,2316,1,1.734,771.457,104.04,275.553
2026-02-27T17:00:17+00:00,37.059214264154434,-8.149674581363797,133,2026-02-27T17:33:39.400538+00:00,2316,1,2.416,773.873,144.96,318.789
2026-02-27T17:00:18+00:00,37.05922683700919,-8.149695033207536,132,2026-02-27T17:33:39.400538+00:00,2316,1,2.291,776.164,137.46,307.609
2026-02-27T17:00:19+00:00,37.05923899076879,-8.149715485051274,132,2026-02-27T17:33:39.400538+00:00,2316,1,2.263,778.427,135.78,306.674
2026-02-27T17:00:20+00:00,37.05924452282488,-8.14975923858583,132,2026-02-27T17:33:39.400538+00:00,2316,1,3.931,782.358,235.86,279.003
2026-02-27T17:00:21+00:00,37.059255335479975,-8.149777175858617,133,2026-02-27T17:33:39.400538+00:00,2316,1,1.995,784.353,119.7,307.067
2026-02-27T17:00:22+00:00,37.05926539376378,-8.149791760370135,134,2026-02-27T17:33:39.400538+00:00,2316,1,1.71,786.063,102.6,310.834
2026-02-27T17:00:23+00:00,37.059276290237904,-8.149809027090669,137,2026-02-27T17:33:39.400538+00:00,2316,1,1.953,788.016,117.18,308.337
2026-02-27T17:00:24+00:00,37.05929146148264,-8.149825287982821,137,2026-02-27T17:33:39.400538+00:00,2316,1,2.22,790.236,133.2,319.459
2026-02-27T17:00:25+00:00,37.05931258387864,-8.149844147264957,136,2026-02-27T17:33:39.400538+00:00,2316,1,2.884,793.12,173.04,324.53
2026-02-27T17:00:26+00:00,37.05933345481753,-8.14986476674676,135,2026-02-27T17:33:39.400538+00:00,2316,1,2.955,796.075,177.3,321.748
2026-02-27T17:00:27+00:00,37.05935616977513,-8.149883961305022,134,2026-02-27T17:33:39.400538+00:00,2316,1,3.046,799.122,182.76,326.007
2026-02-27T17:00:28+00:00,37.059376956894994,-8.149899384006858,134,2026-02-27T17:33:39.400538+00:00,2316,1,2.686,801.808,161.16,329.371
2026-02-27T17:00:29+00:00,37.0593973249197,-8.149917488917708,132,2026-02-27T17:33:39.400538+00:00,2316,1,2.777,804.585,166.62,324.65
2026-02-27T17:00:30+00:00,37.05941542983055,-8.1499351747334,131,2026-02-27T17:33:39.400538+00:00,2316,1,2.553,807.137,153.18,322.062
2026-02-27T17:00:31+00:00,37.0594319421798,-8.149955878034234,130,2026-02-27T17:33:39.400538+00:00,2316,1,2.597,809.735,155.82,314.984
2026-02-27T17:00:32+00:00,37.05944761633873,-8.149978006258607,129,2026-02-27T17:33:39.400538+00:00,2316,1,2.625,812.36,157.5,311.593
2026-02-27T17:00:33+00:00,37.05946438014507,-8.150000888854265,130,2026-02-27T17:33:39.400538+00:00,2316,1,2.756,815.117,165.36,312.553
2026-02-27T17:00:34+00:00,37.059480641037226,-8.150020921602845,132,2026-02-27T17:33:39.400538+00:00,2316,1,2.536,817.652,152.16,315.488
2026-02-27T17:00:35+00:00,37.059492291882634,-8.150039529427886,134,2026-02-27T17:33:39.400538+00:00,2316,1,2.099,819.751,125.94,308.118
2026-02-27T17:00:36+00:00,37.05950528383255,-8.15005637705326,137,2026-02-27T17:33:39.400538+00:00,2316,1,2.079,821.83,124.74,314.019
2026-02-27T17:00:37+00:00,37.059523556381464,-8.15007439814508,139,2026-02-27T17:33:39.400538+00:00,2316,1,2.586,824.415,155.16,321.796
2026-02-27T17:00:38+00:00,37.05954476259649,-8.150091664865613,139,2026-02-27T17:33:39.400538+00:00,2316,1,2.812,827.227,168.72,326.986
2026-02-27T17:00:39+00:00,37.05956689082086,-8.15010859631002,139,2026-02-27T17:33:39.400538+00:00,2316,1,2.883,830.11,172.98,328.592
2026-02-27T17:00:40+00:00,37.05958843231201,-8.150127539411187,139,2026-02-27T17:33:39.400538+00:00,2316,1,2.926,833.037,175.56,324.941
2026-02-27T17:00:41+00:00,37.05960494466126,-8.150146901607513,138,2026-02-27T17:33:39.400538+00:00,2316,1,2.515,835.551,150.9,316.901
2026-02-27T17:00:42+00:00,37.05962128937245,-8.150168610736728,137,2026-02-27T17:33:39.400538+00:00,2316,1,2.648,838.2,158.88,313.334
2026-02-27T17:00:43+00:00,37.05963176675141,-8.150193002074957,137,2026-02-27T17:33:39.400538+00:00,2316,1,2.458,840.658,147.48,298.293
2026-02-27T17:00:44+00:00,37.05964450724423,-8.150214292109013,136,2026-02-27T17:33:39.400538+00:00,2316,1,2.361,843.019,141.66,306.866
2026-02-27T17:00:45+00:00,37.05965900793672,-8.15023373812437,135,2026-02-27T17:33:39.400538+00:00,2316,1,2.362,845.381,141.72,313.059
2026-02-27T17:00:46+00:00,37.059675017371774,-8.150253854691982,135,2026-02-27T17:33:39.400538+00:00,2316,1,2.521,847.902,151.26,314.922
2026-02-27T17:00:47+00:00,37.05968985334039,-8.150271540507674,133,2026-02-27T17:33:39.400538+00:00,2316,1,2.277,850.178,136.62,316.43
2026-02-27T17:00:48+00:00,37.059704940766096,-8.150288974866271,131,2026-02-27T17:33:39.400538+00:00,2316,1,2.282,852.461,136.92,317.32
2026-02-27T17:00:49+00:00,37.05971742980182,-8.15030456520617,129,2026-02-27T17:33:39.400538+00:00,2316,1,1.96,854.421,117.6,315.11
2026-02-27T17:00:50+00:00,37.059730840846896,-8.150318982079625,128,2026-02-27T17:33:39.400538+00:00,2316,1,1.965,856.385,117.9,319.375
2026-02-27T17:00:51+00:00,37.05975020304322,-8.150330800563097,129,2026-02-27T17:33:39.400538+00:00,2316,1,2.395,858.78,143.7,334.029
2026-02-27T17:00:52+00:00,37.059765541926026,-8.150342954322696,130,2026-02-27T17:33:39.400538+00:00,2316,1,2.018,860.798,121.08,327.695
2026-02-27T17:00:53+00:00,37.059781132265925,-8.150356030091643,131,2026-02-27T17:33:39.400538+00:00,2316,1,2.086,862.884,125.16,326.206
2026-02-27T17:00:54+00:00,37.05979370512068,-8.150372123345733,132,2026-02-27T17:33:39.400538+00:00,2316,1,1.998,864.883,119.88,314.392
2026-02-27T17:00:55+00:00,37.059805607423186,-8.150391401723027,132,2026-02-27T17:33:39.400538+00:00,2316,1,2.163,867.046,129.78,307.728
2026-02-27T17:00:56+00:00,37.059814324602485,-8.150415709242225,131,2026-02-27T17:33:39.400538+00:00,2316,1,2.365,869.41,141.9,294.199
2026-02-27T17:00:57+00:00,37.05982714891434,-8.150440771132708,131,2026-02-27T17:33:39.400538+00:00,2316,1,2.642,872.052,158.52,302.669
2026-02-27T17:00:58+00:00,37.05983712337911,-8.150465665385127,132,2026-02-27T17:33:39.400538+00:00,2316,1,2.472,874.524,148.32,296.661
2026-02-27T17:00:59+00:00,37.059851456433535,-8.15048729069531,133,2026-02-27T17:33:39.400538+00:00,2316,1,2.494,877.018,149.64,309.712
2026-02-27T17:01:00+00:00,37.05986830405891,-8.150508077815175,133,2026-02-27T17:33:39.400538+00:00,2316,1,2.629,879.647,157.74,315.444
2026-02-27T17:01:01+00:00,37.05988590605557,-8.15052492544055,133,2026-02-27T17:33:39.400538+00:00,2316,1,2.463,882.11,147.78,322.627
2026-02-27T17:01:02+00:00,37.0599031727761,-8.150541605427861,133,2026-02-27T17:33:39.400538+00:00,2316,1,2.424,884.534,145.44,322.372
2026-02-27T17:01:03+00:00,37.05992043949664,-8.150563146919012,131,2026-02-27T17:33:39.400538+00:00,2316,1,2.709,887.244,162.54,315.127
2026-02-27T17:01:04+00:00,37.059935946017504,-8.150585442781448,131,2026-02-27T17:33:39.400538+00:00,2316,1,2.624,889.868,157.44,311.073
2026-02-27T17:01:05+00:00,37.059951703995466,-8.150609666481614,131,2026-02-27T17:33:39.400538+00:00,2316,1,2.773,892.641,166.38,309.186
2026-02-27T17:01:06+00:00,37.05996762961149,-8.150631207972765,131,2026-02-27T17:33:39.400538+00:00,2316,1,2.606,895.247,156.36,312.813
2026-02-27T17:01:07+00:00,37.05998213030398,-8.150650067254901,130,2026-02-27T17:33:39.400538+00:00,2316,1,2.324,897.571,139.44,313.935
2026-02-27T17:01:08+00:00,37.059998977929354,-8.150669177994132,131,2026-02-27T17:33:39.400538+00:00,2316,1,2.527,900.098,151.62,317.849
2026-02-27T17:01:09+00:00,37.060016160830855,-8.1506915576756,131,2026-02-27T17:33:39.400538+00:00,2316,1,2.756,902.853,165.36,313.895
2026-02-27T17:01:10+00:00,37.060028398409486,-8.150715613737702,131,2026-02-27T17:33:39.400538+00:00,2316,1,2.531,905.385,151.86,302.517
2026-02-27T17:01:11+00:00,37.06004616804421,-8.150740005075932,129,2026-02-27T17:33:39.400538+00:00,2316,1,2.931,908.315,175.86,312.394
2026-02-27T17:01:12+00:00,37.06005874089897,-8.150764061138034,128,2026-02-27T17:33:39.400538+00:00,2316,1,2.552,910.867,153.12,303.223
2026-02-27T17:01:13+00:00,37.06007374450565,-8.150784680619836,128,2026-02-27T17:33:39.400538+00:00,2316,1,2.476,913.343,148.56,312.359
2026-02-27T17:01:14+00:00,37.06008547917008,-8.150801360607147,130,2026-02-27T17:33:39.400538+00:00,2316,1,1.973,915.316,118.38,311.399
2026-02-27T17:01:15+00:00,37.06009805202484,-8.1508210580796,133,2026-02-27T17:33:39.400538+00:00,2316,1,2.238,917.554,134.28,308.655
2026-02-27T17:01:16+00:00,37.06011112779379,-8.150841342285275,133,2026-02-27T17:33:39.400538+00:00,2316,1,2.314,919.868,138.84,308.931
2026-02-27T17:01:17+00:00,37.06012629903853,-8.150861039757729,133,2026-02-27T17:33:39.400538+00:00,2316,1,2.429,922.297,145.74,313.985
2026-02-27T17:01:18+00:00,37.06014130264521,-8.150881491601467,133,2026-02-27T17:33:39.400538+00:00,2316,1,2.465,924.762,147.9,312.592
2026-02-27T17:01:19+00:00,37.06015798263252,-8.150897668674588,134,2026-02-27T17:33:39.400538+00:00,2316,1,2.345,927.108,140.7,322.262
2026-02-27T17:01:20+00:00,37.060175416991115,-8.150912169367075,135,2026-02-27T17:33:39.400538+00:00,2316,1,2.327,929.435,139.62,326.427
2026-02-27T17:01:21+00:00,37.06019025295973,-8.150927759706974,137,2026-02-27T17:33:39.400538+00:00,2316,1,2.153,931.588,129.18,320.018
2026-02-27T17:01:22+00:00,37.06019729375839,-8.150946786627173,137,2026-02-27T17:33:39.400538+00:00,2316,1,1.861,933.449,111.66,294.878
2026-02-27T17:01:23+00:00,37.06020726822317,-8.150966987013817,135,2026-02-27T17:33:39.400538+00:00,2316,1,2.108,935.556,126.48,301.748
2026-02-27T17:01:24+00:00,37.06021673977375,-8.150979978963733,134,2026-02-27T17:33:39.400538+00:00,2316,1,1.561,937.118,93.66,312.414
2026-02-27T17:01:25+00:00,37.06022897735238,-8.150983164086938,134,2026-02-27T17:33:39.400538+00:00,2316,1,1.39,938.508,83.4,348.267
2026-02-27T17:01:26+00:00,37.06023467704654,-8.150976626202464,134,2026-02-27T17:33:39.400538+00:00,2316,1,0.859,939.367,51.54,42.47
2026-02-27T17:01:27+00:00,37.0602451544255,-8.150959694758058,135,2026-02-27T17:33:39.400538+00:00,2316,1,1.901,941.268,114.06,52.208
2026-02-27T17:01:28+00:00,37.060251189395785,-8.150941589847207,135,2026-02-27T17:33:39.400538+00:00,2316,1,1.741,943.009,104.46,67.329
2026-02-27T17:01:29+00:00,37.0602573081851,-8.150922898203135,135,2026-02-27T17:33:39.400538+00:00,2316,1,1.793,944.802,107.58,67.696
2026-02-27T17:01:30+00:00,37.06026652827859,-8.150905799120665,137,2026-02-27T17:33:39.400538+00:00,2316,1,1.831,946.633,109.86,55.953
2026-02-27T17:01:31+00:00,37.06027767620981,-8.150884760543704,138,2026-02-27T17:33:39.400538+00:00,2316,1,2.241,948.874,134.46,56.415
2026-02-27T17:01:32+00:00,37.060291673988104,-8.150866739451885,140,2026-02-27T17:33:39.400538+00:00,2316,1,2.232,951.105,133.92,45.773
2026-02-27T17:01:33+00:00,37.06030868925154,-8.150850310921669,141,2026-02-27T17:33:39.400538+00:00,2316,1,2.388,953.494,143.28,37.614
2026-02-27T17:01:34+00:00,37.060324028134346,-8.15082935616374,142,2026-02-27T17:33:39.400538+00:00,2316,1,2.523,956.017,151.38,47.47
2026-02-27T17:01:35+00:00,37.06033651717007,-8.150809658691287,143,2026-02-27T17:33:39.400538+00:00,2316,1,2.232,958.249,133.92,51.532
2026-02-27T17:01:36+00:00,37.06035009585321,-8.15079121850431,143,2026-02-27T17:33:39.400538+00:00,2316,1,2.226,960.476,133.56,47.3
2026-02-27T17:01:37+00:00,37.06036292016506,-8.150770850479603,142,2026-02-27T17:33:39.400538+00:00,2316,1,2.302,962.778,138.12,51.726
2026-02-27T17:01:38+00:00,37.06037423573434,-8.150748806074262,141,2026-02-27T17:33:39.400538+00:00,2316,1,2.326,965.104,139.56,57.249
2026-02-27T17:01:39+00:00,37.06038882024586,-8.150729862973094,140,2026-02-27T17:33:39.400538+00:00,2316,1,2.336,967.439,140.16,46.026
2026-02-27T17:01:40+00:00,37.060404578223825,-8.150712763890624,141,2026-02-27T17:33:39.400538+00:00,2316,1,2.318,969.757,139.08,40.89
2026-02-27T17:01:41+00:00,37.06042058765888,-8.150695664808154,140,2026-02-27T17:33:39.400538+00:00,2316,1,2.339,972.096,140.34,40.441
2026-02-27T17:01:42+00:00,37.0604370161891,-8.150675967335701,139,2026-02-27T17:33:39.400538+00:00,2316,1,2.528,974.625,151.68,43.735
2026-02-27T17:01:43+00:00,37.0604594796896,-8.15065249800682,139,2026-02-27T17:33:39.400538+00:00,2316,1,3.252,977.877,195.12,39.819
2026-02-27T17:01:44+00:00,37.060476411134005,-8.15063095651567,140,2026-02-27T17:33:39.400538+00:00,2316,1,2.683,980.56,160.98,45.434
2026-02-27T17:01:45+00:00,37.06049334257841,-8.150612181052566,141,2026-02-27T17:33:39.400538+00:00,2316,1,2.514,983.074,150.84,41.506
2026-02-27T17:01:46+00:00,37.06051186658442,-8.15059533342719,141,2026-02-27T17:33:39.400538+00:00,2316,1,2.545,985.619,152.7,35.971
2026-02-27T17:01:47+00:00,37.06052795983851,-8.150576641783118,140,2026-02-27T17:33:39.400538+00:00,2316,1,2.44,988.059,146.4,42.826
2026-02-27T17:01:48+00:00,37.06054413691163,-8.150559458881617,139,2026-02-27T17:33:39.400538+00:00,2316,1,2.358,990.417,141.48,40.285
2026-02-27T17:01:49+00:00,37.06055989488959,-8.150542275980115,140,2026-02-27T17:33:39.400538+00:00,2316,1,2.323,992.739,139.38,41.028
2026-02-27T17:01:50+00:00,37.06057732924819,-8.150520315393806,140,2026-02-27T17:33:39.400538+00:00,2316,1,2.749,995.488,164.94,45.148
2026-02-27T17:01:51+00:00,37.06059736199677,-8.150497516617179,140,2026-02-27T17:33:39.400538+00:00,2316,1,3.009,998.497,180.54,42.245
2026-02-27T17:01:52+00:00,37.060617143288255,-8.150475136935711,141,2026-02-27T17:33:39.400538+00:00,2316,1,2.963,1001.461,177.78,42.076
2026-02-27T17:01:53+00:00,37.0606320630759,-8.150456612929702,142,2026-02-27T17:33:39.400538+00:00,2316,1,2.335,1003.796,140.1,44.734
2026-02-27T17:01:54+00:00,37.0606442168355,-8.150440938770771,143,2026-02-27T17:33:39.400538+00:00,2316,1,1.939,1005.735,116.34,45.823
2026-02-27T17:01:55+00:00,37.06065511330962,-8.150425683706999,143,2026-02-27T17:33:39.400538+00:00,2316,1,1.817,1007.552,109.02,48.168
2026-02-27T17:01:56+00:00,37.06067070364952,-8.150407830253243,144,2026-02-27T17:33:39.400538+00:00,2316,1,2.348,1009.9,140.88,42.422
2026-02-27T17:01:57+00:00,37.06068931147456,-8.150389641523361,144,2026-02-27T17:33:39.400538+00:00,2316,1,2.624,1012.524,157.44,37.955
2026-02-27T17:01:58+00:00,37.060708086937666,-8.150370446965098,143,2026-02-27T17:33:39.400538+00:00,2316,1,2.694,1015.219,161.64,39.208
2026-02-27T17:01:59+00:00,37.060725186020136,-8.15035292878747,143,2026-02-27T17:33:39.400538+00:00,2316,1,2.456,1017.675,147.36,39.268
2026-02-27T17:02:00+00:00,37.06073792651296,-8.15033876337111,143,2026-02-27T17:33:39.400538+00:00,2316,1,1.894,1019.569,113.64,41.581
2026-02-27T17:02:01+00:00,37.0607496611774,-8.150324514135718,143,2026-02-27T17:33:39.400538+00:00,2316,1,1.817,1021.385,109.02,44.098
2026-02-27T17:02:02+00:00,37.06076458096504,-8.15030800178647,143,2026-02-27T17:33:39.400538+00:00,2316,1,2.213,1023.599,132.78,41.45
2026-02-27T17:02:03+00:00,37.06077815964818,-8.150289477780461,144,2026-02-27T17:33:39.400538+00:00,2316,1,2.232,1025.831,133.92,47.43
2026-02-27T17:02:04+00:00,37.06079852767289,-8.150260727852583,143,2026-02-27T17:33:39.400538+00:00,2316,1,3.411,1029.242,204.66,48.402
2026-02-27T17:02:05+00:00,37.06082082353532,-8.150233821943402,143,2026-02-27T17:33:39.400538+00:00,2316,1,3.442,1032.684,206.52,43.92
2026-02-27T17:02:06+00:00,37.06083322875202,-8.150214962661266,142,2026-02-27T17:33:39.400538+00:00,2316,1,2.169,1034.853,130.14,50.502
2026-02-27T17:02:07+00:00,37.06084705889225,-8.15019459463656,142,2026-02-27T17:33:39.400538+00:00,2316,1,2.373,1037.226,142.38,49.606
2026-02-27T17:02:08+00:00,37.060859045013785,-8.150174226611853,142,2026-02-27T17:33:39.400538+00:00,2316,1,2.246,1039.471,134.76,53.593
2026-02-27T17:02:09+00:00,37.06087337806821,-8.150153523311019,142,2026-02-27T17:33:39.400538+00:00,2316,1,2.432,1041.903,145.92,49.056
2026-02-27T17:02:10+00:00,37.06088813021779,-8.150133825838566,139,2026-02-27T17:33:39.400538+00:00,2316,1,2.397,1044.3,143.82,46.816
2026-02-27T17:02:11+00:00,37.06090372055769,-8.150111865252256,139,2026-02-27T17:33:39.400538+00:00,2316,1,2.608,1046.909,156.48,48.343
2026-02-27T17:02:12+00:00,37.06092023290694,-8.15008856356144,140,2026-02-27T17:33:39.400538+00:00,2316,1,2.765,1049.674,165.9,48.394
2026-02-27T17:02:13+00:00,37.06093196757138,-8.150068279355764,141,2026-02-27T17:33:39.400538+00:00,2316,1,2.223,1051.897,133.38,54.059
2026-02-27T17:02:14+00:00,37.06094386987388,-8.150048162788153,141,2026-02-27T17:33:39.400538+00:00,2316,1,2.222,1054.119,133.32,53.445
2026-02-27T17:02:15+00:00,37.06095593981445,-8.150024190545082,141,2026-02-27T17:33:39.400538+00:00,2316,1,2.515,1056.634,150.9,57.75
2026-02-27T17:02:16+00:00,37.06097069196403,-8.150000469759107,140,2026-02-27T17:33:39.400538+00:00,2316,1,2.669,1059.303,160.14,52.069
2026-02-27T17:02:17+00:00,37.06098929978907,-8.1499766651541,139,2026-02-27T17:33:39.400538+00:00,2316,1,2.957,1062.259,177.42,45.591
2026-02-27T17:02:18+00:00,37.0610033813864,-8.149953866377473,137,2026-02-27T17:33:39.400538+00:00,2316,1,2.558,1064.818,153.48,52.26
2026-02-27T17:02:19+00:00,37.06101796589792,-8.149933414533734,134,2026-02-27T17:33:39.400538+00:00,2316,1,2.434,1067.251,146.04,48.215
2026-02-27T17:02:20+00:00,37.06103162840009,-8.14991656690836,134,2026-02-27T17:33:39.400538+00:00,2316,1,2.131,1069.383,127.86,44.539
2026-02-27T17:02:21+00:00,37.06104638054967,-8.149901228025556,135,2026-02-27T17:33:39.400538+00:00,2316,1,2.131,1071.514,127.86,39.684
2026-02-27T17:02:22+00:00,37.06106339581311,-8.149883290752769,136,2026-02-27T17:33:39.400538+00:00,2316,1,2.472,1073.987,148.32,40.072
2026-02-27T17:02:23+00:00,37.061081416904926,-8.149864599108696,137,2026-02-27T17:33:39.400538+00:00,2316,1,2.601,1076.588,156.06,39.614
2026-02-27T17:02:24+00:00,37.06109834834933,-8.149848422035575,138,2026-02-27T17:33:39.400538+00:00,2316,1,2.367,1078.955,142.02,37.323
2026-02-27T17:02:25+00:00,37.06111242994666,-8.149833250790834,139,2026-02-27T17:33:39.400538+00:00,2316,1,2.065,1081.02,123.9,40.687
2026-02-27T17:02:26+00:00,37.06112466752529,-8.14980810508132,140,2026-02-27T17:33:39.400538+00:00,2316,1,2.613,1083.634,156.78,58.623
2026-02-27T17:02:27+00:00,37.06114067696035,-8.149784803390503,141,2026-02-27T17:33:39.400538+00:00,2316,1,2.728,1086.362,163.68,49.272
2026-02-27T17:02:28+00:00,37.06115819513798,-8.149761920794845,141,2026-02-27T17:33:39.400538+00:00,2316,1,2.814,1089.176,168.84,46.188
2026-02-27T17:02:29+00:00,37.06117236055434,-8.149743312969804,137,2026-02-27T17:33:39.400538+00:00,2316,1,2.282,1091.458,136.92,46.349
2026-02-27T17:02:30+00:00,37.061187867075205,-8.149726213887334,136,2026-02-27T17:33:39.400538+00:00,2316,1,2.297,1093.755,137.82,41.346
2026-02-27T17:02:31+00:00,37.06120236776769,-8.149710958823562,136,2026-02-27T17:33:39.400538+00:00,2316,1,2.105,1095.86,126.3,40.014
2026-02-27T17:02:32+00:00,37.06121636554599,-8.149697883054614,137,2026-02-27T17:33:39.400538+00:00,2316,1,1.941,1097.801,116.46,36.702
2026-02-27T17:02:33+00:00,37.06122877076268,-8.149684891104698,137,2026-02-27T17:33:39.400538+00:00,2316,1,1.798,1099.599,107.88,39.887
2026-02-27T17:02:34+00:00,37.06124452874064,-8.14967080950737,137,2026-02-27T17:33:39.400538+00:00,2316,1,2.152,1101.751,129.12,35.493
2026-02-27T17:02:35+00:00,37.06126095727086,-8.1496537104249,136,2026-02-27T17:33:39.400538+00:00,2316,1,2.375,1104.126,142.5,39.712
2026-02-27T17:02:36+00:00,37.061278726905584,-8.14963216893375,134,2026-02-27T17:33:39.400538+00:00,2316,1,2.749,1106.875,164.94,44.05
2026-02-27T17:02:37+00:00,37.061293898150325,-8.14960777759552,133,2026-02-27T17:33:39.400538+00:00,2316,1,2.744,1109.619,164.64,52.065
2026-02-27T17:02:38+00:00,37.061310075223446,-8.149582967162132,132,2026-02-27T17:33:39.400538+00:00,2316,1,2.843,1112.462,170.58,50.748
2026-02-27T17:02:39+00:00,37.0613244920969,-8.14956427551806,131,2026-02-27T17:33:39.400538+00:00,2316,1,2.307,1114.768,138.42,45.974
2026-02-27T17:02:40+00:00,37.06133916042745,-8.149544410407543,132,2026-02-27T17:33:39.400538+00:00,2316,1,2.402,1117.17,144.12,47.221
2026-02-27T17:02:41+00:00,37.06135240383446,-8.14952370710671,132,2026-02-27T17:33:39.400538+00:00,2316,1,2.354,1119.524,141.24,51.284
2026-02-27T17:02:42+00:00,37.06136715598405,-8.149503841996193,133,2026-02-27T17:33:39.400538+00:00,2316,1,2.408,1121.932,144.48,47.059
2026-02-27T17:02:43+00:00,37.06138467416167,-8.149481546133757,136,2026-02-27T17:33:39.400538+00:00,2316,1,2.776,1124.709,166.56,45.444
2026-02-27T17:02:44+00:00,37.06140361726284,-8.149459837004542,138,2026-02-27T17:33:39.400538+00:00,2316,1,2.854,1127.563,171.24,42.443
2026-02-27T17:02:45+00:00,37.06142373383045,-8.149439385160804,138,2026-02-27T17:33:39.400538+00:00,2316,1,2.88,1130.444,172.8,39.052
2026-02-27T17:02:46+00:00,37.061446784064174,-8.149419268593192,137,2026-02-27T17:33:39.400538+00:00,2316,1,3.123,1133.567,187.38,34.854
2026-02-27T17:02:47+00:00,37.06146597862244,-8.149398565292358,135,2026-02-27T17:33:39.400538+00:00,2316,1,2.816,1136.383,168.96,40.719
2026-02-27T17:02:48+00:00,37.061479054391384,-8.149382472038269,134,2026-02-27T17:33:39.400538+00:00,2316,1,2.038,1138.421,122.28,44.484
2026-02-27T17:02:49+00:00,37.06149313598871,-8.14937031827867,133,2026-02-27T17:33:39.400538+00:00,2316,1,1.901,1140.322,114.06,34.557
2026-02-27T17:02:50+00:00,37.061510402709246,-8.149355482310057,134,2026-02-27T17:33:39.400538+00:00,2316,1,2.328,1142.65,139.68,34.437
2026-02-27T17:02:51+00:00,37.061525490134954,-8.14933662302792,136,2026-02-27T17:33:39.400538+00:00,2316,1,2.37,1145.02,142.2,44.928
2026-02-27T17:02:52+00:00,37.06153797917068,-8.149317344650626,136,2026-02-27T17:33:39.400538+00:00,2316,1,2.203,1147.223,132.18,50.929
2026-02-27T17:02:53+00:00,37.06155306659639,-8.149294545874,136,2026-02-27T17:33:39.400538+00:00,2316,1,2.628,1149.851,157.68,50.331
2026-02-27T17:02:54+00:00,37.06156731583178,-8.149271160364151,137,2026-02-27T17:33:39.400538+00:00,2316,1,2.611,1152.462,156.66,52.636
2026-02-27T17:02:55+00:00,37.061583660542965,-8.149246769025922,136,2026-02-27T17:33:39.400538+00:00,2316,1,2.826,1155.288,169.56,49.978
2026-02-27T17:02:56+00:00,37.061596401035786,-8.149225981906056,136,2026-02-27T17:33:39.400538+00:00,2316,1,2.326,1157.614,139.56,52.474
2026-02-27T17:02:57+00:00,37.0616078004241,-8.149207290261984,136,2026-02-27T17:33:39.400538+00:00,2316,1,2.087,1159.701,125.22,52.611
2026-02-27T17:02:58+00:00,37.06162003800273,-8.149188682436943,136,2026-02-27T17:33:39.400538+00:00,2316,1,2.14,1161.841,128.4,50.507
2026-02-27T17:02:59+00:00,37.06163479015231,-8.149170074611902,137,2026-02-27T17:33:39.400538+00:00,2316,1,2.327,1164.168,139.62,45.187
2026-02-27T17:03:00+00:00,37.06165230832994,-8.149149203673005,138,2026-02-27T17:33:39.400538+00:00,2316,1,2.688,1166.856,161.28,43.553
2026-02-27T17:03:01+00:00,37.061669658869505,-8.149128332734108,139,2026-02-27T17:33:39.400538+00:00,2316,1,2.674,1169.53,160.44,43.828
2026-02-27T17:03:02+00:00,37.06168751232326,-8.149107545614243,139,2026-02-27T17:33:39.400538+00:00,2316,1,2.71,1172.24,162.6,42.896
2026-02-27T17:03:03+00:00,37.061714669689536,-8.149074604734778,139,2026-02-27T17:33:39.400538+00:00,2316,1,4.203,1176.443,252.18,44.066
2026-02-27T17:03:04+00:00,37.061733612790704,-8.14904778264463,139,2026-02-27T17:33:39.400538+00:00,2316,1,3.178,1179.621,190.68,48.49
2026-02-27T17:03:05+00:00,37.06174861639738,-8.14902582205832,139,2026-02-27T17:33:39.400538+00:00,2316,1,2.565,1182.186,153.9,49.431
2026-02-27T17:03:06+00:00,37.061763955280185,-8.149006543681026,140,2026-02-27T17:33:39.400538+00:00,2316,1,2.416,1184.602,144.96,45.084
2026-02-27T17:03:07+00:00,37.061780048534274,-8.148986427113414,140,2026-02-27T17:33:39.400538+00:00,2316,1,2.528,1187.129,151.68,44.928
2026-02-27T17:03:08+00:00,37.061795303598046,-8.148966142907739,140,2026-02-27T17:33:39.400538+00:00,2316,1,2.473,1189.603,148.38,46.697
2026-02-27T17:03:09+00:00,37.06181164830923,-8.14894711598754,138,2026-02-27T17:33:39.400538+00:00,2316,1,2.481,1192.083,148.86,42.89
2026-02-27T17:03:10+00:00,37.06183159723878,-8.14892079681158,137,2026-02-27T17:33:39.400538+00:00,2316,1,3.221,1195.304,193.26,46.473
2026-02-27T17:03:11+00:00,37.061848025768995,-8.14890269190073,134,2026-02-27T17:33:39.400538+00:00,2316,1,2.433,1197.737,145.98,41.329
2026-02-27T17:03:12+00:00,37.06185984425247,-8.148889699950814,133,2026-02-27T17:33:39.400538+00:00,2316,1,1.748,1199.485,104.88,41.258
2026-02-27T17:03:13+00:00,37.061873422935605,-8.148871343582869,133,2026-02-27T17:33:39.400538+00:00,2316,1,2.221,1201.706,133.26,47.17
2026-02-27T17:03:14+00:00,37.06188700161874,-8.14884603023529,133,2026-02-27T17:33:39.400538+00:00,2316,1,2.706,1204.412,162.36,56.09
2026-02-27T17:03:15+00:00,37.061905190348625,-8.148816106840968,133,2026-02-27T17:33:39.400538+00:00,2316,1,3.338,1207.75,200.28,52.703
2026-02-27T17:03:16+00:00,37.061916757375,-8.148796828463674,133,2026-02-27T17:33:39.400538+00:00,2316,1,2.14,1209.89,128.4,53.061
2026-02-27T17:03:17+00:00,37.06192983314395,-8.14877662807703,132,2026-02-27T17:33:39.400538+00:00,2316,1,2.308,1212.198,138.48,50.952
2026-02-27T17:03:18+00:00,37.06194466911256,-8.148755338042974,132,2026-02-27T17:33:39.400538+00:00,2316,1,2.508,1214.706,150.48,48.87
2026-02-27T17:03:19+00:00,37.06195916980505,-8.148733209818602,131,2026-02-27T17:33:39.400538+00:00,2316,1,2.541,1217.247,152.46,50.607
2026-02-27T17:03:20+00:00,37.06197325140238,-8.148713344708085,132,2026-02-27T17:33:39.400538+00:00,2316,1,2.358,1219.605,141.48,48.385
2026-02-27T17:03:21+00:00,37.061990685760975,-8.14869306050241,132,2026-02-27T17:33:39.400538+00:00,2316,1,2.645,1222.25,158.7,42.874
2026-02-27T17:03:22+00:00,37.06201088614762,-8.148668920621276,132,2026-02-27T17:33:39.400538+00:00,2316,1,3.104,1225.354,186.24,43.64
2026-02-27T17:03:23+00:00,37.062029745429754,-8.148647043853998,132,2026-02-27T17:33:39.400538+00:00,2316,1,2.858,1228.211,171.48,42.789
2026-02-27T17:03:24+00:00,37.06204701215029,-8.148626424372196,132,2026-02-27T17:33:39.400538+00:00,2316,1,2.652,1230.864,159.12,43.619
2026-02-27T17:03:25+00:00,37.06206779927015,-8.148605804890394,133,2026-02-27T17:33:39.400538+00:00,2316,1,2.948,1233.811,176.88,38.363
2026-02-27T17:03:26+00:00,37.062083557248116,-8.14858853816986,134,2026-02-27T17:33:39.400538+00:00,2316,1,2.328,1236.139,139.68,41.166
2026-02-27T17:03:27+00:00,37.06209931522608,-8.148568589240313,135,2026-02-27T17:33:39.400538+00:00,2316,1,2.491,1238.63,149.46,45.291
2026-02-27T17:03:28+00:00,37.06211859360337,-8.148546209558845,135,2026-02-27T17:33:39.400538+00:00,2316,1,2.922,1241.552,175.32,42.811
2026-02-27T17:03:29+00:00,37.06214147619903,-8.14852349460125,136,2026-02-27T17:33:39.400538+00:00,2316,1,3.246,1244.798,194.76,38.384
2026-02-27T17:03:30+00:00,37.06216209568083,-8.148503545671701,136,2026-02-27T17:33:39.400538+00:00,2316,1,2.897,1247.694,173.82,37.669
2026-02-27T17:03:31+00:00,37.06218229606747,-8.148483345285058,136,2026-02-27T17:33:39.400538+00:00,2316,1,2.874,1250.568,172.44,38.589
2026-02-27T17:03:32+00:00,37.062200317159295,-8.148461887612939,136,2026-02-27T17:33:39.400538+00:00,2316,1,2.764,1253.332,165.84,43.536
2026-02-27T17:03:33+00:00,37.06221666187048,-8.148443112149835,137,2026-02-27T17:33:39.400538+00:00,2316,1,2.465,1255.798,147.9,42.51
2026-02-27T17:03:34+00:00,37.06223619170487,-8.148422241210938,136,2026-02-27T17:33:39.400538+00:00,2316,1,2.854,1258.652,171.24,40.457
2026-02-27T17:03:35+00:00,37.06225739791989,-8.148400029167533,133,2026-02-27T17:33:39.400538+00:00,2316,1,3.073,1261.725,184.38,39.89
2026-02-27T17:03:36+00:00,37.06227567046881,-8.14837982878089,131,2026-02-27T17:33:39.400538+00:00,2316,1,2.709,1264.434,162.54,41.418
2026-02-27T17:03:37+00:00,37.06229310482741,-8.148361137136817,131,2026-02-27T17:33:39.400538+00:00,2316,1,2.551,1266.986,153.06,40.548
2026-02-27T17:03:38+00:00,37.06230861134827,-8.14834177494049,132,2026-02-27T17:33:39.400538+00:00,2316,1,2.434,1269.42,146.04,44.897
2026-02-27T17:03:39+00:00,37.06232378259301,-8.148327860981226,133,2026-02-27T17:33:39.400538+00:00,2316,1,2.09,1271.51,125.4,36.199
2026-02-27T17:03:40+00:00,37.06233778037131,-8.14831679686904,135,2026-02-27T17:33:39.400538+00:00,2316,1,1.84,1273.35,110.4,32.241
2026-02-27T17:03:41+00:00,37.06235429272056,-8.14830263145268,135,2026-02-27T17:33:39.400538+00:00,2316,1,2.225,1275.575,133.5,34.394
2026-02-27T17:03:42+00:00,37.062369380146265,-8.148285867646337,134,2026-02-27T17:33:39.400538+00:00,2316,1,2.242,1277.818,134.52,41.562
2026-02-27T17:03:43+00:00,37.0623850543052,-8.148269020020962,134,2026-02-27T17:33:39.400538+00:00,2316,1,2.296,1280.114,137.76,40.62
2026-02-27T17:03:44+00:00,37.062402069568634,-8.148252088576555,134,2026-02-27T17:33:39.400538+00:00,2316,1,2.416,1282.53,144.96,38.451
2026-02-27T17:03:45+00:00,37.06241522915661,-8.148237839341164,135,2026-02-27T17:33:39.400538+00:00,2316,1,1.934,1284.464,116.04,40.829
2026-02-27T17:03:46+00:00,37.062425622716546,-8.148226691409945,136,2026-02-27T17:33:39.400538+00:00,2316,1,1.521,1285.985,91.26,40.56
2026-02-27T17:03:47+00:00,37.06244062632322,-8.148209005594254,137,2026-02-27T17:33:39.400538+00:00,2316,1,2.29,1288.275,137.4,43.248
2026-02-27T17:03:48+00:00,37.06246040761471,-8.148191906511784,137,2026-02-27T17:33:39.400538+00:00,2316,1,2.672,1290.947,160.32,34.597
2026-02-27T17:03:49+00:00,37.06247859634459,-8.148173466324806,138,2026-02-27T17:33:39.400538+00:00,2316,1,2.601,1293.549,156.06,38.973
2026-02-27T17:03:50+00:00,37.062497371807694,-8.14815410412848,139,2026-02-27T17:33:39.400538+00:00,2316,1,2.704,1296.253,162.24,39.451
2026-02-27T17:03:51+00:00,37.0625177398324,-8.14813214354217,139,2026-02-27T17:33:39.400538+00:00,2316,1,2.988,1299.24,179.28,40.708
2026-02-27T17:03:52+00:00,37.06253668293357,-8.148115379735827,138,2026-02-27T17:33:39.400538+00:00,2316,1,2.579,1301.819,154.74,35.229
2026-02-27T17:03:53+00:00,37.062555542215705,-8.148101214319468,137,2026-02-27T17:33:39.400538+00:00,2316,1,2.445,1304.264,146.7,30.937
2026-02-27T17:03:54+00:00,37.06257389858365,-8.148084785789251,136,2026-02-27T17:33:39.400538+00:00,2316,1,2.508,1306.772,150.48,35.533
2026-02-27T17:03:55+00:00,37.06259460188448,-8.148065591230989,135,2026-02-27T17:33:39.400538+00:00,2316,1,2.864,1309.636,171.84,36.495
2026-02-27T17:03:56+00:00,37.062614718452096,-8.148051677271724,136,2026-02-27T17:33:39.400538+00:00,2316,1,2.555,1312.191,153.3,28.896
2026-02-27T17:03:57+00:00,37.06263282336295,-8.148041116073728,136,2026-02-27T17:33:39.400538+00:00,2316,1,2.221,1314.411,133.26,24.961
2026-02-27T17:03:58+00:00,37.06264581531286,-8.148035584017634,137,2026-02-27T17:33:39.400538+00:00,2316,1,1.526,1315.937,91.56,18.767
2026-02-27T17:03:59+00:00,37.06266299821437,-8.148024771362543,138,2026-02-27T17:33:39.400538+00:00,2316,1,2.138,1318.075,128.28,26.663
2026-02-27T17:04:00+00:00,37.06267640925944,-8.148013120517135,139,2026-02-27T17:33:39.400538+00:00,2316,1,1.815,1319.889,108.9,34.731
2026-02-27T17:04:01+00:00,37.06268965266645,-8.148001553490758,140,2026-02-27T17:33:39.400538+00:00,2316,1,1.795,1321.684,107.7,34.875
2026-02-27T17:04:02+00:00,37.06270758993924,-8.147986633703113,140,2026-02-27T17:33:39.400538+00:00,2316,1,2.394,1324.078,143.64,33.574
2026-02-27T17:04:03+00:00,37.06272619776428,-8.14797087572515,139,2026-02-27T17:33:39.400538+00:00,2316,1,2.497,1326.576,149.82,34.049
2026-02-27T17:04:04+00:00,37.06274312920869,-8.147959392517805,139,2026-02-27T17:33:39.400538+00:00,2316,1,2.141,1328.716,128.46,28.422
2026-02-27T17:04:05+00:00,37.062759306281805,-8.147947825491428,140,2026-02-27T17:33:39.400538+00:00,2316,1,2.071,1330.787,124.26,29.708
2026-02-27T17:04:06+00:00,37.06277875229716,-8.147930894047022,139,2026-02-27T17:33:39.400538+00:00,2316,1,2.633,1333.42,157.98,34.791
2026-02-27T17:04:07+00:00,37.06279811449349,-8.147913627326488,138,2026-02-27T17:33:39.400538+00:00,2316,1,2.642,1336.063,158.52,35.436
2026-02-27T17:04:08+00:00,37.06281772814691,-8.147893343120813,136,2026-02-27T17:33:39.400538+00:00,2316,1,2.828,1338.89,169.68,39.531
2026-02-27T17:04:09+00:00,37.062839940190315,-8.147869287058711,136,2026-02-27T17:33:39.400538+00:00,2316,1,3.264,1342.155,195.84,40.834
2026-02-27T17:04:10+00:00,37.062854524701834,-8.147847075015306,136,2026-02-27T17:33:39.400538+00:00,2316,1,2.552,1344.707,153.12,50.551
2026-02-27T17:04:11+00:00,37.062874641269445,-8.14782184548676,137,2026-02-27T17:33:39.400538+00:00,2316,1,3.165,1347.872,189.9,45.023
2026-02-27T17:04:12+00:00,37.06289333291352,-8.147800052538514,137,2026-02-27T17:33:39.400538+00:00,2316,1,2.839,1350.711,170.34,42.934
2026-02-27T17:04:13+00:00,37.06290774978697,-8.147783540189266,138,2026-02-27T17:33:39.400538+00:00,2316,1,2.172,1352.882,130.32,42.426
2026-02-27T17:04:14+00:00,37.06292258575559,-8.147770129144192,138,2026-02-27T17:33:39.400538+00:00,2316,1,2.034,1354.917,122.04,35.804
2026-02-27T17:04:15+00:00,37.06294127739966,-8.14775487408042,138,2026-02-27T17:33:39.400538+00:00,2316,1,2.48,1357.397,148.8,33.075
2026-02-27T17:04:16+00:00,37.06295653246343,-8.147738948464394,135,2026-02-27T17:33:39.400538+00:00,2316,1,2.208,1359.605,132.48,39.796
2026-02-27T17:04:17+00:00,37.062974805012345,-8.147720340639353,134,2026-02-27T17:33:39.400538+00:00,2316,1,2.618,1362.223,157.08,39.098
2026-02-27T17:04:18+00:00,37.06299643032253,-8.147699134424329,133,2026-02-27T17:33:39.400538+00:00,2316,1,3.053,1365.276,183.18,38.043
2026-02-27T17:04:19+00:00,37.06301495432854,-8.147678766399622,134,2026-02-27T17:33:39.400538+00:00,2316,1,2.74,1368.016,164.4,41.264
2026-02-27T17:04:20+00:00,37.06303548999131,-8.147656638175249,135,2026-02-27T17:33:39.400538+00:00,2316,1,3.012,1371.028,180.72,40.691
2026-02-27T17:04:21+00:00,37.06305359490216,-8.147641383111477,138,2026-02-27T17:33:39.400538+00:00,2316,1,2.426,1373.454,145.56,33.916
2026-02-27T17:04:22+00:00,37.0630753878504,-8.147627804428339,139,2026-02-27T17:33:39.400538+00:00,2316,1,2.706,1376.16,162.36,26.436
2026-02-27T17:04:23+00:00,37.06309516914189,-8.147611962631345,139,2026-02-27T17:33:39.400538+00:00,2316,1,2.61,1378.77,156.6,32.581
2026-02-27T17:04:24+00:00,37.063113609328866,-8.147596707567573,139,2026-02-27T17:33:39.400538+00:00,2316,1,2.457,1381.227,147.42,33.43
2026-02-27T17:04:25+00:00,37.06313230097294,-8.147581703960896,139,2026-02-27T17:33:39.400538+00:00,2316,1,2.468,1383.695,148.08,32.641
2026-02-27T17:04:26+00:00,37.06314906477928,-8.147564101964235,139,2026-02-27T17:33:39.400538+00:00,2316,1,2.432,1386.127,145.92,39.959
2026-02-27T17:04:27+00:00,37.06316574476659,-8.147546919062734,139,2026-02-27T17:33:39.400538+00:00,2316,1,2.401,1388.528,144.06,39.421
2026-02-27T17:04:28+00:00,37.063181921839714,-8.14753208309412,137,2026-02-27T17:33:39.400538+00:00,2316,1,2.229,1390.757,133.74,36.197
2026-02-27T17:04:29+00:00,37.06320027820766,-8.147518001496792,135,2026-02-27T17:33:39.400538+00:00,2316,1,2.393,1393.151,143.58,31.473
2026-02-27T17:04:30+00:00,37.06321938894689,-8.147502494975924,134,2026-02-27T17:33:39.400538+00:00,2316,1,2.532,1395.682,151.92,32.922
2026-02-27T17:04:31+00:00,37.0632397569716,-8.147485814988613,135,2026-02-27T17:33:39.400538+00:00,2316,1,2.706,1398.388,162.36,33.164
2026-02-27T17:04:32+00:00,37.063258616253734,-8.147468380630016,136,2026-02-27T17:33:39.400538+00:00,2316,1,2.606,1400.994,156.36,36.415
2026-02-27T17:04:33+00:00,37.06327504478395,-8.147452371194959,138,2026-02-27T17:33:39.400538+00:00,2316,1,2.314,1403.308,138.84,37.869
2026-02-27T17:04:34+00:00,37.06329105421901,-8.147437702864408,140,2026-02-27T17:33:39.400538+00:00,2316,1,2.205,1405.513,132.3,36.171
2026-02-27T17:04:35+00:00,37.06330823712051,-8.147420603781939,141,2026-02-27T17:33:39.400538+00:00,2316,1,2.44,1407.953,146.4,38.452
2026-02-27T17:04:36+00:00,37.063331454992294,-8.147400738671422,141,2026-02-27T17:33:39.400538+00:00,2316,1,3.126,1411.079,187.56,34.323
2026-02-27T17:04:37+00:00,37.06335567869246,-8.147382717579603,140,2026-02-27T17:33:39.400538+00:00,2316,1,3.132,1414.211,187.92,30.695
2026-02-27T17:04:38+00:00,37.06338048912585,-8.147365283221006,141,2026-02-27T17:33:39.400538+00:00,2316,1,3.163,1417.374,189.78,29.281
2026-02-27T17:04:39+00:00,37.06340295262635,-8.147345250472426,141,2026-02-27T17:33:39.400538+00:00,2316,1,3.066,1420.44,183.96,35.436
2026-02-27T17:04:40+00:00,37.0634244941175,-8.147324714809656,139,2026-02-27T17:33:39.400538+00:00,2316,1,3.01,1423.449,180.6,37.261
2026-02-27T17:04:41+00:00,37.06344016827643,-8.147310549393296,137,2026-02-27T17:33:39.400538+00:00,2316,1,2.149,1425.598,128.94,35.798
2026-02-27T17:04:42+00:00,37.06346179358661,-8.147294204682112,133,2026-02-27T17:33:39.400538+00:00,2316,1,2.808,1428.406,168.48,31.095
2026-02-27T17:04:43+00:00,37.0634778868407,-8.147280290722847,134,2026-02-27T17:33:39.400538+00:00,2316,1,2.174,1430.58,130.44,34.602
2026-02-27T17:04:44+00:00,37.06349255517125,-8.147264532744884,135,2026-02-27T17:33:39.400538+00:00,2316,1,2.148,1432.729,128.88,40.605
2026-02-27T17:04:45+00:00,37.063511749729514,-8.14724919386208,138,2026-02-27T17:33:39.400538+00:00,2316,1,2.531,1435.26,151.86,32.525
2026-02-27T17:04:46+00:00,37.06353295594454,-8.147233938798308,141,2026-02-27T17:33:39.400538+00:00,2316,1,2.719,1437.979,163.14,29.857
2026-02-27T17:04:47+00:00,37.063554329797626,-8.147218180820346,143,2026-02-27T17:33:39.400538+00:00,2316,1,2.757,1440.736,165.42,30.469
2026-02-27T17:04:48+00:00,37.063572853803635,-8.147201081737876,144,2026-02-27T17:33:39.400538+00:00,2316,1,2.558,1443.295,153.48,36.375
2026-02-27T17:04:49+00:00,37.063594311475754,-8.147184234112501,144,2026-02-27T17:33:39.400538+00:00,2316,1,2.816,1446.11,168.96,32.068
2026-02-27T17:04:50+00:00,37.063615936785936,-8.147168979048729,145,2026-02-27T17:33:39.400538+00:00,2316,1,2.759,1448.87,165.54,29.375
2026-02-27T17:04:51+00:00,37.06363898701966,-8.147151125594974,146,2026-02-27T17:33:39.400538+00:00,2316,1,3.013,1451.883,180.78,31.719
2026-02-27T17:04:52+00:00,37.06366270780563,-8.14712991937995,148,2026-02-27T17:33:39.400538+00:00,2316,1,3.24,1455.123,194.4,35.503
2026-02-27T17:04:53+00:00,37.0636869315058,-8.147106366232038,149,2026-02-27T17:33:39.400538+00:00,2316,1,3.409,1458.532,204.54,37.807
2026-02-27T17:04:54+00:00,37.06371040083468,-8.147082142531872,148,2026-02-27T17:33:39.400538+00:00,2316,1,3.381,1461.913,202.86,39.475
2026-02-27T17:04:55+00:00,37.06372858956456,-8.147060014307499,149,2026-02-27T17:33:39.400538+00:00,2316,1,2.819,1464.732,169.14,44.151
2026-02-27T17:04:56+00:00,37.06374862231314,-8.147038137540221,148,2026-02-27T17:33:39.400538+00:00,2316,1,2.955,1467.686,177.3,41.069
2026-02-27T17:04:57+00:00,37.06376940943301,-8.147015422582626,149,2026-02-27T17:33:39.400538+00:00,2316,1,3.067,1470.753,184.02,41.087
2026-02-27T17:04:58+00:00,37.063787430524826,-8.146996311843395,150,2026-02-27T17:33:39.400538+00:00,2316,1,2.625,1473.378,157.5,40.238
2026-02-27T17:04:59+00:00,37.06380620598793,-8.146971669048071,151,2026-02-27T17:33:39.400538+00:00,2316,1,3.023,1476.401,181.38,46.324
2026-02-27T17:05:00+00:00,37.063818192109466,-8.146957755088806,151,2026-02-27T17:33:39.400538+00:00,2316,1,1.817,1478.218,109.02,42.809
2026-02-27T17:05:01+00:00,37.06382866948843,-8.146936045959592,151,2026-02-27T17:33:39.400538+00:00,2316,1,2.251,1480.469,135.06,58.834
2026-02-27T17:05:02+00:00,37.06383554264903,-8.146915007382631,149,2026-02-27T17:33:39.400538+00:00,2316,1,2.017,1482.486,121.02,67.735
2026-02-27T17:05:03+00:00,37.06384870223701,-8.1468958966434,148,2026-02-27T17:33:39.400538+00:00,2316,1,2.24,1484.726,134.4,49.208
2026-02-27T17:05:04+00:00,37.063865046948195,-8.146875612437725,148,2026-02-27T17:33:39.400538+00:00,2316,1,2.558,1487.284,153.48,44.721
2026-02-27T17:05:05+00:00,37.06388323567808,-8.146857088431716,149,2026-02-27T17:33:39.400538+00:00,2316,1,2.606,1489.89,156.36,39.1
2026-02-27T17:05:06+00:00,37.063899328932166,-8.146837307140231,151,2026-02-27T17:33:39.400538+00:00,2316,1,2.507,1492.396,150.42,44.446
2026-02-27T17:05:07+00:00,37.06391651183367,-8.146818364039063,150,2026-02-27T17:33:39.400538+00:00,2316,1,2.545,1494.941,152.7,41.338
2026-02-27T17:05:08+00:00,37.06393713131547,-8.146797409281135,148,2026-02-27T17:33:39.400538+00:00,2316,1,2.952,1497.893,177.12,39.04
2026-02-27T17:05:09+00:00,37.0639562420547,-8.14678005874157,147,2026-02-27T17:33:39.400538+00:00,2316,1,2.624,1500.517,157.44,35.922
2026-02-27T17:05:10+00:00,37.06397325731814,-8.146764887496829,147,2026-02-27T17:33:39.400538+00:00,2316,1,2.322,1502.839,139.32,35.431
2026-02-27T17:05:11+00:00,37.06398842856288,-8.146749129518867,147,2026-02-27T17:33:39.400538+00:00,2316,1,2.191,1505.03,131.46,39.653
2026-02-27T17:05:12+00:00,37.06400167196989,-8.146734377369285,147,2026-02-27T17:33:39.400538+00:00,2316,1,1.97,1507.001,118.2,41.633
2026-02-27T17:05:13+00:00,37.06401776522398,-8.146718870848417,147,2026-02-27T17:33:39.400538+00:00,2316,1,2.257,1509.258,135.42,37.556
2026-02-27T17:05:14+00:00,37.06403151154518,-8.146704789251089,147,2026-02-27T17:33:39.400538+00:00,2316,1,1.974,1511.232,118.44,39.263
2026-02-27T17:05:15+00:00,37.06404467113316,-8.146687019616365,148,2026-02-27T17:33:39.400538+00:00,2316,1,2.151,1513.383,129.06,47.136
2026-02-27T17:05:16+00:00,37.06405992619693,-8.14667260274291,148,2026-02-27T17:33:39.400538+00:00,2316,1,2.125,1515.508,127.5,37.021
2026-02-27T17:05:17+00:00,37.064074762165546,-8.146659946069121,148,2026-02-27T17:33:39.400538+00:00,2316,1,1.996,1517.503,119.76,34.245
2026-02-27T17:05:18+00:00,37.06409144215286,-8.146646535024047,147,2026-02-27T17:33:39.400538+00:00,2316,1,2.204,1519.707,132.24,32.683
2026-02-27T17:05:19+00:00,37.06410929560661,-8.146633207798004,146,2026-02-27T17:33:39.400538+00:00,2316,1,2.311,1522.018,138.66,30.781
2026-02-27T17:05:20+00:00,37.06413025036454,-8.146616192534566,146,2026-02-27T17:33:39.400538+00:00,2316,1,2.776,1524.794,166.56,32.941
2026-02-27T17:05:21+00:00,37.0641478523612,-8.146601608023047,146,2026-02-27T17:33:39.400538+00:00,2316,1,2.346,1527.14,140.76,33.471
2026-02-27T17:05:22+00:00,37.06416780129075,-8.1465919688344,146,2026-02-27T17:33:39.400538+00:00,2316,1,2.377,1529.518,142.62,21.085
2026-02-27T17:05:23+00:00,37.064189007505774,-8.146578473970294,147,2026-02-27T17:33:39.400538+00:00,2316,1,2.645,1532.162,158.7,26.921
2026-02-27T17:05:24+00:00,37.06420979462564,-8.146562799811363,147,2026-02-27T17:33:39.400538+00:00,2316,1,2.698,1534.86,161.88,31.035
2026-02-27T17:05:25+00:00,37.064226726070046,-8.146544946357608,147,2026-02-27T17:33:39.400538+00:00,2316,1,2.46,1537.321,147.6,40.078
2026-02-27T17:05:26+00:00,37.06424198113382,-8.146523321047425,147,2026-02-27T17:33:39.400538+00:00,2316,1,2.561,1539.882,153.66,48.522
2026-02-27T17:05:27+00:00,37.06425472162664,-8.146502701565623,147,2026-02-27T17:33:39.400538+00:00,2316,1,2.314,1542.196,138.84,52.248
2026-02-27T17:05:28+00:00,37.06426855176687,-8.146480154246092,146,2026-02-27T17:33:39.400538+00:00,2316,1,2.523,1544.719,151.38,52.451
2026-02-27T17:05:29+00:00,37.06427928060293,-8.146457690745592,147,2026-02-27T17:33:39.400538+00:00,2316,1,2.323,1547.042,139.38,59.098
2026-02-27T17:05:30+00:00,37.064296044409275,-8.146422235295177,148,2026-02-27T17:33:39.400538+00:00,2316,1,3.657,1550.699,219.42,59.352
2026-02-27T17:05:31+00:00,37.064313814044,-8.146388959139585,148,2026-02-27T17:33:39.400538+00:00,2316,1,3.553,1554.251,213.18,56.209
2026-02-27T17:05:32+00:00,37.064329236745834,-8.14636331051588,148,2026-02-27T17:33:39.400538+00:00,2316,1,2.85,1557.101,171.0,53.0
2026-02-27T17:05:33+00:00,37.064342480152845,-8.14634570851922,148,2026-02-27T17:33:39.400538+00:00,2316,1,2.147,1559.247,128.82,46.684
2026-02-27T17:05:34+00:00,37.06435480155051,-8.146335314959288,147,2026-02-27T17:33:39.400538+00:00,2316,1,1.652,1560.899,99.12,33.945
2026-02-27T17:05:35+00:00,37.064369805157185,-8.146318970248103,148,2026-02-27T17:33:39.400538+00:00,2316,1,2.211,1563.11,132.66,41.0
2026-02-27T17:05:36+00:00,37.06438480876386,-8.146303882822394,148,2026-02-27T17:33:39.400538+00:00,2316,1,2.139,1565.249,128.34,38.744
2026-02-27T17:05:37+00:00,37.06439947709441,-8.146286448463798,147,2026-02-27T17:33:39.400538+00:00,2316,1,2.248,1567.496,134.88,43.484
2026-02-27T17:05:38+00:00,37.0644158218056,-8.146268846467137,146,2026-02-27T17:33:39.400538+00:00,2316,1,2.396,1569.893,143.76,40.674
2026-02-27T17:05:39+00:00,37.06443308852613,-8.146253256127238,146,2026-02-27T17:33:39.400538+00:00,2316,1,2.366,1572.259,141.96,35.772
2026-02-27T17:05:40+00:00,37.06445513293147,-8.146236073225737,146,2026-02-27T17:33:39.400538+00:00,2316,1,2.887,1575.146,173.22,31.881
2026-02-27T17:05:41+00:00,37.06447709351778,-8.146220901980996,146,2026-02-27T17:33:39.400538+00:00,2316,1,2.788,1577.934,167.28,28.866
2026-02-27T17:05:42+00:00,37.0644982997328,-8.146201372146606,146,2026-02-27T17:33:39.400538+00:00,2316,1,2.926,1580.861,175.56,36.311
2026-02-27T17:05:43+00:00,37.06451632082462,-8.14618544653058,147,2026-02-27T17:33:39.400538+00:00,2316,1,2.452,1583.312,147.12,35.19
2026-02-27T17:05:44+00:00,37.06453274935484,-8.146177064627409,147,2026-02-27T17:33:39.400538+00:00,2316,1,1.972,1585.285,118.32,22.152
2026-02-27T17:05:45+00:00,37.06455018371344,-8.146172622218728,147,2026-02-27T17:33:39.400538+00:00,2316,1,1.978,1587.263,118.68,11.493
2026-02-27T17:05:46+00:00,37.06456342712045,-8.146174969151616,147,2026-02-27T17:33:39.400538+00:00,2316,1,1.487,1588.75,89.22,351.951
2026-02-27T17:05:47+00:00,37.06456904299557,-8.146189721301198,148,2026-02-27T17:33:39.400538+00:00,2316,1,1.45,1590.201,87.0,295.504
2026-02-27T17:05:48+00:00,37.064577005803585,-8.146207071840763,144,2026-02-27T17:33:39.400538+00:00,2316,1,1.776,1591.977,106.56,299.905
2026-02-27T17:05:49+00:00,37.0645865611732,-8.146228026598692,144,2026-02-27T17:33:39.400538+00:00,2316,1,2.141,1594.118,128.46,299.746
2026-02-27T17:05:50+00:00,37.064596116542816,-8.146248813718557,147,2026-02-27T17:33:39.400538+00:00,2316,1,2.129,1596.247,127.74,299.945
2026-02-27T17:05:51+00:00,37.06461036577821,-8.146272450685501,149,2026-02-27T17:33:39.400538+00:00,2316,1,2.629,1598.875,157.74,307.07
2026-02-27T17:05:52+00:00,37.064627381041646,-8.146298937499523,150,2026-02-27T17:33:39.400538+00:00,2316,1,3.017,1601.892,181.02,308.836
2026-02-27T17:05:53+00:00,37.06464028917253,-8.146325759589672,150,2026-02-27T17:33:39.400538+00:00,2316,1,2.779,1604.671,166.74,301.094
2026-02-27T17:05:54+00:00,37.064653281122446,-8.146349228918552,150,2026-02-27T17:33:39.400538+00:00,2316,1,2.534,1607.206,152.04,304.75
2026-02-27T17:05:55+00:00,37.06466862000525,-8.146369848400354,151,2026-02-27T17:33:39.400538+00:00,2316,1,2.501,1609.707,150.06,312.992
2026-02-27T17:05:56+00:00,37.06468211486936,-8.146393401548266,153,2026-02-27T17:33:39.400538+00:00,2316,1,2.573,1612.28,154.38,305.679
2026-02-27T17:05:57+00:00,37.06470298580825,-8.146413434296846,153,2026-02-27T17:33:39.400538+00:00,2316,1,2.923,1615.203,175.38,322.551
2026-02-27T17:05:58+00:00,37.06472025252879,-8.146430617198348,154,2026-02-27T17:33:39.400538+00:00,2316,1,2.452,1617.655,147.12,321.548
2026-02-27T17:05:59+00:00,37.06473936326802,-8.146445620805025,154,2026-02-27T17:33:39.400538+00:00,2316,1,2.508,1620.162,150.48,327.934
2026-02-27T17:06:00+00:00,37.06475889310241,-8.146458780393004,155,2026-02-27T17:33:39.400538+00:00,2316,1,2.466,1622.628,147.96,331.734
2026-02-27T17:06:01+00:00,37.064775405451655,-8.146465318277478,157,2026-02-27T17:33:39.400538+00:00,2316,1,1.926,1624.554,115.56,342.467
2026-02-27T17:06:02+00:00,37.064787056297064,-8.146457690745592,157,2026-02-27T17:33:39.400538+00:00,2316,1,1.462,1626.015,87.72,27.583
2026-02-27T17:06:03+00:00,37.06479409709573,-8.146441848948598,157,2026-02-27T17:33:39.400538+00:00,2316,1,1.609,1627.624,96.54,60.883
2026-02-27T17:06:04+00:00,37.06480314955115,-8.14642290584743,157,2026-02-27T17:33:39.400538+00:00,2316,1,1.959,1629.583,117.54,59.084
2026-02-27T17:06:05+00:00,37.0648164767772,-8.14639893360436,157,2026-02-27T17:33:39.400538+00:00,2316,1,2.592,1632.176,155.52,55.135
2026-02-27T17:06:06+00:00,37.064832067117095,-8.14638233743608,157,2026-02-27T17:33:39.400538+00:00,2316,1,2.275,1634.45,136.5,40.346
2026-02-27T17:06:07+00:00,37.064847238361835,-8.14636624418199,158,2026-02-27T17:33:39.400538+00:00,2316,1,2.21,1636.66,132.6,40.246
2026-02-27T17:06:08+00:00,37.06486031413078,-8.146349983289838,158,2026-02-27T17:33:39.400538+00:00,2316,1,2.048,1638.709,122.88,44.779
2026-02-27T17:06:09+00:00,37.064871462062,-8.146332632750273,158,2026-02-27T17:33:39.400538+00:00,2316,1,1.977,1640.685,118.62,51.159
2026-02-27T17:06:10+00:00,37.06488931551576,-8.146315533667803,160,2026-02-27T17:33:39.400538+00:00,2316,1,2.499,1643.184,149.94,37.388
2026-02-27T17:06:11+00:00,37.064905408769846,-8.146298853680491,159,2026-02-27T17:33:39.400538+00:00,2316,1,2.322,1645.506,139.32,39.592
2026-02-27T17:06:12+00:00,37.06491974182427,-8.146281754598022,160,2026-02-27T17:33:39.400538+00:00,2316,1,2.2,1647.706,132.0,43.59
2026-02-27T17:06:13+00:00,37.06493583507836,-8.146265912801027,160,2026-02-27T17:33:39.400538+00:00,2316,1,2.276,1649.982,136.56,38.149
2026-02-27T17:06:14+00:00,37.06495461054146,-8.146251160651445,161,2026-02-27T17:33:39.400538+00:00,2316,1,2.464,1652.446,147.84,32.086
2026-02-27T17:06:15+00:00,37.0649769064039,-8.146231044083834,159,2026-02-27T17:33:39.400538+00:00,2316,1,3.055,1655.501,183.3,35.752
2026-02-27T17:06:16+00:00,37.065001130104065,-8.146214028820395,159,2026-02-27T17:33:39.400538+00:00,2316,1,3.088,1658.589,185.28,29.271
2026-02-27T17:06:17+00:00,37.06502468325198,-8.146200366318226,158,2026-02-27T17:33:39.400538+00:00,2316,1,2.886,1661.475,173.16,24.838
2026-02-27T17:06:18+00:00,37.065046140924096,-8.146188715472817,157,2026-02-27T17:33:39.400538+00:00,2316,1,2.6,1664.075,156.0,23.425
2026-02-27T17:06:19+00:00,37.06506877206266,-8.146176561713219,156,2026-02-27T17:33:39.400538+00:00,2316,1,2.738,1666.813,164.28,23.197
2026-02-27T17:06:20+00:00,37.06509316340089,-8.146158205345273,156,2026-02-27T17:33:39.400538+00:00,2316,1,3.164,1669.976,189.84,30.986
2026-02-27T17:06:21+00:00,37.065115040168166,-8.146143704652786,156,2026-02-27T17:33:39.400538+00:00,2316,1,2.752,1672.728,165.12,27.875
2026-02-27T17:06:22+00:00,37.06513926386833,-8.146131299436092,154,2026-02-27T17:33:39.400538+00:00,2316,1,2.91,1675.638,174.6,22.227
2026-02-27T17:06:23+00:00,37.06516365520656,-8.146115122362971,154,2026-02-27T17:33:39.400538+00:00,2316,1,3.069,1678.707,184.14,27.889
2026-02-27T17:06:24+00:00,37.06518628634512,-8.146101795136929,154,2026-02-27T17:33:39.400538+00:00,2316,1,2.78,1681.487,166.8,25.169
2026-02-27T17:06:25+00:00,37.06520858220756,-8.146088803187013,155,2026-02-27T17:33:39.400538+00:00,2316,1,2.734,1684.221,164.04,24.937
2026-02-27T17:06:26+00:00,37.06522853113711,-8.14607447013259,156,2026-02-27T17:33:39.400538+00:00,2316,1,2.557,1686.778,153.42,29.826
2026-02-27T17:06:27+00:00,37.06524848006666,-8.146057706326246,156,2026-02-27T17:33:39.400538+00:00,2316,1,2.671,1689.449,160.26,33.844
2026-02-27T17:06:28+00:00,37.065266920253634,-8.1460393499583,157,2026-02-27T17:33:39.400538+00:00,2316,1,2.619,1692.068,157.14,38.461
2026-02-27T17:06:29+00:00,37.06528871320188,-8.146027699112892,157,2026-02-27T17:33:39.400538+00:00,2316,1,2.635,1694.702,158.1,23.103
2026-02-27T17:06:30+00:00,37.06530966795981,-8.146019149571657,158,2026-02-27T17:33:39.400538+00:00,2316,1,2.45,1697.153,147.0,18.033
2026-02-27T17:06:31+00:00,37.06532877869904,-8.146010264754295,157,2026-02-27T17:33:39.400538+00:00,2316,1,2.267,1699.419,136.02,20.354
2026-02-27T17:06:32+00:00,37.0653482247144,-8.146000374108553,157,2026-02-27T17:33:39.400538+00:00,2316,1,2.334,1701.753,140.04,22.09
2026-02-27T17:06:33+00:00,37.065368592739105,-8.14598897472024,157,2026-02-27T17:33:39.400538+00:00,2316,1,2.48,1704.233,148.8,24.065
2026-02-27T17:06:34+00:00,37.06538870930672,-8.145975479856133,157,2026-02-27T17:33:39.400538+00:00,2316,1,2.537,1706.77,152.22,28.16
2026-02-27T17:06:35+00:00,37.06540840677917,-8.145959805697203,157,2026-02-27T17:33:39.400538+00:00,2316,1,2.594,1709.365,155.64,32.414
2026-02-27T17:06:36+00:00,37.06542366184294,-8.145951004698873,157,2026-02-27T17:33:39.400538+00:00,2316,1,1.867,1711.232,112.02,24.719
2026-02-27T17:06:37+00:00,37.06544009037316,-8.145942287519574,159,2026-02-27T17:33:39.400538+00:00,2316,1,1.984,1713.216,119.04,22.948
2026-02-27T17:06:38+00:00,37.065458949655294,-8.145933821797371,159,2026-02-27T17:33:39.400538+00:00,2316,1,2.228,1715.443,133.68,19.707
2026-02-27T17:06:39+00:00,37.06547596491873,-8.145928457379341,159,2026-02-27T17:33:39.400538+00:00,2316,1,1.951,1717.394,117.06,14.121
2026-02-27T17:06:40+00:00,37.065493650734425,-8.145920243114233,158,2026-02-27T17:33:39.400538+00:00,2316,1,2.097,1719.492,125.82,20.335
2026-02-27T17:06:41+00:00,37.06550940871239,-8.145914627239108,159,2026-02-27T17:33:39.400538+00:00,2316,1,1.822,1721.313,109.32,15.874
2026-02-27T17:06:42+00:00,37.06552323885262,-8.145915633067489,160,2026-02-27T17:33:39.400538+00:00,2316,1,1.54,1722.854,92.4,356.679
2026-02-27T17:06:43+00:00,37.065535224974155,-8.14592594280839,160,2026-02-27T17:33:39.400538+00:00,2316,1,1.617,1724.47,97.02,325.536
2026-02-27T17:06:44+00:00,37.06557285971939,-8.145930469036102,159,2026-02-27T17:33:39.400538+00:00,2316,1,4.204,1728.674,252.24,354.518
2026-02-27T17:06:45+00:00,37.06558786332607,-8.145953267812729,159,2026-02-27T17:33:39.400538+00:00,2316,1,2.622,1731.296,157.32,309.513
2026-02-27T17:06:46+00:00,37.065602615475655,-8.14597480930388,160,2026-02-27T17:33:39.400538+00:00,2316,1,2.519,1733.815,151.14,310.637
2026-02-27T17:06:47+00:00,37.065614853054285,-8.146000038832426,161,2026-02-27T17:33:39.400538+00:00,2316,1,2.62,1736.435,157.2,301.294
2026-02-27T17:06:48+00:00,37.06563111394644,-8.14602317288518,161,2026-02-27T17:33:39.400538+00:00,2316,1,2.735,1739.17,164.1,311.376
2026-02-27T17:06:49+00:00,37.06564938649535,-8.146051755174994,161,2026-02-27T17:33:39.400538+00:00,2316,1,3.25,1742.42,195.0,308.701
2026-02-27T17:06:50+00:00,37.065665647387505,-8.146075895056129,162,2026-02-27T17:33:39.400538+00:00,2316,1,2.803,1745.223,168.18,310.17
2026-02-27T17:06:51+00:00,37.06567956134677,-8.146099783480167,166,2026-02-27T17:33:39.400538+00:00,2316,1,2.624,1747.847,157.44,306.127
2026-02-27T17:06:52+00:00,37.06568978726864,-8.146124174818397,166,2026-02-27T17:33:39.400538+00:00,2316,1,2.445,1750.292,146.7,297.718
2026-02-27T17:06:53+00:00,37.06570311449468,-8.146149152889848,165,2026-02-27T17:33:39.400538+00:00,2316,1,2.666,1752.958,159.96,303.769
2026-02-27T17:06:54+00:00,37.0657126698643,-8.14617421478033,165,2026-02-27T17:33:39.400538+00:00,2316,1,2.464,1755.422,147.84,295.539
2026-02-27T17:06:55+00:00,37.06572566181421,-8.146194834262133,166,2026-02-27T17:33:39.400538+00:00,2316,1,2.331,1757.753,139.86,308.296
2026-02-27T17:06:56+00:00,37.065741838887334,-8.146222159266472,166,2026-02-27T17:33:39.400538+00:00,2316,1,3.019,1760.772,181.14,306.573
2026-02-27T17:06:57+00:00,37.06575768068433,-8.14624990336597,167,2026-02-27T17:33:39.400538+00:00,2316,1,3.027,1763.799,181.62,305.587
2026-02-27T17:06:58+00:00,37.06577100791037,-8.146276641637087,167,2026-02-27T17:33:39.400538+00:00,2316,1,2.797,1766.596,167.82,301.991
2026-02-27T17:06:59+00:00,37.06578274257481,-8.146301452070475,167,2026-02-27T17:33:39.400538+00:00,2316,1,2.559,1769.156,153.54,300.657
2026-02-27T17:07:00+00:00,37.06579263322055,-8.14632710069418,167,2026-02-27T17:33:39.400538+00:00,2316,1,2.528,1771.683,151.68,295.793
2026-02-27T17:07:01+00:00,37.06580176949501,-8.14635207876563,165,2026-02-27T17:33:39.400538+00:00,2316,1,2.438,1774.121,146.28,294.626
2026-02-27T17:07:02+00:00,37.06581015139818,-8.146374961361289,165,2026-02-27T17:33:39.400538+00:00,2316,1,2.234,1776.355,134.04,294.658
2026-02-27T17:07:03+00:00,37.065820544958115,-8.146395748481154,165,2026-02-27T17:33:39.400538+00:00,2316,1,2.177,1778.532,130.62,302.072
2026-02-27T17:07:04+00:00,37.06583747640252,-8.146417960524559,165,2026-02-27T17:33:39.400538+00:00,2316,1,2.726,1781.257,163.56,313.69
2026-02-27T17:07:05+00:00,37.06585356965661,-8.1464434415102,165,2026-02-27T17:33:39.400538+00:00,2316,1,2.883,1784.141,172.98,308.362
2026-02-27T17:07:06+00:00,37.06587452441454,-8.146467581391335,165,2026-02-27T17:33:39.400538+00:00,2316,1,3.165,1787.305,189.9,317.41
2026-02-27T17:07:07+00:00,37.065895311534405,-8.146488284692168,165,2026-02-27T17:33:39.400538+00:00,2316,1,2.952,1790.258,177.12,321.525
2026-02-27T17:07:08+00:00,37.06590981222689,-8.146509574726224,165,2026-02-27T17:33:39.400538+00:00,2316,1,2.484,1792.742,149.04,310.483
2026-02-27T17:07:09+00:00,37.065925654023886,-8.146532205864787,165,2026-02-27T17:33:39.400538+00:00,2316,1,2.671,1795.413,160.26,311.259
2026-02-27T17:07:10+00:00,37.065939232707024,-8.146548802033067,164,2026-02-27T17:33:39.400538+00:00,2316,1,2.109,1797.522,126.54,315.718
2026-02-27T17:07:11+00:00,37.06594962626696,-8.146559447050095,164,2026-02-27T17:33:39.400538+00:00,2316,1,1.493,1799.014,89.58,320.743
2026-02-27T17:07:12+00:00,37.06596429459751,-8.146562548354268,165,2026-02-27T17:33:39.400538+00:00,2316,1,1.654,1800.668,99.24,350.424
2026-02-27T17:07:13+00:00,37.06597778946161,-8.146556345745921,165,2026-02-27T17:33:39.400538+00:00,2316,1,1.598,1802.267,95.88,20.141
2026-02-27T17:07:14+00:00,37.06598977558315,-8.146543018519878,167,2026-02-27T17:33:39.400538+00:00,2316,1,1.782,1804.048,106.92,41.58
2026-02-27T17:07:15+00:00,37.06599975004792,-8.146525416523218,167,2026-02-27T17:33:39.400538+00:00,2316,1,1.916,1805.964,114.96,54.619
2026-02-27T17:07:16+00:00,37.066013999283314,-8.146512676030397,167,2026-02-27T17:33:39.400538+00:00,2316,1,1.946,1807.91,116.76,35.506
2026-02-27T17:07:17+00:00,37.06603101454675,-8.146498007699847,168,2026-02-27T17:33:39.400538+00:00,2316,1,2.296,1810.207,137.76,34.523
2026-02-27T17:07:18+00:00,37.06604694016278,-8.146481243893504,169,2026-02-27T17:33:39.400538+00:00,2316,1,2.313,1812.519,138.78,40.028
2026-02-27T17:07:19+00:00,37.06606278195977,-8.14646297134459,170,2026-02-27T17:33:39.400538+00:00,2316,1,2.394,1814.913,143.64,42.626
2026-02-27T17:07:20+00:00,37.06608180887997,-8.146444950252771,170,2026-02-27T17:33:39.400538+00:00,2316,1,2.652,1817.565,159.12,37.08
2026-02-27T17:07:21+00:00,37.066101590171456,-8.146424246951938,170,2026-02-27T17:33:39.400538+00:00,2316,1,2.866,1820.431,171.96,39.866
2026-02-27T17:07:22+00:00,37.06612170673907,-8.1464072316885,168,2026-02-27T17:33:39.400538+00:00,2316,1,2.699,1823.13,161.94,34.016
2026-02-27T17:07:23+00:00,37.06614291295409,-8.146384600549936,170,2026-02-27T17:33:39.400538+00:00,2316,1,3.097,1826.227,185.82,40.416
2026-02-27T17:07:24+00:00,37.06616713665426,-8.146360963582993,170,2026-02-27T17:33:39.400538+00:00,2316,1,3.414,1829.641,204.84,37.905
2026-02-27T17:07:25+00:00,37.0661923661828,-8.146336488425732,169,2026-02-27T17:33:39.400538+00:00,2316,1,3.548,1833.188,212.88,37.743
2026-02-27T17:07:26+00:00,37.06621835008264,-8.146313773468137,170,2026-02-27T17:33:39.400538+00:00,2316,1,3.523,1836.711,211.38,34.898
2026-02-27T17:07:27+00:00,37.06624207086861,-8.146297596395016,169,2026-02-27T17:33:39.400538+00:00,2316,1,3.003,1839.714,180.18,28.554
2026-02-27T17:07:28+00:00,37.066262774169445,-8.146289214491844,170,2026-02-27T17:33:39.400538+00:00,2316,1,2.419,1842.133,145.14,17.903
2026-02-27T17:07:29+00:00,37.06627911888063,-8.146290136501193,169,2026-02-27T17:33:39.400538+00:00,2316,1,1.819,1843.953,109.14,357.423
2026-02-27T17:07:30+00:00,37.0662943739444,-8.146288879215717,169,2026-02-27T17:33:39.400538+00:00,2316,1,1.7,1845.652,102.0,3.763
2026-02-27T17:07:31+00:00,37.066306527704,-8.14629633910954,170,2026-02-27T17:33:39.400538+00:00,2316,1,1.505,1847.157,90.3,333.906
2026-02-27T17:07:32+00:00,37.06631910055876,-8.146309331059456,170,2026-02-27T17:33:39.400538+00:00,2316,1,1.812,1848.969,108.72,320.493
2026-02-27T17:07:33+00:00,37.06633200868964,-8.146332213655114,169,2026-02-27T17:33:39.400538+00:00,2316,1,2.486,1851.456,149.16,305.258
2026-02-27T17:07:34+00:00,37.06634650938213,-8.146362975239754,168,2026-02-27T17:33:39.400538+00:00,2316,1,3.17,1854.626,190.2,300.573
2026-02-27T17:07:35+00:00,37.06636025570333,-8.146397424861789,168,2026-02-27T17:33:39.400538+00:00,2316,1,3.417,1858.043,205.02,296.568
2026-02-27T17:07:36+00:00,37.06637131981552,-8.146436987444758,167,2026-02-27T17:33:39.400538+00:00,2316,1,3.72,1861.763,223.2,289.315
2026-02-27T17:07:37+00:00,37.066378109157085,-8.146472610533237,168,2026-02-27T17:33:39.400538+00:00,2316,1,3.25,1865.012,195.0,283.433
2026-02-27T17:07:38+00:00,37.06638473086059,-8.146507982164621,167,2026-02-27T17:33:39.400538+00:00,2316,1,3.224,1868.236,193.44,283.203
2026-02-27T17:07:39+00:00,37.066386407241225,-8.146541928872466,168,2026-02-27T17:33:39.400538+00:00,2316,1,3.018,1871.254,181.08,273.541
2026-02-27T17:07:40+00:00,37.066372744739056,-8.146571181714535,168,2026-02-27T17:33:39.400538+00:00,2316,1,3.007,1874.261,180.42,239.659
2026-02-27T17:07:41+00:00,37.06635296344757,-8.146599177271128,169,2026-02-27T17:33:39.400538+00:00,2316,1,3.318,1877.579,199.08,228.475
2026-02-27T17:07:42+00:00,37.066330248489976,-8.146624909713864,170,2026-02-27T17:33:39.400538+00:00,2316,1,3.405,1880.984,204.3,222.112
2026-02-27T17:07:43+00:00,37.066295966506,-8.146655671298504,170,2026-02-27T17:33:39.400538+00:00,2316,1,4.688,1885.672,281.28,215.603
2026-02-27T17:07:44+00:00,37.06626788713038,-8.146681822836399,171,2026-02-27T17:33:39.400538+00:00,2316,1,3.89,1889.562,233.4,216.618
2026-02-27T17:07:45+00:00,37.06623679026961,-8.146698838099837,171,2026-02-27T17:33:39.400538+00:00,2316,1,3.773,1893.335,226.38,203.586
2026-02-27T17:07:46+00:00,37.06620443612337,-8.14670780673623,169,2026-02-27T17:33:39.400538+00:00,2316,1,3.685,1897.02,221.1,192.472
2026-02-27T17:07:47+00:00,37.066169483587146,-8.146716188639402,168,2026-02-27T17:33:39.400538+00:00,2316,1,3.957,1900.977,237.42,190.833
2026-02-27T17:07:48+00:00,37.06614274531603,-8.14671996049583,168,2026-02-27T17:33:39.400538+00:00,2316,1,2.992,1903.969,179.52,186.422
2026-02-27T17:07:49+00:00,37.06611449830234,-8.146734712645411,168,2026-02-27T17:33:39.400538+00:00,2316,1,3.403,1907.372,204.18,202.623
2026-02-27T17:07:50+00:00,37.06609035842121,-8.146753320470452,171,2026-02-27T17:33:39.400538+00:00,2316,1,3.151,1910.523,189.06,211.595
2026-02-27T17:07:51+00:00,37.06606714054942,-8.146774107590318,170,2026-02-27T17:33:39.400538+00:00,2316,1,3.173,1913.696,190.38,215.542
2026-02-27T17:07:52+00:00,37.06604115664959,-8.146793218329549,169,2026-02-27T17:33:39.400538+00:00,2316,1,3.35,1917.046,201.0,210.408
2026-02-27T17:07:53+00:00,37.06600880250335,-8.146801264956594,169,2026-02-27T17:33:39.400538+00:00,2316,1,3.668,1920.714,220.08,191.225
2026-02-27T17:07:54+00:00,37.06597410142422,-8.146797409281135,169,2026-02-27T17:33:39.400538+00:00,2316,1,3.874,1924.587,232.44,174.933
2026-02-27T17:07:55+00:00,37.06594292074442,-8.14679129049182,169,2026-02-27T17:33:39.400538+00:00,2316,1,3.509,1928.097,210.54,171.101
2026-02-27T17:07:56+00:00,37.06591065041721,-8.146794894710183,169,2026-02-27T17:33:39.400538+00:00,2316,1,3.603,1931.699,216.18,185.093
2026-02-27T17:07:57+00:00,37.06587762571871,-8.146795397624373,169,2026-02-27T17:33:39.400538+00:00,2316,1,3.672,1935.372,220.32,180.696
2026-02-27T17:07:58+00:00,37.06584820523858,-8.146792966872454,170,2026-02-27T17:33:39.400538+00:00,2316,1,3.279,1938.65,196.74,176.228
2026-02-27T17:07:59+00:00,37.06581735983491,-8.146794391795993,170,2026-02-27T17:33:39.400538+00:00,2316,1,3.432,1942.082,205.92,182.111
2026-02-27T17:08:00+00:00,37.06578760407865,-8.14680009149015,169,2026-02-27T17:33:39.400538+00:00,2316,1,3.347,1945.43,200.82,188.69
2026-02-27T17:08:01+00:00,37.06575742922723,-8.146800845861435,170,2026-02-27T17:33:39.400538+00:00,2316,1,3.356,1948.786,201.36,181.143
2026-02-27T17:08:02+00:00,37.06572608090937,-8.146800510585308,170,2026-02-27T17:33:39.400538+00:00,2316,1,3.486,1952.271,209.16,179.511
2026-02-27T17:08:03+00:00,37.0656968280673,-8.146800426766276,169,2026-02-27T17:33:39.400538+00:00,2316,1,3.253,1955.524,195.18,179.869
2026-02-27T17:08:04+00:00,37.06567285582423,-8.146801851689816,170,2026-02-27T17:33:39.400538+00:00,2316,1,2.669,1958.193,160.14,182.716
2026-02-27T17:08:05+00:00,37.0656487159431,-8.146802857518196,170,2026-02-27T17:33:39.400538+00:00,2316,1,2.686,1960.879,161.16,181.904
2026-02-27T17:08:06+00:00,37.065619379282,-8.14679816365242,170,2026-02-27T17:33:39.400538+00:00,2316,1,3.289,1964.167,197.34,172.724
2026-02-27T17:08:07+00:00,37.06559356302023,-8.146794056519866,170,2026-02-27T17:33:39.400538+00:00,2316,1,2.894,1967.061,173.64,172.765
2026-02-27T17:08:08+00:00,37.065563891083,-8.146799420937896,169,2026-02-27T17:33:39.400538+00:00,2316,1,3.334,1970.394,200.04,188.209
2026-02-27T17:08:09+00:00,37.06553061492741,-8.146809060126543,169,2026-02-27T17:33:39.400538+00:00,2316,1,3.798,1974.192,227.88,193.015
2026-02-27T17:08:10+00:00,37.06550136208534,-8.146814005449414,169,2026-02-27T17:33:39.400538+00:00,2316,1,3.282,1977.474,196.92,187.683
2026-02-27T17:08:11+00:00,37.06546850502491,-8.146804617717862,169,2026-02-27T17:33:39.400538+00:00,2316,1,3.747,1981.221,224.82,167.157
2026-02-27T17:08:12+00:00,37.0654515735805,-8.146796487271786,169,2026-02-27T17:33:39.400538+00:00,2316,1,2.016,1983.238,120.96,159.035
2026-02-27T17:08:13+00:00,37.06543296575546,-8.146786848083138,169,2026-02-27T17:33:39.400538+00:00,2316,1,2.239,1985.477,134.34,157.542
2026-02-27T17:08:14+00:00,37.06540446728468,-8.14678299240768,169,2026-02-27T17:33:39.400538+00:00,2316,1,3.187,1988.664,191.22,173.838
2026-02-27T17:08:15+00:00,37.06537680700421,-8.146778549998999,169,2026-02-27T17:33:39.400538+00:00,2316,1,3.101,1991.765,186.06,172.697
2026-02-27T17:08:16+00:00,37.0653479732573,-8.146774861961603,167,2026-02-27T17:33:39.400538+00:00,2316,1,3.223,1994.988,193.38,174.172
2026-02-27T17:08:17+00:00,37.065320229157805,-8.146773604676127,166,2026-02-27T17:33:39.400538+00:00,2316,1,3.087,1998.075,185.22,177.929
2026-02-27T17:08:18+00:00,37.06529390998185,-8.146776789799333,165,2026-02-27T17:33:39.400538+00:00,2316,1,2.94,2001.015,176.4,185.516
2026-02-27T17:08:19+00:00,37.065269937738776,-8.146780477836728,165,2026-02-27T17:33:39.400538+00:00,2316,1,2.686,2003.7,161.16,186.999
2026-02-27T17:08:20+00:00,37.06524387001991,-8.14678500406444,165,2026-02-27T17:33:39.400538+00:00,2316,1,2.926,2006.627,175.56,187.888
2026-02-27T17:08:21+00:00,37.06521637737751,-8.146787099540234,164,2026-02-27T17:33:39.400538+00:00,2316,1,3.063,2009.689,183.78,183.48
2026-02-27T17:08:22+00:00,37.06519014202058,-8.146786848083138,164,2026-02-27T17:33:39.400538+00:00,2316,1,2.917,2012.607,175.02,179.562
2026-02-27T17:08:23+00:00,37.065169271081686,-8.14678349532187,164,2026-02-27T17:33:39.400538+00:00,2316,1,2.34,2014.946,140.4,172.695
2026-02-27T17:08:24+00:00,37.065145298838615,-8.146786261349916,164,2026-02-27T17:33:39.400538+00:00,2316,1,2.677,2017.623,160.62,185.26
2026-02-27T17:08:25+00:00,37.06512115895748,-8.146780896931887,164,2026-02-27T17:33:39.400538+00:00,2316,1,2.726,2020.349,163.56,169.945
2026-02-27T17:08:26+00:00,37.06509073264897,-8.146779304370284,164,2026-02-27T17:33:39.400538+00:00,2316,1,3.386,2023.736,203.16,177.608
2026-02-27T17:08:27+00:00,37.06506097689271,-8.146781986579299,163,2026-02-27T17:33:39.400538+00:00,2316,1,3.317,2027.053,199.02,184.114
2026-02-27T17:08:28+00:00,37.06503281369805,-8.14678399823606,162,2026-02-27T17:33:39.400538+00:00,2316,1,3.137,2030.189,188.22,183.262
2026-02-27T17:08:29+00:00,37.06500590778887,-8.146786261349916,163,2026-02-27T17:33:39.400538+00:00,2316,1,2.999,2033.188,179.94,183.84
2026-02-27T17:08:30+00:00,37.06497405655682,-8.146791039034724,162,2026-02-27T17:33:39.400538+00:00,2316,1,3.567,2036.755,214.02,186.825
2026-02-27T17:08:31+00:00,37.06494706682861,-8.146803108975291,162,2026-02-27T17:33:39.400538+00:00,2316,1,3.186,2039.941,191.16,199.639
2026-02-27T17:08:32+00:00,37.064919490367174,-8.146816603839397,164,2026-02-27T17:33:39.400538+00:00,2316,1,3.292,2043.233,197.52,201.33
2026-02-27T17:08:33+00:00,37.06489283591509,-8.14683428965509,163,2026-02-27T17:33:39.400538+00:00,2316,1,3.354,2046.587,201.24,207.899
2026-02-27T17:08:34+00:00,37.06486593000591,-8.146842084825039,162,2026-02-27T17:33:39.400538+00:00,2316,1,3.071,2049.658,184.26,193.017
2026-02-27T17:08:35+00:00,37.06483852118254,-8.146845186129212,160,2026-02-27T17:33:39.400538+00:00,2316,1,3.06,2052.718,183.6,185.159
2026-02-27T17:08:36+00:00,37.06480742432177,-8.146847197785974,161,2026-02-27T17:33:39.400538+00:00,2316,1,3.462,2056.18,207.72,182.955
2026-02-27T17:08:37+00:00,37.06477917730808,-8.1468509696424,159,2026-02-27T17:33:39.400538+00:00,2316,1,3.159,2059.339,189.54,186.082
2026-02-27T17:08:38+00:00,37.064745146781206,-8.146852310746908,159,2026-02-27T17:33:39.400538+00:00,2316,1,3.786,2063.125,227.16,181.801
2026-02-27T17:08:39+00:00,37.06471161916852,-8.14685340039432,161,2026-02-27T17:33:39.400538+00:00,2316,1,3.729,2066.854,223.74,181.486
2026-02-27T17:08:40+00:00,37.06467976793647,-8.146862704306841,162,2026-02-27T17:33:39.400538+00:00,2316,1,3.637,2070.491,218.22,193.121
2026-02-27T17:08:41+00:00,37.064658058807254,-8.146879132837057,161,2026-02-27T17:33:39.400538+00:00,2316,1,2.82,2073.311,169.2,211.126
2026-02-27T17:08:42+00:00,37.06463266164064,-8.146901596337557,160,2026-02-27T17:33:39.400538+00:00,2316,1,3.457,2076.767,207.42,215.214
2026-02-27T17:08:43+00:00,37.06460676155984,-8.146923137828708,158,2026-02-27T17:33:39.400538+00:00,2316,1,3.457,2080.224,207.42,213.571
2026-02-27T17:08:44+00:00,37.06457474268973,-8.146941410377622,158,2026-02-27T17:33:39.400538+00:00,2316,1,3.912,2084.136,234.72,204.483
2026-02-27T17:08:45+00:00,37.0645434781909,-8.146950798109174,159,2026-02-27T17:33:39.400538+00:00,2316,1,3.575,2087.711,214.5,193.474
2026-02-27T17:08:46+00:00,37.06451338715851,-8.146957587450743,158,2026-02-27T17:33:39.400538+00:00,2316,1,3.4,2091.11,204.0,190.206
2026-02-27T17:08:47+00:00,37.06448966637254,-8.14696379005909,158,2026-02-27T17:33:39.400538+00:00,2316,1,2.694,2093.805,161.64,191.786
2026-02-27T17:08:48+00:00,37.06447055563331,-8.146969741210341,158,2026-02-27T17:33:39.400538+00:00,2316,1,2.19,2095.995,131.4,193.955
2026-02-27T17:08:49+00:00,37.06444423645735,-8.146967561915517,151,2026-02-27T17:33:39.400538+00:00,2316,1,2.933,2098.927,175.98,176.22
2026-02-27T17:08:50+00:00,37.06441850401461,-8.146962951868773,148,2026-02-27T17:33:39.400538+00:00,2316,1,2.89,2101.818,173.4,171.864
2026-02-27T17:08:51+00:00,37.06439553759992,-8.146960102021694,148,2026-02-27T17:33:39.400538+00:00,2316,1,2.566,2104.384,153.96,174.345
2026-02-27T17:08:52+00:00,37.06437684595585,-8.146955743432045,147,2026-02-27T17:33:39.400538+00:00,2316,1,2.114,2106.498,126.84,169.459
2026-02-27T17:08:53+00:00,37.06435379572213,-8.146960688754916,147,2026-02-27T17:33:39.400538+00:00,2316,1,2.6,2109.099,156.0,189.715
2026-02-27T17:08:54+00:00,37.06432957202196,-8.146963957697153,148,2026-02-27T17:33:39.400538+00:00,2316,1,2.709,2111.808,162.54,186.146
2026-02-27T17:08:55+00:00,37.064308701083064,-8.146966556087136,149,2026-02-27T17:33:39.400538+00:00,2316,1,2.332,2114.14,139.92,185.673
2026-02-27T17:08:56+00:00,37.06428866833448,-8.146968148648739,149,2026-02-27T17:33:39.400538+00:00,2316,1,2.232,2116.372,133.92,183.63
2026-02-27T17:08:57+00:00,37.064270647242665,-8.14696429297328,149,2026-02-27T17:33:39.400538+00:00,2316,1,2.033,2118.405,121.98,170.312
2026-02-27T17:08:58+00:00,37.06424625590443,-8.146957335993648,148,2026-02-27T17:33:39.400538+00:00,2316,1,2.782,2121.186,166.92,167.178
2026-02-27T17:08:59+00:00,37.06422437913716,-8.146947696805,146,2026-02-27T17:33:39.400538+00:00,2316,1,2.579,2123.765,154.74,160.629
2026-02-27T17:09:00+00:00,37.06419940106571,-8.146935375407338,146,2026-02-27T17:33:39.400538+00:00,2316,1,2.985,2126.75,179.1,158.514
2026-02-27T17:09:01+00:00,37.06417601555586,-8.146919114515185,146,2026-02-27T17:33:39.400538+00:00,2316,1,2.974,2129.723,178.44,150.976
2026-02-27T17:09:02+00:00,37.0641531329602,-8.146906038746238,145,2026-02-27T17:33:39.400538+00:00,2316,1,2.796,2132.52,167.76,155.488
2026-02-27T17:09:03+00:00,37.06413050182164,-8.146894806995988,144,2026-02-27T17:33:39.400538+00:00,2316,1,2.707,2135.227,162.42,158.395
2026-02-27T17:09:04+00:00,37.06410870887339,-8.146885083988309,141,2026-02-27T17:33:39.400538+00:00,2316,1,2.572,2137.799,154.32,160.404
2026-02-27T17:09:05+00:00,37.064086413010955,-8.146875277161598,138,2026-02-27T17:33:39.400538+00:00,2316,1,2.627,2140.426,157.62,160.66
2026-02-27T17:09:06+00:00,37.064064368605614,-8.146862704306841,137,2026-02-27T17:33:39.400538+00:00,2316,1,2.693,2143.119,161.58,155.529
2026-02-27T17:09:07+00:00,37.0640408154577,-8.146850047633052,137,2026-02-27T17:33:39.400538+00:00,2316,1,2.85,2145.969,171.0,156.79
2026-02-27T17:09:08+00:00,37.06401449628174,-8.146836552768946,138,2026-02-27T17:33:39.400538+00:00,2316,1,3.162,2149.131,189.72,157.748
2026-02-27T17:09:09+00:00,37.06398658454418,-8.146823225542903,139,2026-02-27T17:33:39.400538+00:00,2316,1,3.321,2152.452,199.26,159.143
2026-02-27T17:09:10+00:00,37.06395800225437,-8.146809563040733,138,2026-02-27T17:33:39.400538+00:00,2316,1,3.402,2155.854,204.12,159.122
2026-02-27T17:09:11+00:00,37.063929503783584,-8.146795984357595,134,2026-02-27T17:33:39.400538+00:00,2316,1,3.39,2159.244,203.4,159.183
2026-02-27T17:09:12+00:00,37.063898239284754,-8.146786177530885,130,2026-02-27T17:33:39.400538+00:00,2316,1,3.584,2162.828,215.04,165.948
2026-02-27T17:09:13+00:00,37.063870495185256,-8.146773856133223,128,2026-02-27T17:33:39.400538+00:00,2316,1,3.273,2166.101,196.38,160.487
2026-02-27T17:09:14+00:00,37.06383797340095,-8.14676539041102,127,2026-02-27T17:33:39.400538+00:00,2316,1,3.693,2169.794,221.58,168.266
2026-02-27T17:09:15+00:00,37.06380461342633,-8.146766563877463,128,2026-02-27T17:33:39.400538+00:00,2316,1,3.711,2173.505,222.66,181.608
2026-02-27T17:09:16+00:00,37.063776114955544,-8.146771425381303,129,2026-02-27T17:33:39.400538+00:00,2316,1,3.198,2176.703,191.88,187.752
2026-02-27T17:09:17+00:00,37.063749711960554,-8.146768491715193,130,2026-02-27T17:33:39.400538+00:00,2316,1,2.947,2179.651,176.82,174.933
2026-02-27T17:09:18+00:00,37.06372590735555,-8.146758768707514,130,2026-02-27T17:33:39.400538+00:00,2316,1,2.784,2182.435,167.04,161.948
2026-02-27T17:09:19+00:00,37.063702857121825,-8.146749380975962,133,2026-02-27T17:33:39.400538+00:00,2316,1,2.695,2185.13,161.7,161.996
2026-02-27T17:09:20+00:00,37.0636763703078,-8.146747956052423,134,2026-02-27T17:33:39.400538+00:00,2316,1,2.948,2188.078,176.88,177.542
2026-02-27T17:09:21+00:00,37.063649548217654,-8.146749213337898,134,2026-02-27T17:33:39.400538+00:00,2316,1,2.985,2191.062,179.1,182.142
2026-02-27T17:09:22+00:00,37.06362700089812,-8.146748375147581,135,2026-02-27T17:33:39.400538+00:00,2316,1,2.508,2193.57,150.48,178.301
2026-02-27T17:09:23+00:00,37.06360336393118,-8.146742675453424,134,2026-02-27T17:33:39.400538+00:00,2316,1,2.677,2196.247,160.62,169.108
2026-02-27T17:09:24+00:00,37.06357947550714,-8.146731276065111,132,2026-02-27T17:33:39.400538+00:00,2316,1,2.842,2199.089,170.52,159.154
2026-02-27T17:09:25+00:00,37.063551899045706,-8.146718787029386,132,2026-02-27T17:33:39.400538+00:00,2316,1,3.26,2202.35,195.6,160.131
2026-02-27T17:09:26+00:00,37.06352289766073,-8.146706968545914,133,2026-02-27T17:33:39.400538+00:00,2316,1,3.391,2205.741,203.46,161.986
2026-02-27T17:09:27+00:00,37.06349305808544,-8.146698921918869,135,2026-02-27T17:33:39.400538+00:00,2316,1,3.394,2209.135,203.64,167.856
2026-02-27T17:09:28+00:00,37.06346179358661,-8.146693808957934,135,2026-02-27T17:33:39.400538+00:00,2316,1,3.506,2212.641,210.36,172.565
2026-02-27T17:09:29+00:00,37.06342902034521,-8.146686935797334,135,2026-02-27T17:33:39.400538+00:00,2316,1,3.695,2216.336,221.7,170.5
2026-02-27T17:09:30+00:00,37.06339658237994,-8.146687354892492,135,2026-02-27T17:33:39.400538+00:00,2316,1,3.607,2219.943,216.42,180.591
2026-02-27T17:09:31+00:00,37.06336640752852,-8.146689618006349,134,2026-02-27T17:33:39.400538+00:00,2316,1,3.361,2223.304,201.66,183.425
2026-02-27T17:09:32+00:00,37.0633399207145,-8.146697077900171,134,2026-02-27T17:33:39.400538+00:00,2316,1,3.019,2226.323,181.14,192.666
2026-02-27T17:09:33+00:00,37.06331418827176,-8.146697245538235,134,2026-02-27T17:33:39.400538+00:00,2316,1,2.861,2229.184,171.66,180.298
2026-02-27T17:09:34+00:00,37.063290886580944,-8.14668819308281,134,2026-02-27T17:33:39.400538+00:00,2316,1,2.713,2231.897,162.78,162.776
2026-02-27T17:09:35+00:00,37.06326775252819,-8.146678889170289,135,2026-02-27T17:33:39.400538+00:00,2316,1,2.702,2234.598,162.12,162.207
2026-02-27T17:09:36+00:00,37.06324947997928,-8.14666430465877,135,2026-02-27T17:33:39.400538+00:00,2316,1,2.409,2237.007,144.54,147.506
2026-02-27T17:09:37+00:00,37.06323162652552,-8.146642679348588,135,2026-02-27T17:33:39.400538+00:00,2316,1,2.761,2239.768,165.66,135.974
2026-02-27T17:09:38+00:00,37.06321142613888,-8.146625244989991,134,2026-02-27T17:33:39.400538+00:00,2316,1,2.727,2242.496,163.62,145.445
2026-02-27T17:09:39+00:00,37.06319189630449,-8.14660563133657,130,2026-02-27T17:33:39.400538+00:00,2316,1,2.783,2245.278,166.98,141.291
2026-02-27T17:09:40+00:00,37.06317353993654,-8.14658367075026,129,2026-02-27T17:33:39.400538+00:00,2316,1,2.822,2248.1,169.32,136.329
2026-02-27T17:09:41+00:00,37.06316012889147,-8.14656120724976,129,2026-02-27T17:33:39.400538+00:00,2316,1,2.489,2250.59,149.34,126.803
2026-02-27T17:09:42+00:00,37.0631411857903,-8.146540336310863,130,2026-02-27T17:33:39.400538+00:00,2316,1,2.805,2253.394,168.3,138.679
2026-02-27T17:09:43+00:00,37.06312811002135,-8.146517034620047,131,2026-02-27T17:33:39.400538+00:00,2316,1,2.528,2255.922,151.68,125.116
2026-02-27T17:09:44+00:00,37.063108664005995,-8.146500773727894,132,2026-02-27T17:33:39.400538+00:00,2316,1,2.599,2258.521,155.94,146.286
2026-02-27T17:09:45+00:00,37.06308452412486,-8.146487614139915,132,2026-02-27T17:33:39.400538+00:00,2316,1,2.927,2261.449,175.62,156.491
2026-02-27T17:09:46+00:00,37.06306214444339,-8.146473532542586,131,2026-02-27T17:33:39.400538+00:00,2316,1,2.785,2264.233,167.1,153.339
2026-02-27T17:09:47+00:00,37.06303842365742,-8.14646297134459,129,2026-02-27T17:33:39.400538+00:00,2316,1,2.799,2267.032,167.94,160.441
2026-02-27T17:09:48+00:00,37.0630169659853,-8.146448219195008,129,2026-02-27T17:33:39.400538+00:00,2316,1,2.721,2269.754,163.26,151.251
2026-02-27T17:09:49+00:00,37.06298838369548,-8.146436316892505,128,2026-02-27T17:33:39.400538+00:00,2316,1,3.349,2273.103,200.94,161.619
2026-02-27T17:09:50+00:00,37.06295971758664,-8.146431539207697,129,2026-02-27T17:33:39.400538+00:00,2316,1,3.216,2276.319,192.96,172.424
2026-02-27T17:09:51+00:00,37.062933733686805,-8.14643262885511,129,2026-02-27T17:33:39.400538+00:00,2316,1,2.891,2279.209,173.46,181.917
2026-02-27T17:09:52+00:00,37.06290816888213,-8.146432712674141,130,2026-02-27T17:33:39.400538+00:00,2316,1,2.843,2282.052,170.58,180.15
2026-02-27T17:09:53+00:00,37.0628821849823,-8.14643606543541,131,2026-02-27T17:33:39.400538+00:00,2316,1,2.905,2284.957,174.3,185.879
2026-02-27T17:09:54+00:00,37.062857542186975,-8.146440926939249,131,2026-02-27T17:33:39.400538+00:00,2316,1,2.774,2287.731,166.44,188.946
2026-02-27T17:09:55+00:00,37.06283482722938,-8.146443609148264,131,2026-02-27T17:33:39.400538+00:00,2316,1,2.537,2290.268,152.22,185.383
2026-02-27T17:09:56+00:00,37.06281865015626,-8.146440424025059,132,2026-02-27T17:33:39.400538+00:00,2316,1,1.821,2292.088,109.26,171.071
2026-02-27T17:09:57+00:00,37.06279912032187,-8.146433215588331,132,2026-02-27T17:33:39.400538+00:00,2316,1,2.264,2294.352,135.84,163.589
2026-02-27T17:09:58+00:00,37.06277187913656,-8.146423995494843,133,2026-02-27T17:33:39.400538+00:00,2316,1,3.138,2297.49,188.28,164.886
2026-02-27T17:09:59+00:00,37.06274648196995,-8.146423660218716,132,2026-02-27T17:33:39.400538+00:00,2316,1,2.824,2300.314,169.44,179.396
2026-02-27T17:10:00+00:00,37.06272234208882,-8.146425671875477,130,2026-02-27T17:33:39.400538+00:00,2316,1,2.69,2303.004,161.4,183.804
2026-02-27T17:10:01+00:00,37.06269551999867,-8.146425923332572,129,2026-02-27T17:33:39.400538+00:00,2316,1,2.983,2305.987,178.98,180.429
2026-02-27T17:10:02+00:00,37.06267255358398,-8.146426929160953,128,2026-02-27T17:33:39.400538+00:00,2316,1,2.555,2308.542,153.3,182.002
2026-02-27T17:10:03+00:00,37.062645396217704,-8.146430617198348,127,2026-02-27T17:33:39.400538+00:00,2316,1,3.037,2311.58,182.22,186.185
2026-02-27T17:10:04+00:00,37.06261505372822,-8.146435646340251,127,2026-02-27T17:33:39.400538+00:00,2316,1,3.403,2314.983,204.18,187.534
2026-02-27T17:10:05+00:00,37.06259259022772,-8.146439082920551,127,2026-02-27T17:33:39.400538+00:00,2316,1,2.516,2317.499,150.96,186.96
2026-02-27T17:10:06+00:00,37.062567276880145,-8.146441848948598,127,2026-02-27T17:33:39.400538+00:00,2316,1,2.825,2320.325,169.5,184.983
2026-02-27T17:10:07+00:00,37.06254280172288,-8.14643707126379,128,2026-02-27T17:33:39.400538+00:00,2316,1,2.754,2323.079,165.24,171.146
2026-02-27T17:10:08+00:00,37.062517488375306,-8.146432377398014,129,2026-02-27T17:33:39.400538+00:00,2316,1,2.845,2325.924,170.7,171.583
2026-02-27T17:10:09+00:00,37.06249519251287,-8.146423324942589,129,2026-02-27T17:33:39.400538+00:00,2316,1,2.606,2328.53,156.36,162.048
2026-02-27T17:10:10+00:00,37.06247189082205,-8.146412344649434,130,2026-02-27T17:33:39.400538+00:00,2316,1,2.768,2331.299,166.08,159.392
2026-02-27T17:10:11+00:00,37.06244993023574,-8.146396419033408,131,2026-02-27T17:33:39.400538+00:00,2316,1,2.821,2334.12,169.26,149.943
2026-02-27T17:10:12+00:00,37.06242620944977,-8.146377727389336,130,2026-02-27T17:33:39.400538+00:00,2316,1,3.116,2337.236,186.96,147.838
2026-02-27T17:10:13+00:00,37.0624022372067,-8.146359203383327,128,2026-02-27T17:33:39.400538+00:00,2316,1,3.132,2340.367,187.92,148.341
2026-02-27T17:10:14+00:00,37.062382120639086,-8.146343780681491,126,2026-02-27T17:33:39.400538+00:00,2316,1,2.622,2342.989,157.32,148.542
2026-02-27T17:10:15+00:00,37.0623623393476,-8.146334057673812,125,2026-02-27T17:33:39.400538+00:00,2316,1,2.363,2345.352,141.78,158.584
2026-02-27T17:10:16+00:00,37.062339037656784,-8.146328525617719,124,2026-02-27T17:33:39.400538+00:00,2316,1,2.637,2347.989,158.22,169.273
2026-02-27T17:10:17+00:00,37.062317160889506,-8.146321065723896,124,2026-02-27T17:33:39.400538+00:00,2316,1,2.521,2350.51,151.26,164.778
2026-02-27T17:10:18+00:00,37.06229637376964,-8.146313773468137,123,2026-02-27T17:33:39.400538+00:00,2316,1,2.4,2352.911,144.0,164.361
2026-02-27T17:10:19+00:00,37.06227223388851,-8.146311761811376,124,2026-02-27T17:33:39.400538+00:00,2316,1,2.69,2355.601,161.4,176.196
2026-02-27T17:10:20+00:00,37.062249602749944,-8.146306313574314,125,2026-02-27T17:33:39.400538+00:00,2316,1,2.562,2358.163,153.72,169.126
2026-02-27T17:10:21+00:00,37.062220349907875,-8.146296087652445,127,2026-02-27T17:33:39.400538+00:00,2316,1,3.377,2361.54,202.62,164.414
2026-02-27T17:10:22+00:00,37.062191516160965,-8.146288376301527,128,2026-02-27T17:33:39.400538+00:00,2316,1,3.278,2364.819,196.68,167.953
2026-02-27T17:10:23+00:00,37.06216695718467,-8.146283514797688,128,2026-02-27T17:33:39.400538+00:00,2316,1,2.765,2367.583,165.9,171.024
2026-02-27T17:10:24+00:00,37.06214088946581,-8.14627823419869,130,2026-02-27T17:33:39.400538+00:00,2316,1,2.936,2370.519,176.16,170.818
2026-02-27T17:10:25+00:00,37.062112307175994,-8.146269684657454,130,2026-02-27T17:33:39.400538+00:00,2316,1,3.267,2373.787,196.02,166.575
2026-02-27T17:10:26+00:00,37.06208590418101,-8.146266583353281,130,2026-02-27T17:33:39.400538+00:00,2316,1,2.949,2376.736,176.94,174.645
2026-02-27T17:10:27+00:00,37.06206444650888,-8.146268092095852,131,2026-02-27T17:33:39.400538+00:00,2316,1,2.39,2379.125,143.4,183.211
2026-02-27T17:10:28+00:00,37.06204131245613,-8.146277396008372,131,2026-02-27T17:33:39.400538+00:00,2316,1,2.702,2381.827,162.12,197.793
2026-02-27T17:10:29+00:00,37.062025386840105,-8.146281922236085,130,2026-02-27T17:33:39.400538+00:00,2316,1,1.816,2383.643,108.96,192.778
2026-02-27T17:10:30+00:00,37.062007281929255,-8.146276641637087,130,2026-02-27T17:33:39.400538+00:00,2316,1,2.067,2385.71,124.02,166.898
2026-02-27T17:10:31+00:00,37.06198892556131,-8.146264739334583,130,2026-02-27T17:33:39.400538+00:00,2316,1,2.298,2388.008,137.88,152.642
2026-02-27T17:10:32+00:00,37.06196394748986,-8.146252585574985,130,2026-02-27T17:33:39.400538+00:00,2316,1,2.979,2390.987,178.74,158.78
2026-02-27T17:10:33+00:00,37.06193871796131,-8.14624261111021,131,2026-02-27T17:33:39.400538+00:00,2316,1,2.942,2393.929,176.52,162.49
2026-02-27T17:10:34+00:00,37.06191273406148,-8.14623473212123,131,2026-02-27T17:33:39.400538+00:00,2316,1,2.973,2396.902,178.38,166.398
2026-02-27T17:10:35+00:00,37.06188775599003,-8.146226350218058,129,2026-02-27T17:33:39.400538+00:00,2316,1,2.875,2399.777,172.5,165.009
2026-02-27T17:10:36+00:00,37.06186235882342,-8.146218052133918,128,2026-02-27T17:33:39.400538+00:00,2316,1,2.918,2402.696,175.08,165.387
2026-02-27T17:10:37+00:00,37.06183989532292,-8.146210424602032,127,2026-02-27T17:33:39.400538+00:00,2316,1,2.588,2405.283,155.28,164.839
2026-02-27T17:10:38+00:00,37.06181709654629,-8.146205227822065,126,2026-02-27T17:33:39.400538+00:00,2316,1,2.577,2407.86,154.62,169.691
2026-02-27T17:10:39+00:00,37.06179362721741,-8.146199276670814,126,2026-02-27T17:33:39.400538+00:00,2316,1,2.663,2410.523,159.78,168.561
2026-02-27T17:10:40+00:00,37.06176772713661,-8.146189972758293,127,2026-02-27T17:33:39.400538+00:00,2316,1,2.996,2413.519,179.76,164.005
2026-02-27T17:10:41+00:00,37.06174207851291,-8.14618393778801,127,2026-02-27T17:33:39.400538+00:00,2316,1,2.902,2416.421,174.12,169.366
2026-02-27T17:10:42+00:00,37.06171777099371,-8.146179495379329,128,2026-02-27T17:33:39.400538+00:00,2316,1,2.731,2419.152,163.86,171.703
2026-02-27T17:10:43+00:00,37.06169564276934,-8.146174466237426,128,2026-02-27T17:33:39.400538+00:00,2316,1,2.501,2421.653,150.06,169.721
2026-02-27T17:10:44+00:00,37.061674101278186,-8.146168095991015,128,2026-02-27T17:33:39.400538+00:00,2316,1,2.461,2424.114,147.66,166.722
2026-02-27T17:10:45+00:00,37.06165029667318,-8.146166587248445,128,2026-02-27T17:33:39.400538+00:00,2316,1,2.65,2426.764,159.0,177.105
2026-02-27T17:10:46+00:00,37.06162833608687,-8.146166587248445,127,2026-02-27T17:33:39.400538+00:00,2316,1,2.442,2429.206,146.52,180.0
2026-02-27T17:10:47+00:00,37.06160402856767,-8.146165413782,126,2026-02-27T17:33:39.400538+00:00,2316,1,2.705,2431.911,162.3,177.794
2026-02-27T17:10:48+00:00,37.06158148124814,-8.14616147428751,126,2026-02-27T17:33:39.400538+00:00,2316,1,2.531,2434.442,151.86,172.063
2026-02-27T17:10:49+00:00,37.06155273132026,-8.146164659410715,125,2026-02-27T17:33:39.400538+00:00,2316,1,3.209,2437.652,192.54,185.052
2026-02-27T17:10:50+00:00,37.06152750179171,-8.146167257800698,125,2026-02-27T17:33:39.400538+00:00,2316,1,2.815,2440.466,168.9,184.698
2026-02-27T17:10:51+00:00,37.06150336191058,-8.14617170020938,125,2026-02-27T17:33:39.400538+00:00,2316,1,2.713,2443.179,162.78,188.354
2026-02-27T17:10:52+00:00,37.06148265860975,-8.14617170020938,126,2026-02-27T17:33:39.400538+00:00,2316,1,2.302,2445.482,138.12,180.0
2026-02-27T17:10:53+00:00,37.061462961137295,-8.146160217002034,127,2026-02-27T17:33:39.400538+00:00,2316,1,2.416,2447.897,144.96,155.052
2026-02-27T17:10:54+00:00,37.06143965944648,-8.146141357719898,127,2026-02-27T17:33:39.400538+00:00,2316,1,3.084,2450.982,185.04,147.143
2026-02-27T17:10:55+00:00,37.06141241826117,-8.146123671904206,122,2026-02-27T17:33:39.400538+00:00,2316,1,3.411,2454.393,204.66,152.612
2026-02-27T17:10:56+00:00,37.06138358451426,-8.14611554145813,121,2026-02-27T17:33:39.400538+00:00,2316,1,3.286,2457.679,197.16,167.319
2026-02-27T17:10:57+00:00,37.06135332584381,-8.146121073514223,120,2026-02-27T17:33:39.400538+00:00,2316,1,3.4,2461.08,204.0,188.3
2026-02-27T17:10:58+00:00,37.061325246468186,-8.146125432103872,120,2026-02-27T17:33:39.400538+00:00,2316,1,3.146,2464.226,188.76,187.061
2026-02-27T17:10:59+00:00,37.06129624508321,-8.146117385476828,122,2026-02-27T17:33:39.400538+00:00,2316,1,3.303,2467.529,198.18,167.516
2026-02-27T17:11:00+00:00,37.06127311103046,-8.146097520366311,126,2026-02-27T17:33:39.400538+00:00,2316,1,3.118,2470.647,187.08,145.58
2026-02-27T17:11:01+00:00,37.06124637275934,-8.146087294444442,127,2026-02-27T17:33:39.400538+00:00,2316,1,3.109,2473.756,186.54,163.028
2026-02-27T17:11:02+00:00,37.061217706650496,-8.146081259474158,125,2026-02-27T17:33:39.400538+00:00,2316,1,3.232,2476.988,193.92,170.463
2026-02-27T17:11:03+00:00,37.06119096837938,-8.146076649427414,125,2026-02-27T17:33:39.400538+00:00,2316,1,3.001,2479.989,180.06,172.166
2026-02-27T17:11:04+00:00,37.06116112880409,-8.146073799580336,125,2026-02-27T17:33:39.400538+00:00,2316,1,3.328,2483.317,199.68,175.642
2026-02-27T17:11:05+00:00,37.06113296560943,-8.146063154563308,125,2026-02-27T17:33:39.400538+00:00,2316,1,3.271,2486.588,196.26,163.216
2026-02-27T17:11:06+00:00,37.06110077910125,-8.146050916984677,125,2026-02-27T17:33:39.400538+00:00,2316,1,3.74,2490.328,224.4,163.122
2026-02-27T17:11:07+00:00,37.061070604249835,-8.146034823730588,126,2026-02-27T17:33:39.400538+00:00,2316,1,3.647,2493.974,218.82,156.946
2026-02-27T17:11:08+00:00,37.06103925593197,-8.146024933084846,129,2026-02-27T17:33:39.400538+00:00,2316,1,3.595,2497.569,215.7,165.868
2026-02-27T17:11:09+00:00,37.061010003089905,-8.146015545353293,131,2026-02-27T17:33:39.400538+00:00,2316,1,3.358,2500.927,201.48,165.636
2026-02-27T17:11:10+00:00,37.06097999587655,-8.146003559231758,131,2026-02-27T17:33:39.400538+00:00,2316,1,3.502,2504.429,210.12,162.32
2026-02-27T17:11:11+00:00,37.060953760519624,-8.145991573110223,132,2026-02-27T17:33:39.400538+00:00,2316,1,3.105,2507.534,186.3,159.969
2026-02-27T17:11:12+00:00,37.06092576496303,-8.145996183156967,133,2026-02-27T17:33:39.400538+00:00,2316,1,3.14,2510.673,188.4,187.486
2026-02-27T17:11:13+00:00,37.06090263091028,-8.14600121229887,133,2026-02-27T17:33:39.400538+00:00,2316,1,2.611,2513.284,156.66,189.842
2026-02-27T17:11:14+00:00,37.06087815575302,-8.14600020647049,134,2026-02-27T17:33:39.400538+00:00,2316,1,2.723,2516.007,163.38,178.122
2026-02-27T17:11:15+00:00,37.060856614261866,-8.145989729091525,134,2026-02-27T17:33:39.400538+00:00,2316,1,2.569,2518.577,154.14,158.787
2026-02-27T17:11:16+00:00,37.060833564028144,-8.145978832617402,135,2026-02-27T17:33:39.400538+00:00,2316,1,2.739,2521.316,164.34,159.332
2026-02-27T17:11:17+00:00,37.0608117710799,-8.145965673029423,135,2026-02-27T17:33:39.400538+00:00,2316,1,2.69,2524.006,161.4,154.272
2026-02-27T17:11:18+00:00,37.06078989431262,-8.14595578238368,136,2026-02-27T17:33:39.400538+00:00,2316,1,2.586,2526.592,155.16,160.162
2026-02-27T17:11:19+00:00,37.06076365895569,-8.14594840630889,134,2026-02-27T17:33:39.400538+00:00,2316,1,2.99,2529.582,179.4,167.355
2026-02-27T17:11:20+00:00,37.060734489932656,-8.145941784605384,132,2026-02-27T17:33:39.400538+00:00,2316,1,3.296,2532.878,197.76,169.732
2026-02-27T17:11:21+00:00,37.06070649437606,-8.145934911444783,128,2026-02-27T17:33:39.400538+00:00,2316,1,3.172,2536.05,190.32,168.915
2026-02-27T17:11:22+00:00,37.06068394705653,-8.145925356075168,126,2026-02-27T17:33:39.400538+00:00,2316,1,2.647,2538.697,158.82,161.315
2026-02-27T17:11:23+00:00,37.06065704114735,-8.145923428237438,125,2026-02-27T17:33:39.400538+00:00,2316,1,2.997,2541.693,179.82,176.728
2026-02-27T17:11:24+00:00,37.0606339070946,-8.145915800705552,126,2026-02-27T17:33:39.400538+00:00,2316,1,2.66,2544.353,159.6,165.259
2026-02-27T17:11:25+00:00,37.06060666590929,-8.145902808755636,127,2026-02-27T17:33:39.400538+00:00,2316,1,3.241,2547.594,194.46,159.164
2026-02-27T17:11:26+00:00,37.06058219075203,-8.145886044949293,128,2026-02-27T17:33:39.400538+00:00,2316,1,3.102,2550.696,186.12,151.34
2026-02-27T17:11:27+00:00,37.06055528484285,-8.145868862047791,129,2026-02-27T17:33:39.400538+00:00,2316,1,3.358,2554.054,201.48,152.995
2026-02-27T17:11:28+00:00,37.060527205467224,-8.145851846784353,129,2026-02-27T17:33:39.400538+00:00,2316,1,3.468,2557.522,208.08,154.193
2026-02-27T17:11:29+00:00,37.060498958453536,-8.14583407714963,129,2026-02-27T17:33:39.400538+00:00,2316,1,3.514,2561.036,210.84,153.343
2026-02-27T17:11:30+00:00,37.06046886742115,-8.14581748098135,131,2026-02-27T17:33:39.400538+00:00,2316,1,3.656,2564.692,219.36,156.245
2026-02-27T17:11:31+00:00,37.06043601036072,-8.145802058279514,130,2026-02-27T17:33:39.400538+00:00,2316,1,3.901,2568.594,234.06,159.465
2026-02-27T17:11:32+00:00,37.06040374003351,-8.145790994167328,130,2026-02-27T17:33:39.400538+00:00,2316,1,3.72,2572.314,223.2,164.698
2026-02-27T17:11:33+00:00,37.06037247553468,-8.145780768245459,129,2026-02-27T17:33:39.400538+00:00,2316,1,3.593,2575.907,215.58,165.372
2026-02-27T17:11:34+00:00,37.06034246832132,-8.145769452676177,125,2026-02-27T17:33:39.400538+00:00,2316,1,3.484,2579.391,209.04,163.252
2026-02-27T17:11:35+00:00,37.06031145527959,-8.145757801830769,127,2026-02-27T17:33:39.400538+00:00,2316,1,3.6,2582.991,216.0,163.312
2026-02-27T17:11:36+00:00,37.06027641892433,-8.14574564807117,131,2026-02-27T17:33:39.400538+00:00,2316,1,4.042,2587.034,242.52,164.527
2026-02-27T17:11:37+00:00,37.06024180166423,-8.14573097974062,132,2026-02-27T17:33:39.400538+00:00,2316,1,4.063,2591.097,243.78,161.318
2026-02-27T17:11:38+00:00,37.060209196060896,-8.145712120458484,132,2026-02-27T17:33:39.400538+00:00,2316,1,3.993,2595.09,239.58,155.223
2026-02-27T17:11:39+00:00,37.060172986239195,-8.145697116851807,131,2026-02-27T17:33:39.400538+00:00,2316,1,4.241,2599.331,254.46,161.703
2026-02-27T17:11:40+00:00,37.060138285160065,-8.145688064396381,130,2026-02-27T17:33:39.400538+00:00,2316,1,3.941,2603.272,236.46,168.24
2026-02-27T17:11:41+00:00,37.06010282970965,-8.145685717463493,130,2026-02-27T17:33:39.400538+00:00,2316,1,3.948,2607.22,236.88,176.976
2026-02-27T17:11:42+00:00,37.06006578169763,-8.145683454349637,132,2026-02-27T17:33:39.400538+00:00,2316,1,4.124,2611.345,247.44,177.209
2026-02-27T17:11:43+00:00,37.06003502011299,-8.145673228427768,133,2026-02-27T17:33:39.400538+00:00,2316,1,3.539,2614.883,212.34,165.143
2026-02-27T17:11:44+00:00,37.060003420338035,-8.145671803504229,135,2026-02-27T17:33:39.400538+00:00,2316,1,3.516,2618.399,210.96,177.939
2026-02-27T17:11:45+00:00,37.05997324548662,-8.145672976970673,134,2026-02-27T17:33:39.400538+00:00,2316,1,3.357,2621.756,201.42,181.778
2026-02-27T17:11:46+00:00,37.05994709394872,-8.145664343610406,133,2026-02-27T17:33:39.400538+00:00,2316,1,3.007,2624.763,180.42,165.241
2026-02-27T17:11:47+00:00,37.05992496572435,-8.145647495985031,132,2026-02-27T17:33:39.400538+00:00,2316,1,2.879,2627.643,172.74,148.718
2026-02-27T17:11:48+00:00,37.05990241840482,-8.145629307255149,132,2026-02-27T17:33:39.400538+00:00,2316,1,2.982,2630.624,178.92,147.229
2026-02-27T17:11:49+00:00,37.059877859428525,-8.145610531792045,131,2026-02-27T17:33:39.400538+00:00,2316,1,3.199,2633.823,191.94,148.613
2026-02-27T17:11:50+00:00,37.05984743312001,-8.145597204566002,131,2026-02-27T17:33:39.400538+00:00,2316,1,3.584,2637.407,215.04,160.733
2026-02-27T17:11:51+00:00,37.059818767011166,-8.14557951875031,131,2026-02-27T17:33:39.400538+00:00,2316,1,3.553,2640.96,213.18,153.787
2026-02-27T17:11:52+00:00,37.059789430350065,-8.145563341677189,132,2026-02-27T17:33:39.400538+00:00,2316,1,3.564,2644.524,213.84,156.248
2026-02-27T17:11:53+00:00,37.05975808203221,-8.145558899268508,133,2026-02-27T17:33:39.400538+00:00,2316,1,3.508,2648.032,210.48,173.548
2026-02-27T17:11:54+00:00,37.05972748808563,-8.145552948117256,134,2026-02-27T17:33:39.400538+00:00,2316,1,3.443,2651.475,206.58,171.176
2026-02-27T17:11:55+00:00,37.05969731323421,-8.14554096199572,135,2026-02-27T17:33:39.400538+00:00,2316,1,3.52,2654.994,211.2,162.412
2026-02-27T17:11:56+00:00,37.05966412089765,-8.145531909540296,135,2026-02-27T17:33:39.400538+00:00,2316,1,3.777,2658.772,226.62,167.722
2026-02-27T17:11:57+00:00,37.05963335931301,-8.145527802407742,135,2026-02-27T17:33:39.400538+00:00,2316,1,3.44,2662.212,206.4,173.918
2026-02-27T17:11:58+00:00,37.05960142426193,-8.145521180704236,135,2026-02-27T17:33:39.400538+00:00,2316,1,3.599,2665.811,215.94,170.605
2026-02-27T17:11:59+00:00,37.059570075944066,-8.145513636991382,136,2026-02-27T17:33:39.400538+00:00,2316,1,3.549,2669.36,212.94,169.13
2026-02-27T17:12:00+00:00,37.059536799788475,-8.145511541515589,136,2026-02-27T17:33:39.400538+00:00,2316,1,3.705,2673.065,222.3,177.123
2026-02-27T17:12:01+00:00,37.05950394272804,-8.145508524030447,136,2026-02-27T17:33:39.400538+00:00,2316,1,3.663,2676.729,219.78,175.808
2026-02-27T17:12:02+00:00,37.059469409286976,-8.145500896498561,137,2026-02-27T17:33:39.400538+00:00,2316,1,3.899,2680.628,233.94,170.004
2026-02-27T17:12:03+00:00,37.05943579785526,-8.145493771880865,138,2026-02-27T17:33:39.400538+00:00,2316,1,3.791,2684.418,227.46,170.399
2026-02-27T17:12:04+00:00,37.05940495245159,-8.145481953397393,138,2026-02-27T17:33:39.400538+00:00,2316,1,3.587,2688.005,215.22,162.998
2026-02-27T17:12:05+00:00,37.05937544815242,-8.145472146570683,138,2026-02-27T17:33:39.400538+00:00,2316,1,3.394,2691.399,203.64,165.144
2026-02-27T17:12:06+00:00,37.05934988334775,-8.145459992811084,136,2026-02-27T17:33:39.400538+00:00,2316,1,3.04,2694.439,182.4,159.224
2026-02-27T17:12:07+00:00,37.05932264216244,-8.145450605079532,131,2026-02-27T17:33:39.400538+00:00,2316,1,3.142,2697.581,188.52,164.623
2026-02-27T17:12:08+00:00,37.059292551130056,-8.145449934527278,130,2026-02-27T17:33:39.400538+00:00,2316,1,3.346,2700.927,200.76,178.981
2026-02-27T17:12:09+00:00,37.059259191155434,-8.145460076630116,131,2026-02-27T17:33:39.400538+00:00,2316,1,3.817,2704.744,229.02,193.637
2026-02-27T17:12:10+00:00,37.059233374893665,-8.145467704162002,131,2026-02-27T17:33:39.400538+00:00,2316,1,2.949,2707.694,176.94,193.267
2026-02-27T17:12:11+00:00,37.05920563079417,-8.145463177934289,131,2026-02-27T17:33:39.400538+00:00,2316,1,3.111,2710.805,186.66,172.582
2026-02-27T17:12:12+00:00,37.059177719056606,-8.145453706383705,132,2026-02-27T17:33:39.400538+00:00,2316,1,3.215,2714.02,192.9,164.848
2026-02-27T17:12:13+00:00,37.05914913676679,-8.145441552624106,134,2026-02-27T17:33:39.400538+00:00,2316,1,3.356,2717.376,201.36,161.256
2026-02-27T17:12:14+00:00,37.05912197940051,-8.145429398864508,135,2026-02-27T17:33:39.400538+00:00,2316,1,3.207,2720.583,192.42,160.347
2026-02-27T17:12:15+00:00,37.05909373238683,-8.145418167114258,136,2026-02-27T17:33:39.400538+00:00,2316,1,3.295,2723.878,197.7,162.395
2026-02-27T17:12:16+00:00,37.059065736830235,-8.145409785211086,137,2026-02-27T17:33:39.400538+00:00,2316,1,3.201,2727.079,192.06,166.562
2026-02-27T17:12:17+00:00,37.05903690308333,-8.1454021576792,137,2026-02-27T17:33:39.400538+00:00,2316,1,3.277,2730.356,196.62,168.08
2026-02-27T17:12:18+00:00,37.05900454893708,-8.14538748934865,138,2026-02-27T17:33:39.400538+00:00,2316,1,3.826,2734.181,229.56,160.11
2026-02-27T17:12:19+00:00,37.058974374085665,-8.14537676051259,137,2026-02-27T17:33:39.400538+00:00,2316,1,3.488,2737.669,209.28,164.159
2026-02-27T17:12:20+00:00,37.05894721671939,-8.145375922322273,137,2026-02-27T17:33:39.400538+00:00,2316,1,3.021,2740.69,181.26,178.589
2026-02-27T17:12:21+00:00,37.058927016332746,-8.145372904837132,137,2026-02-27T17:33:39.400538+00:00,2316,1,2.262,2742.952,135.72,173.202
2026-02-27T17:12:22+00:00,37.05890287645161,-8.145363014191389,136,2026-02-27T17:33:39.400538+00:00,2316,1,2.824,2745.776,169.44,161.894
2026-02-27T17:12:23+00:00,37.058875132352114,-8.145356643944979,135,2026-02-27T17:33:39.400538+00:00,2316,1,3.136,2748.912,188.16,169.617
2026-02-27T17:12:24+00:00,37.05884562805295,-8.145359912887216,135,2026-02-27T17:33:39.400538+00:00,2316,1,3.294,2752.206,197.64,185.053
2026-02-27T17:12:25+00:00,37.0588169619441,-8.145365277305245,134,2026-02-27T17:33:39.400538+00:00,2316,1,3.223,2755.429,193.38,188.494
2026-02-27T17:12:26+00:00,37.05878586508334,-8.145371982827783,134,2026-02-27T17:33:39.400538+00:00,2316,1,3.509,2758.937,210.54,189.764
2026-02-27T17:12:27+00:00,37.05875887535512,-8.14537432976067,135,2026-02-27T17:33:39.400538+00:00,2316,1,3.008,2761.946,180.48,183.97
2026-02-27T17:12:28+00:00,37.058733478188515,-8.145372150465846,135,2026-02-27T17:33:39.400538+00:00,2316,1,2.831,2764.776,169.86,176.083
2026-02-27T17:12:29+00:00,37.05870967358351,-8.145368713885546,135,2026-02-27T17:33:39.400538+00:00,2316,1,2.664,2767.441,159.84,173.428
2026-02-27T17:12:30+00:00,37.05867891199887,-8.145369971171021,133,2026-02-27T17:33:39.400538+00:00,2316,1,3.422,2770.863,205.32,181.868
2026-02-27T17:12:31+00:00,37.05865116789937,-8.145368797704577,132,2026-02-27T17:33:39.400538+00:00,2316,1,3.087,2773.95,185.22,178.067
2026-02-27T17:12:32+00:00,37.05862250179052,-8.145363852381706,131,2026-02-27T17:33:39.400538+00:00,2316,1,3.218,2777.168,193.08,172.161
2026-02-27T17:12:33+00:00,37.05858956091106,-8.145356979221106,131,2026-02-27T17:33:39.400538+00:00,2316,1,3.713,2780.881,222.78,170.547
2026-02-27T17:12:34+00:00,37.05856206826866,-8.14534256234765,129,2026-02-27T17:33:39.400538+00:00,2316,1,3.314,2784.195,198.84,157.292
2026-02-27T17:12:35+00:00,37.05853600054979,-8.145326217636466,125,2026-02-27T17:33:39.400538+00:00,2316,1,3.241,2787.436,194.46,153.418
2026-02-27T17:12:36+00:00,37.05850448459387,-8.14530978910625,125,2026-02-27T17:33:39.400538+00:00,2316,1,3.796,2791.232,227.76,157.413
2026-02-27T17:12:37+00:00,37.05847389064729,-8.145298724994063,127,2026-02-27T17:33:39.400538+00:00,2316,1,3.541,2794.772,212.46,163.902
2026-02-27T17:12:38+00:00,37.05844304524362,-8.145293025299907,127,2026-02-27T17:33:39.400538+00:00,2316,1,3.467,2798.239,208.02,171.612
2026-02-27T17:12:39+00:00,37.058413960039616,-8.14528338611126,127,2026-02-27T17:33:39.400538+00:00,2316,1,3.345,2801.585,200.7,165.186
2026-02-27T17:12:40+00:00,37.058383114635944,-8.145275507122278,126,2026-02-27T17:33:39.400538+00:00,2316,1,3.5,2805.085,210.0,168.479
2026-02-27T17:12:41+00:00,37.0583491679281,-8.145265113562346,125,2026-02-27T17:33:39.400538+00:00,2316,1,3.886,2808.971,233.16,166.27
2026-02-27T17:12:42+00:00,37.05831689760089,-8.145261174067855,123,2026-02-27T17:33:39.400538+00:00,2316,1,3.605,2812.576,216.3,174.436
2026-02-27T17:12:43+00:00,37.05828412435949,-8.145266454666853,121,2026-02-27T17:33:39.400538+00:00,2316,1,3.674,2816.25,220.44,187.327
2026-02-27T17:12:44+00:00,37.05825537443161,-8.145273327827454,120,2026-02-27T17:33:39.400538+00:00,2316,1,3.255,2819.505,195.3,190.801
2026-02-27T17:12:45+00:00,37.0582281332463,-8.145277602598071,121,2026-02-27T17:33:39.400538+00:00,2316,1,3.053,2822.557,183.18,187.138
2026-02-27T17:12:46+00:00,37.058199467137456,-8.14528338611126,122,2026-02-27T17:33:39.400538+00:00,2316,1,3.229,2825.786,193.74,189.146
2026-02-27T17:12:47+00:00,37.05817046575248,-8.14529419876635,124,2026-02-27T17:33:39.400538+00:00,2316,1,3.365,2829.151,201.9,196.569
2026-02-27T17:12:48+00:00,37.058144230395555,-8.145299395546317,125,2026-02-27T17:33:39.400538+00:00,2316,1,2.953,2832.104,177.18,188.983
2026-02-27T17:12:49+00:00,37.058121263980865,-8.145305179059505,126,2026-02-27T17:33:39.400538+00:00,2316,1,2.605,2834.709,156.3,191.363
2026-02-27T17:12:50+00:00,37.05809989012778,-8.145303670316935,127,2026-02-27T17:33:39.400538+00:00,2316,1,2.38,2837.089,142.8,176.776
2026-02-27T17:12:51+00:00,37.05807507969439,-8.145299395546317,125,2026-02-27T17:33:39.400538+00:00,2316,1,2.785,2839.874,167.1,172.171
2026-02-27T17:12:52+00:00,37.05804658122361,-8.145294534042478,123,2026-02-27T17:33:39.400538+00:00,2316,1,3.198,2843.072,191.88,172.248
2026-02-27T17:12:53+00:00,37.05801984295249,-8.14528145827353,121,2026-02-27T17:33:39.400538+00:00,2316,1,3.192,2846.264,191.52,158.681
2026-02-27T17:12:54+00:00,37.05799134448171,-8.145268550142646,121,2026-02-27T17:33:39.400538+00:00,2316,1,3.37,2849.633,202.2,160.127
2026-02-27T17:12:55+00:00,37.05796795897186,-8.14525455236435,121,2026-02-27T17:33:39.400538+00:00,2316,1,2.882,2852.515,172.92,154.468
2026-02-27T17:12:56+00:00,37.05794650129974,-8.145250361412764,121,2026-02-27T17:33:39.400538+00:00,2316,1,2.415,2854.93,144.9,171.141
2026-02-27T17:12:57+00:00,37.0579242054373,-8.145250948145986,121,2026-02-27T17:33:39.400538+00:00,2316,1,2.48,2857.409,148.8,181.203
2026-02-27T17:12:58+00:00,37.05790165811777,-8.145246924832463,122,2026-02-27T17:33:39.400538+00:00,2316,1,2.532,2859.942,151.92,171.896
2026-02-27T17:12:59+00:00,37.05787559039891,-8.145241057500243,121,2026-02-27T17:33:39.400538+00:00,2316,1,2.945,2862.887,176.7,169.817
2026-02-27T17:13:00+00:00,37.05784843303263,-8.145237118005753,120,2026-02-27T17:33:39.400538+00:00,2316,1,3.04,2865.927,182.4,173.397
2026-02-27T17:13:01+00:00,37.057825550436974,-8.145234268158674,120,2026-02-27T17:33:39.400538+00:00,2316,1,2.557,2868.484,153.42,174.324
2026-02-27T17:13:02+00:00,37.05780811607838,-8.145232507959008,120,2026-02-27T17:33:39.400538+00:00,2316,1,1.945,2870.429,116.7,175.394
2026-02-27T17:13:03+00:00,37.05779101699591,-8.145223958417773,121,2026-02-27T17:33:39.400538+00:00,2316,1,2.047,2872.476,122.82,158.247
2026-02-27T17:13:04+00:00,37.0577688049525,-8.145216582342982,121,2026-02-27T17:33:39.400538+00:00,2316,1,2.555,2875.031,153.3,165.157
2026-02-27T17:13:05+00:00,37.057748436927795,-8.145208032801747,122,2026-02-27T17:33:39.400538+00:00,2316,1,2.389,2877.419,143.34,161.48
2026-02-27T17:13:06+00:00,37.05772857181728,-8.145199315622449,123,2026-02-27T17:33:39.400538+00:00,2316,1,2.34,2879.76,140.4,160.7
2026-02-27T17:13:07+00:00,37.05770870670676,-8.14519445411861,124,2026-02-27T17:33:39.400538+00:00,2316,1,2.251,2882.01,135.06,168.949
2026-02-27T17:13:08+00:00,37.0576826389879,-8.145199064165354,124,2026-02-27T17:33:39.400538+00:00,2316,1,2.927,2884.938,175.62,188.033
2026-02-27T17:13:09+00:00,37.05765590071678,-8.14520426094532,123,2026-02-27T17:33:39.400538+00:00,2316,1,3.009,2887.947,180.54,188.816
2026-02-27T17:13:10+00:00,37.0576305873692,-8.145207278430462,121,2026-02-27T17:33:39.400538+00:00,2316,1,2.827,2890.774,169.62,185.434
2026-02-27T17:13:11+00:00,37.05760954879224,-8.145201494917274,121,2026-02-27T17:33:39.400538+00:00,2316,1,2.395,2893.169,143.7,167.627
2026-02-27T17:13:12+00:00,37.057586750015616,-8.145191185176373,122,2026-02-27T17:33:39.400538+00:00,2316,1,2.695,2895.864,161.7,160.157
2026-02-27T17:13:13+00:00,37.05756252631545,-8.145179450511932,123,2026-02-27T17:33:39.400538+00:00,2316,1,2.888,2898.752,173.28,158.864
2026-02-27T17:13:14+00:00,37.057540733367205,-8.14516612328589,124,2026-02-27T17:33:39.400538+00:00,2316,1,2.696,2901.448,161.76,153.986
2026-02-27T17:13:15+00:00,37.0575166773051,-8.14515681937337,124,2026-02-27T17:33:39.400538+00:00,2316,1,2.799,2904.248,167.94,162.847
2026-02-27T17:13:16+00:00,37.0574944652617,-8.145149275660515,124,2026-02-27T17:33:39.400538+00:00,2316,1,2.559,2906.807,153.54,164.835
2026-02-27T17:13:17+00:00,37.05747057683766,-8.145143324509263,121,2026-02-27T17:33:39.400538+00:00,2316,1,2.708,2909.515,162.48,168.756
2026-02-27T17:13:18+00:00,37.05744182690978,-8.145140809938312,118,2026-02-27T17:33:39.400538+00:00,2316,1,3.205,2912.72,192.3,176.007
2026-02-27T17:13:19+00:00,37.05741684883833,-8.145142989233136,115,2026-02-27T17:33:39.400538+00:00,2316,1,2.784,2915.504,167.04,183.983
2026-02-27T17:13:20+00:00,37.05738918855786,-8.145147850736976,115,2026-02-27T17:33:39.400538+00:00,2316,1,3.106,2918.61,186.36,187.984
2026-02-27T17:13:21+00:00,37.05736412666738,-8.145147850736976,114,2026-02-27T17:33:39.400538+00:00,2316,1,2.787,2921.396,167.22,180.0
2026-02-27T17:13:22+00:00,37.05734023824334,-8.14514466561377,114,2026-02-27T17:33:39.400538+00:00,2316,1,2.671,2924.068,160.26,173.926
2026-02-27T17:13:23+00:00,37.05731609836221,-8.145132595673203,115,2026-02-27T17:33:39.400538+00:00,2316,1,2.89,2926.958,173.4,158.247
2026-02-27T17:13:24+00:00,37.05728835426271,-8.14512463286519,116,2026-02-27T17:33:39.400538+00:00,2316,1,3.165,2930.123,189.9,167.099
2026-02-27T17:13:25+00:00,37.057258766144514,-8.145122369751334,116,2026-02-27T17:33:39.400538+00:00,2316,1,3.296,2933.419,197.76,176.507
2026-02-27T17:13:26+00:00,37.057226998731494,-8.145124381408095,116,2026-02-27T17:33:39.400538+00:00,2316,1,3.537,2936.956,212.22,182.893
2026-02-27T17:13:27+00:00,37.0572008471936,-8.145123794674873,117,2026-02-27T17:33:39.400538+00:00,2316,1,2.908,2939.864,174.48,178.974
2026-02-27T17:13:28+00:00,37.05716178752482,-8.145145503804088,116,2026-02-27T17:33:39.400538+00:00,2316,1,4.751,2944.615,285.06,203.919
2026-02-27T17:13:29+00:00,37.057132786139846,-8.145150197669864,113,2026-02-27T17:33:39.400538+00:00,2316,1,3.252,2947.867,195.12,187.36
2026-02-27T17:13:30+00:00,37.05710814334452,-8.145158411934972,112,2026-02-27T17:33:39.400538+00:00,2316,1,2.835,2950.702,170.1,194.896
2026-02-27T17:13:31+00:00,37.05708459019661,-8.145158998668194,111,2026-02-27T17:33:39.400538+00:00,2316,1,2.62,2953.322,157.2,181.139
2026-02-27T17:13:32+00:00,37.057060450315475,-8.14515539444983,112,2026-02-27T17:33:39.400538+00:00,2316,1,2.703,2956.025,162.18,173.205
2026-02-27T17:13:33+00:00,37.05703438259661,-8.145163021981716,114,2026-02-27T17:33:39.400538+00:00,2316,1,2.977,2959.002,178.62,193.144
2026-02-27T17:13:34+00:00,37.0570124220103,-8.14517199061811,115,2026-02-27T17:33:39.400538+00:00,2316,1,2.568,2961.57,154.08,198.052
2026-02-27T17:13:35+00:00,37.056992975994945,-8.145186072215438,116,2026-02-27T17:33:39.400538+00:00,2316,1,2.497,2964.067,149.82,210.023
2026-02-27T17:13:36+00:00,37.05697227269411,-8.1451983936131,119,2026-02-27T17:33:39.400538+00:00,2316,1,2.549,2966.616,152.94,205.405
2026-02-27T17:13:37+00:00,37.05695064738393,-8.145213732495904,122,2026-02-27T17:33:39.400538+00:00,2316,1,2.763,2969.379,165.78,209.512
2026-02-27T17:13:38+00:00,37.05693069845438,-8.145231753587723,123,2026-02-27T17:33:39.400538+00:00,2316,1,2.735,2972.114,164.1,215.788
2026-02-27T17:13:39+00:00,37.05691049806774,-8.145253043621778,124,2026-02-27T17:33:39.400538+00:00,2316,1,2.935,2975.049,176.1,220.067
2026-02-27T17:13:40+00:00,37.05688971094787,-8.145271148532629,124,2026-02-27T17:33:39.400538+00:00,2316,1,2.815,2977.864,168.9,214.802
2026-02-27T17:13:41+00:00,37.05686951056123,-8.14528833143413,123,2026-02-27T17:33:39.400538+00:00,2316,1,2.715,2980.578,162.9,214.17
2026-02-27T17:13:42+00:00,37.05684721469879,-8.145307777449489,123,2026-02-27T17:33:39.400538+00:00,2316,1,3.021,2983.599,181.26,214.839
2026-02-27T17:13:43+00:00,37.05682667903602,-8.145329738035798,124,2026-02-27T17:33:39.400538+00:00,2316,1,3.002,2986.601,180.12,220.478
2026-02-27T17:13:44+00:00,37.05680790357292,-8.14535178244114,125,2026-02-27T17:33:39.400538+00:00,2316,1,2.861,2989.462,171.66,223.137
2026-02-27T17:13:45+00:00,37.0567914750427,-8.145370557904243,125,2026-02-27T17:33:39.400538+00:00,2316,1,2.472,2991.934,148.32,222.366
2026-02-27T17:13:46+00:00,37.05677496269345,-8.145390506833792,123,2026-02-27T17:33:39.400538+00:00,2316,1,2.55,2994.485,153.0,223.954
2026-02-27T17:13:47+00:00,37.056760462000966,-8.145412132143974,122,2026-02-27T17:33:39.400538+00:00,2316,1,2.506,2996.991,150.36,229.962
2026-02-27T17:13:48+00:00,37.0567431114614,-8.14543442800641,122,2026-02-27T17:33:39.400538+00:00,2316,1,2.763,2999.755,165.78,225.721
2026-02-27T17:13:49+00:00,37.05672550946474,-8.145456053316593,122,2026-02-27T17:33:39.400538+00:00,2316,1,2.741,3002.496,164.46,224.434
2026-02-27T17:13:50+00:00,37.056704219430685,-8.145468961447477,122,2026-02-27T17:33:39.400538+00:00,2316,1,2.63,3005.126,157.8,205.82
2026-02-27T17:13:51+00:00,37.05668251030147,-8.145476253703237,121,2026-02-27T17:33:39.400538+00:00,2316,1,2.499,3007.625,149.94,195.006
2026-02-27T17:13:52+00:00,37.05665820278227,-8.145485306158662,122,2026-02-27T17:33:39.400538+00:00,2316,1,2.82,3010.445,169.2,196.552
2026-02-27T17:13:53+00:00,37.05663741566241,-8.145493185147643,123,2026-02-27T17:33:39.400538+00:00,2316,1,2.415,3012.859,144.9,196.83
2026-02-27T17:13:54+00:00,37.056615287438035,-8.14550039358437,123,2026-02-27T17:33:39.400538+00:00,2316,1,2.542,3015.402,152.52,194.572
2026-02-27T17:13:55+00:00,37.05658921971917,-8.145504835993052,120,2026-02-27T17:33:39.400538+00:00,2316,1,2.925,3018.327,175.5,187.745
2026-02-27T17:13:56+00:00,37.056564996019006,-8.145510787144303,119,2026-02-27T17:33:39.400538+00:00,2316,1,2.745,3021.072,164.7,191.093
2026-02-27T17:13:57+00:00,37.05654035322368,-8.145516570657492,119,2026-02-27T17:33:39.400538+00:00,2316,1,2.788,3023.86,167.28,190.608
2026-02-27T17:13:58+00:00,37.05651537515223,-8.14551891759038,120,2026-02-27T17:33:39.400538+00:00,2316,1,2.785,3026.645,167.1,184.288
2026-02-27T17:13:59+00:00,37.056489726528525,-8.145520342513919,121,2026-02-27T17:33:39.400538+00:00,2316,1,2.855,3029.5,171.3,182.539
2026-02-27T17:14:00+00:00,37.05646600574255,-8.145521767437458,125,2026-02-27T17:33:39.400538+00:00,2316,1,2.641,3032.14,158.46,182.745
2026-02-27T17:14:01+00:00,37.05644270405173,-8.145528556779027,125,2026-02-27T17:33:39.400538+00:00,2316,1,2.66,3034.8,159.6,193.09
2026-02-27T17:14:02+00:00,37.0564220007509,-8.145538195967674,125,2026-02-27T17:33:39.400538+00:00,2316,1,2.456,3037.256,147.36,200.383
2026-02-27T17:14:03+00:00,37.05640196800232,-8.145560743287206,126,2026-02-27T17:33:39.400538+00:00,2316,1,2.994,3040.251,179.64,221.931
2026-02-27T17:14:04+00:00,37.05638453364372,-8.145584464073181,126,2026-02-27T17:33:39.400538+00:00,2316,1,2.862,3043.112,171.72,227.356
2026-02-27T17:14:05+00:00,37.05637606792152,-8.145609106868505,129,2026-02-27T17:33:39.400538+00:00,2316,1,2.381,3045.493,142.86,246.709
2026-02-27T17:14:06+00:00,37.05637916922569,-8.145632157102227,130,2026-02-27T17:33:39.400538+00:00,2316,1,2.074,3047.567,124.44,279.57
2026-02-27T17:14:07+00:00,37.05639258027077,-8.145647328346968,132,2026-02-27T17:33:39.400538+00:00,2316,1,2.009,3049.576,120.54,317.925
2026-02-27T17:14:08+00:00,37.056411020457745,-8.1456611584872,132,2026-02-27T17:33:39.400538+00:00,2316,1,2.39,3051.966,143.4,329.098
2026-02-27T17:14:09+00:00,37.05643029883504,-8.145674066618085,134,2026-02-27T17:33:39.400538+00:00,2316,1,2.43,3054.396,145.8,331.883
2026-02-27T17:14:10+00:00,37.05645217560232,-8.145684879273176,139,2026-02-27T17:33:39.400538+00:00,2316,1,2.615,3057.011,156.9,338.474
2026-02-27T17:14:11+00:00,37.056470699608326,-8.145698960870504,141,2026-02-27T17:33:39.400538+00:00,2316,1,2.409,3059.421,144.54,328.757
2026-02-27T17:14:12+00:00,37.05648846924305,-8.145713293924928,141,2026-02-27T17:33:39.400538+00:00,2316,1,2.35,3061.77,141.0,327.23
2026-02-27T17:14:13+00:00,37.05650757998228,-8.145730393007398,142,2026-02-27T17:33:39.400538+00:00,2316,1,2.611,3064.382,156.66,324.472
2026-02-27T17:14:14+00:00,37.05652702599764,-8.145746486261487,142,2026-02-27T17:33:39.400538+00:00,2316,1,2.591,3066.973,155.46,326.557
2026-02-27T17:14:15+00:00,37.05654798075557,-8.145762328058481,140,2026-02-27T17:33:39.400538+00:00,2316,1,2.721,3069.694,163.26,328.897
2026-02-27T17:14:16+00:00,37.05657362937927,-8.145782528445125,137,2026-02-27T17:33:39.400538+00:00,2316,1,3.369,3073.063,202.14,327.85
2026-02-27T17:14:17+00:00,37.05659391358495,-8.145802728831768,136,2026-02-27T17:33:39.400538+00:00,2316,1,2.881,3075.944,172.86,321.524
2026-02-27T17:14:18+00:00,37.05661403015256,-8.145816642791033,136,2026-02-27T17:33:39.400538+00:00,2316,1,2.555,3078.499,153.3,331.102
2026-02-27T17:14:19+00:00,37.05663364380598,-8.145828796550632,135,2026-02-27T17:33:39.400538+00:00,2316,1,2.433,3080.932,145.98,333.687
2026-02-27T17:14:20+00:00,37.05665158107877,-8.145838100463152,135,2026-02-27T17:33:39.400538+00:00,2316,1,2.159,3083.091,129.54,337.514
2026-02-27T17:14:21+00:00,37.056668596342206,-8.145849667489529,135,2026-02-27T17:33:39.400538+00:00,2316,1,2.153,3085.243,129.18,331.52
2026-02-27T17:14:22+00:00,37.05668695271015,-8.145862659439445,136,2026-02-27T17:33:39.400538+00:00,2316,1,2.344,3087.587,140.64,330.541
2026-02-27T17:14:23+00:00,37.056705141440034,-8.145877243950963,137,2026-02-27T17:33:39.400538+00:00,2316,1,2.401,3089.988,144.06,327.385
2026-02-27T17:14:24+00:00,37.05672576092184,-8.145888978615403,137,2026-02-27T17:33:39.400538+00:00,2316,1,2.518,3092.507,151.08,335.574
2026-02-27T17:14:25+00:00,37.05675090663135,-8.145898366346955,137,2026-02-27T17:33:39.400538+00:00,2316,1,2.918,3095.424,175.08,343.409
2026-02-27T17:14:26+00:00,37.05676649697125,-8.145910184830427,138,2026-02-27T17:33:39.400538+00:00,2316,1,2.026,3097.45,121.56,328.828
2026-02-27T17:14:27+00:00,37.05678309313953,-8.145924266427755,139,2026-02-27T17:33:39.400538+00:00,2316,1,2.229,3099.679,133.74,325.897
2026-02-27T17:14:28+00:00,37.05680304206908,-8.145938096567988,139,2026-02-27T17:33:39.400538+00:00,2316,1,2.535,3102.214,152.1,331.046
2026-02-27T17:14:29+00:00,37.05682240426541,-8.14595377072692,140,2026-02-27T17:33:39.400538+00:00,2316,1,2.563,3104.777,153.78,327.136
2026-02-27T17:14:30+00:00,37.05683656968176,-8.145971540361643,139,2026-02-27T17:33:39.400538+00:00,2316,1,2.229,3107.006,133.74,314.969
2026-02-27T17:14:31+00:00,37.05684914253652,-8.145989561453462,139,2026-02-27T17:33:39.400538+00:00,2316,1,2.124,3109.13,127.44,311.161
2026-02-27T17:14:32+00:00,37.05686506815255,-8.14600557088852,140,2026-02-27T17:33:39.400538+00:00,2316,1,2.27,3111.4,136.2,321.262
2026-02-27T17:14:33+00:00,37.05688166432083,-8.146020658314228,142,2026-02-27T17:33:39.400538+00:00,2316,1,2.28,3113.68,136.8,324.04
2026-02-27T17:14:34+00:00,37.056898176670074,-8.146037925034761,143,2026-02-27T17:33:39.400538+00:00,2316,1,2.391,3116.072,143.46,320.155
2026-02-27T17:14:35+00:00,37.05691854469478,-8.146058628335595,143,2026-02-27T17:33:39.400538+00:00,2316,1,2.916,3118.988,174.96,320.952
2026-02-27T17:14:36+00:00,37.05693773925304,-8.146078074350953,142,2026-02-27T17:33:39.400538+00:00,2316,1,2.745,3121.733,164.7,321.045
2026-02-27T17:14:37+00:00,37.05695668235421,-8.146098861470819,142,2026-02-27T17:33:39.400538+00:00,2316,1,2.8,3124.532,168.0,318.791
2026-02-27T17:14:38+00:00,37.05697864294052,-8.146112021058798,141,2026-02-27T17:33:39.400538+00:00,2316,1,2.707,3127.239,162.42,334.442
2026-02-27T17:14:39+00:00,37.0570023637265,-8.14612576738,141,2026-02-27T17:33:39.400538+00:00,2316,1,2.906,3130.145,174.36,335.181
2026-02-27T17:14:40+00:00,37.0570245757699,-8.146142279729247,141,2026-02-27T17:33:39.400538+00:00,2316,1,2.872,3133.017,172.32,329.321
2026-02-27T17:14:41+00:00,37.05704636871815,-8.146159127354622,142,2026-02-27T17:33:39.400538+00:00,2316,1,2.847,3135.864,170.82,328.328
2026-02-27T17:14:42+00:00,37.05706472508609,-8.146173795685172,142,2026-02-27T17:33:39.400538+00:00,2316,1,2.421,3138.285,145.26,327.474
2026-02-27T17:14:43+00:00,37.05708123743534,-8.146189469844103,141,2026-02-27T17:33:39.400538+00:00,2316,1,2.303,3140.589,138.18,322.855
2026-02-27T17:14:44+00:00,37.057097498327494,-8.146210089325905,142,2026-02-27T17:33:39.400538+00:00,2316,1,2.572,3143.161,154.32,314.66
2026-02-27T17:14:45+00:00,37.057110741734505,-8.146229535341263,143,2026-02-27T17:33:39.400538+00:00,2316,1,2.269,3145.43,136.14,310.477
2026-02-27T17:14:46+00:00,37.05712323077023,-8.146241856738925,144,2026-02-27T17:33:39.400538+00:00,2316,1,1.767,3147.197,106.02,321.786
2026-02-27T17:14:47+00:00,37.05713773146272,-8.146252669394016,145,2026-02-27T17:33:39.400538+00:00,2316,1,1.876,3149.073,112.56,329.245
2026-02-27T17:14:48+00:00,37.05715265125036,-8.146263984963298,145,2026-02-27T17:33:39.400538+00:00,2316,1,1.939,3151.013,116.34,328.816
2026-02-27T17:14:49+00:00,37.057169834151864,-8.146280748769641,146,2026-02-27T17:33:39.400538+00:00,2316,1,2.421,3153.434,145.26,322.097
2026-02-27T17:14:50+00:00,37.05718609504402,-8.14630069769919,147,2026-02-27T17:33:39.400538+00:00,2316,1,2.53,3155.964,151.8,315.607
2026-02-27T17:14:51+00:00,37.05720285885036,-8.146322406828403,148,2026-02-27T17:33:39.400538+00:00,2316,1,2.681,3158.645,160.86,314.057
2026-02-27T17:14:52+00:00,37.057219790294766,-8.146340595558286,146,2026-02-27T17:33:39.400538+00:00,2316,1,2.48,3161.125,148.8,319.394
2026-02-27T17:14:53+00:00,37.05723512917757,-8.146355347707868,145,2026-02-27T17:33:39.400538+00:00,2316,1,2.15,3163.275,129.0,322.493
2026-02-27T17:14:54+00:00,37.05725088715553,-8.146363645792007,144,2026-02-27T17:33:39.400538+00:00,2316,1,1.901,3165.176,114.06,337.206
2026-02-27T17:14:55+00:00,37.05727226100862,-8.14637403935194,142,2026-02-27T17:33:39.400538+00:00,2316,1,2.549,3167.725,152.94,338.791
2026-02-27T17:14:56+00:00,37.057293048128486,-8.14638384617865,141,2026-02-27T17:33:39.400538+00:00,2316,1,2.47,3170.195,148.2,339.369
2026-02-27T17:14:57+00:00,37.05731199122965,-8.146393736824393,141,2026-02-27T17:33:39.400538+00:00,2316,1,2.282,3172.477,136.92,337.38
2026-02-27T17:14:58+00:00,37.05732883885503,-8.14640823751688,141,2026-02-27T17:33:39.400538+00:00,2316,1,2.273,3174.749,136.38,325.516
2026-02-27T17:14:59+00:00,37.05734401009977,-8.146421816200018,142,2026-02-27T17:33:39.400538+00:00,2316,1,2.073,3176.822,124.38,324.463
2026-02-27T17:15:00+00:00,37.057358929887414,-8.146438747644424,143,2026-02-27T17:33:39.400538+00:00,2316,1,2.238,3179.061,134.28,317.835
2026-02-27T17:15:01+00:00,37.05737225711346,-8.1464590318501,143,2026-02-27T17:33:39.400538+00:00,2316,1,2.332,3181.392,139.92,309.465
2026-02-27T17:15:02+00:00,37.05739103257656,-8.146475376561284,144,2026-02-27T17:33:39.400538+00:00,2316,1,2.542,3183.934,152.52,325.212
2026-02-27T17:15:03+00:00,37.0574098918587,-8.146494571119547,144,2026-02-27T17:33:39.400538+00:00,2316,1,2.702,3186.636,162.12,320.916
2026-02-27T17:15:04+00:00,37.057428415864706,-8.14651284366846,145,2026-02-27T17:33:39.400538+00:00,2316,1,2.621,3189.257,157.26,321.79
2026-02-27T17:15:05+00:00,37.05744719132781,-8.14652843400836,144,2026-02-27T17:33:39.400538+00:00,2316,1,2.505,3191.762,150.3,326.47
2026-02-27T17:15:06+00:00,37.0574616920203,-8.146545784547925,144,2026-02-27T17:33:39.400538+00:00,2316,1,2.229,3193.991,133.74,316.322
2026-02-27T17:15:07+00:00,37.0574770309031,-8.146563805639744,144,2026-02-27T17:33:39.400538+00:00,2316,1,2.338,3196.329,140.28,316.845
2026-02-27T17:15:08+00:00,37.05749371089041,-8.146581072360277,143,2026-02-27T17:33:39.400538+00:00,2316,1,2.406,3198.735,144.36,320.44
2026-02-27T17:15:09+00:00,37.05751273781061,-8.146598087623715,141,2026-02-27T17:33:39.400538+00:00,2316,1,2.599,3201.334,155.94,324.486
2026-02-27T17:15:10+00:00,37.0575325191021,-8.146614264696836,142,2026-02-27T17:33:39.400538+00:00,2316,1,2.627,3203.961,157.62,326.87
2026-02-27T17:15:11+00:00,37.05755238421261,-8.146621389314532,143,2026-02-27T17:33:39.400538+00:00,2316,1,2.298,3206.258,137.88,344.028
2026-02-27T17:15:12+00:00,37.05756453797221,-8.146642092615366,143,2026-02-27T17:33:39.400538+00:00,2316,1,2.281,3208.539,136.86,306.339
2026-02-27T17:15:13+00:00,37.05757635645568,-8.146661287173629,144,2026-02-27T17:33:39.400538+00:00,2316,1,2.151,3210.69,129.06,307.652
2026-02-27T17:15:14+00:00,37.05758842639625,-8.146681571379304,144,2026-02-27T17:33:39.400538+00:00,2316,1,2.245,3212.936,134.7,306.71
2026-02-27T17:15:15+00:00,37.05760292708874,-8.146697664633393,144,2026-02-27T17:33:39.400538+00:00,2316,1,2.154,3215.089,129.24,318.469
2026-02-27T17:15:16+00:00,37.05761809833348,-8.146715182811022,144,2026-02-27T17:33:39.400538+00:00,2316,1,2.294,3217.383,137.64,317.34
2026-02-27T17:15:17+00:00,37.05763486213982,-8.146734880283475,144,2026-02-27T17:33:39.400538+00:00,2316,1,2.555,3219.939,153.3,316.842
2026-02-27T17:15:18+00:00,37.05765045247972,-8.146756421774626,144,2026-02-27T17:33:39.400538+00:00,2316,1,2.581,3222.519,154.86,312.205
2026-02-27T17:15:19+00:00,37.05766461789608,-8.146774442866445,144,2026-02-27T17:33:39.400538+00:00,2316,1,2.245,3224.764,134.7,314.567
2026-02-27T17:15:20+00:00,37.05767844803631,-8.146793050691485,143,2026-02-27T17:33:39.400538+00:00,2316,1,2.256,3227.02,135.36,312.964
2026-02-27T17:15:21+00:00,37.05769747495651,-8.146812412887812,143,2026-02-27T17:33:39.400538+00:00,2316,1,2.725,3229.746,163.5,320.92
2026-02-27T17:15:22+00:00,37.057717172428966,-8.146827332675457,141,2026-02-27T17:33:39.400538+00:00,2316,1,2.559,3232.305,153.54,328.849
2026-02-27T17:15:23+00:00,37.057737121358514,-8.146842755377293,138,2026-02-27T17:33:39.400538+00:00,2316,1,2.606,3234.912,156.36,328.327
2026-02-27T17:15:24+00:00,37.05775556154549,-8.146859183907509,138,2026-02-27T17:33:39.400538+00:00,2316,1,2.516,3237.427,150.96,324.588
2026-02-27T17:15:25+00:00,37.05777148716152,-8.146873516961932,137,2026-02-27T17:33:39.400538+00:00,2316,1,2.18,3239.608,130.8,324.313
2026-02-27T17:15:26+00:00,37.05778925679624,-8.146889694035053,139,2026-02-27T17:33:39.400538+00:00,2316,1,2.442,3242.05,146.52,324.001
2026-02-27T17:15:27+00:00,37.05780434422195,-8.146912241354585,139,2026-02-27T17:33:39.400538+00:00,2316,1,2.611,3244.661,156.66,309.98
2026-02-27T17:15:28+00:00,37.0578224491328,-8.146929424256086,140,2026-02-27T17:33:39.400538+00:00,2316,1,2.525,3247.186,151.5,322.86
2026-02-27T17:15:29+00:00,37.057838374748826,-8.14694526605308,140,2026-02-27T17:33:39.400538+00:00,2316,1,2.261,3249.447,135.66,321.556
2026-02-27T17:15:30+00:00,37.05785069614649,-8.146963957697153,139,2026-02-27T17:33:39.400538+00:00,2316,1,2.151,3251.599,129.06,309.558
2026-02-27T17:15:31+00:00,37.0578636880964,-8.146981811150908,139,2026-02-27T17:33:39.400538+00:00,2316,1,2.144,3253.743,128.64,312.361
2026-02-27T17:15:32+00:00,37.0578724052757,-8.146998323500156,139,2026-02-27T17:33:39.400538+00:00,2316,1,1.757,3255.5,105.42,303.486
2026-02-27T17:15:33+00:00,37.05788288265467,-8.147015338763595,138,2026-02-27T17:33:39.400538+00:00,2316,1,1.907,3257.407,114.42,307.654
2026-02-27T17:15:34+00:00,37.05789528787136,-8.147033024579287,138,2026-02-27T17:33:39.400538+00:00,2316,1,2.089,3259.496,125.34,311.314
2026-02-27T17:15:35+00:00,37.05791238695383,-8.147050878033042,139,2026-02-27T17:33:39.400538+00:00,2316,1,2.475,3261.971,148.5,320.198
2026-02-27T17:15:36+00:00,37.05793007276952,-8.147068312391639,140,2026-02-27T17:33:39.400538+00:00,2316,1,2.502,3264.473,150.12,321.809
2026-02-27T17:15:37+00:00,37.057950273156166,-8.147087255492806,141,2026-02-27T17:33:39.400538+00:00,2316,1,2.806,3267.279,168.36,323.19
2026-02-27T17:15:38+00:00,37.05797164700925,-8.147104773670435,141,2026-02-27T17:33:39.400538+00:00,2316,1,2.84,3270.119,170.4,326.813
2026-02-27T17:15:39+00:00,37.057993691414595,-8.14711919054389,140,2026-02-27T17:33:39.400538+00:00,2316,1,2.765,3272.884,165.9,332.44
2026-02-27T17:15:40+00:00,37.0580124668777,-8.147132936865091,140,2026-02-27T17:33:39.400538+00:00,2316,1,2.418,3275.302,145.08,329.704
2026-02-27T17:15:41+00:00,37.05802705138922,-8.147149365395308,140,2026-02-27T17:33:39.400538+00:00,2316,1,2.181,3277.482,130.86,318.047
2026-02-27T17:15:42+00:00,37.05804280936718,-8.147165793925524,138,2026-02-27T17:33:39.400538+00:00,2316,1,2.279,3279.762,136.74,320.24
2026-02-27T17:15:43+00:00,37.058060830459,-8.14717635512352,137,2026-02-27T17:33:39.400538+00:00,2316,1,2.212,3281.974,132.72,334.935
2026-02-27T17:15:44+00:00,37.05807843245566,-8.147191358730197,138,2026-02-27T17:33:39.400538+00:00,2316,1,2.367,3284.341,142.02,325.776
2026-02-27T17:15:45+00:00,37.05809469334781,-8.147209966555238,139,2026-02-27T17:33:39.400538+00:00,2316,1,2.449,3286.789,146.94,317.598
2026-02-27T17:15:46+00:00,37.058111960068345,-8.147228490561247,140,2026-02-27T17:33:39.400538+00:00,2316,1,2.527,3289.317,151.62,319.432
2026-02-27T17:15:47+00:00,37.05812738277018,-8.147248523309827,142,2026-02-27T17:33:39.400538+00:00,2316,1,2.47,3291.787,148.2,313.971
2026-02-27T17:15:48+00:00,37.05814582295716,-8.147266376763582,142,2026-02-27T17:33:39.400538+00:00,2316,1,2.591,3294.378,155.46,322.309
2026-02-27T17:15:49+00:00,37.058164179325104,-8.147280039265752,142,2026-02-27T17:33:39.400538+00:00,2316,1,2.374,3296.752,142.44,329.291
2026-02-27T17:15:50+00:00,37.05818203277886,-8.147295881062746,140,2026-02-27T17:33:39.400538+00:00,2316,1,2.433,3299.185,145.98,324.697
2026-02-27T17:15:51+00:00,37.05819234251976,-8.147316668182611,138,2026-02-27T17:33:39.400538+00:00,2316,1,2.172,3301.356,130.32,301.861
2026-02-27T17:15:52+00:00,37.0582040771842,-8.147334018722177,138,2026-02-27T17:33:39.400538+00:00,2316,1,2.018,3303.375,121.08,310.281
2026-02-27T17:15:53+00:00,37.0582178235054,-8.14734885469079,139,2026-02-27T17:33:39.400538+00:00,2316,1,2.017,3305.392,121.02,319.262
2026-02-27T17:15:54+00:00,37.05823198892176,-8.147365115582943,140,2026-02-27T17:33:39.400538+00:00,2316,1,2.136,3307.528,128.16,317.508
2026-02-27T17:15:55+00:00,37.05824892036617,-8.147381460294127,141,2026-02-27T17:33:39.400538+00:00,2316,1,2.377,3309.905,142.62,322.39
2026-02-27T17:15:56+00:00,37.058265851810575,-8.147398978471756,140,2026-02-27T17:33:39.400538+00:00,2316,1,2.442,3312.346,146.52,320.454
2026-02-27T17:15:57+00:00,37.0582852140069,-8.147411718964577,140,2026-02-27T17:33:39.400538+00:00,2316,1,2.432,3314.778,145.92,332.296
2026-02-27T17:15:58+00:00,37.05830440856517,-8.14742169342935,140,2026-02-27T17:33:39.400538+00:00,2316,1,2.311,3317.089,138.66,337.477
2026-02-27T17:15:59+00:00,37.058323519304395,-8.14743678085506,140,2026-02-27T17:33:39.400538+00:00,2316,1,2.512,3319.6,150.72,327.788
2026-02-27T17:16:00+00:00,37.0583422947675,-8.147454215213656,141,2026-02-27T17:33:39.400538+00:00,2316,1,2.598,3322.199,155.88,323.461
2026-02-27T17:16:01+00:00,37.05836417153478,-8.147462429478765,142,2026-02-27T17:33:39.400538+00:00,2316,1,2.539,3324.738,152.34,343.32
2026-02-27T17:16:02+00:00,37.05838294699788,-8.14747634343803,143,2026-02-27T17:33:39.400538+00:00,2316,1,2.425,3327.164,145.5,329.4
2026-02-27T17:16:03+00:00,37.05840381793678,-8.147492101415992,143,2026-02-27T17:33:39.400538+00:00,2316,1,2.709,3329.873,162.54,328.93
2026-02-27T17:16:04+00:00,37.058422761037946,-8.14750760793686,143,2026-02-27T17:33:39.400538+00:00,2316,1,2.516,3332.389,150.96,326.846
2026-02-27T17:16:05+00:00,37.05843994393945,-8.147523365914822,143,2026-02-27T17:33:39.400538+00:00,2316,1,2.368,3334.757,142.08,323.802
2026-02-27T17:16:06+00:00,37.05845226533711,-8.147541219368577,140,2026-02-27T17:33:39.400538+00:00,2316,1,2.095,3336.851,125.7,310.854
2026-02-27T17:16:07+00:00,37.058464251458645,-8.147559827193618,139,2026-02-27T17:33:39.400538+00:00,2316,1,2.122,3338.973,127.32,308.91
2026-02-27T17:16:08+00:00,37.05847959034145,-8.147571226581931,140,2026-02-27T17:33:39.400538+00:00,2316,1,1.983,3340.956,118.98,329.329
2026-02-27T17:16:09+00:00,37.05849375575781,-8.147568041458726,140,2026-02-27T17:33:39.400538+00:00,2316,1,1.6,3342.556,96.0,10.173
2026-02-27T17:16:10+00:00,37.05851001664996,-8.14755018800497,141,2026-02-27T17:33:39.400538+00:00,2316,1,2.404,3344.96,144.24,41.224
2026-02-27T17:16:11+00:00,37.05852108076215,-8.147529400885105,141,2026-02-27T17:33:39.400538+00:00,2316,1,2.217,3347.178,133.02,56.298
2026-02-27T17:16:12+00:00,37.05853516235947,-8.1475071888417,142,2026-02-27T17:33:39.400538+00:00,2316,1,2.517,3349.695,151.02,51.536
2026-02-27T17:16:13+00:00,37.05854932777584,-8.147483300417662,143,2026-02-27T17:33:39.400538+00:00,2316,1,2.641,3352.336,158.46,53.385
2026-02-27T17:16:14+00:00,37.05855972133577,-8.147455975413322,144,2026-02-27T17:33:39.400538+00:00,2316,1,2.686,3355.022,161.16,64.516
2026-02-27T17:16:15+00:00,37.05857204273343,-8.147435020655394,145,2026-02-27T17:33:39.400538+00:00,2316,1,2.31,3357.331,138.6,53.616
2026-02-27T17:16:16+00:00,37.05858377739787,-8.147418508306146,146,2026-02-27T17:33:39.400538+00:00,2316,1,1.962,3359.293,117.72,48.314
2026-02-27T17:16:17+00:00,37.05859492532909,-8.14739964902401,145,2026-02-27T17:33:39.400538+00:00,2316,1,2.083,3361.376,124.98,53.472
2026-02-27T17:16:18+00:00,37.05860573798418,-8.147379029542208,144,2026-02-27T17:33:39.400538+00:00,2316,1,2.189,3363.565,131.34,56.69
2026-02-27T17:16:19+00:00,37.05861940048635,-8.14735857769847,143,2026-02-27T17:33:39.400538+00:00,2316,1,2.367,3365.932,142.02,50.067
2026-02-27T17:16:20+00:00,37.05863105133176,-8.147337958216667,145,2026-02-27T17:33:39.400538+00:00,2316,1,2.242,3368.174,134.52,54.699
2026-02-27T17:16:21+00:00,37.05864354036749,-8.147314237430692,145,2026-02-27T17:33:39.400538+00:00,2316,1,2.522,3370.696,151.32,56.585
2026-02-27T17:16:22+00:00,37.05865368247032,-8.147293785586953,146,2026-02-27T17:33:39.400538+00:00,2316,1,2.137,3372.832,128.22,58.143
2026-02-27T17:16:23+00:00,37.0586652494967,-8.14727509394288,146,2026-02-27T17:33:39.400538+00:00,2316,1,2.099,3374.931,125.94,52.208
2026-02-27T17:16:24+00:00,37.05868327058852,-8.14725304953754,145,2026-02-27T17:33:39.400538+00:00,2316,1,2.8,3377.732,168.0,44.309
2026-02-27T17:16:25+00:00,37.05870296806097,-8.147231340408325,145,2026-02-27T17:33:39.400538+00:00,2316,1,2.917,3380.649,175.02,41.332
2026-02-27T17:16:26+00:00,37.05872140824795,-8.147211223840714,145,2026-02-27T17:33:39.400538+00:00,2316,1,2.719,3383.367,163.14,41.042
2026-02-27T17:16:27+00:00,37.05873942933977,-8.147189849987626,145,2026-02-27T17:33:39.400538+00:00,2316,1,2.759,3386.126,165.54,43.425
2026-02-27T17:16:28+00:00,37.058757953345776,-8.147168308496475,146,2026-02-27T17:33:39.400538+00:00,2316,1,2.81,3388.936,168.6,42.862
2026-02-27T17:16:29+00:00,37.05877438187599,-8.14714609645307,147,2026-02-27T17:33:39.400538+00:00,2316,1,2.687,3391.624,161.22,47.175
2026-02-27T17:16:30+00:00,37.05879391171038,-8.147125141695142,148,2026-02-27T17:33:39.400538+00:00,2316,1,2.859,3394.483,171.54,40.572
2026-02-27T17:16:31+00:00,37.05881142988801,-8.147107372060418,148,2026-02-27T17:33:39.400538+00:00,2316,1,2.506,3396.989,150.36,38.989
2026-02-27T17:16:32+00:00,37.05882660113275,-8.1470893509686,148,2026-02-27T17:33:39.400538+00:00,2316,1,2.324,3399.313,139.44,43.469
2026-02-27T17:16:33+00:00,37.058842442929745,-8.147072168067098,148,2026-02-27T17:33:39.400538+00:00,2316,1,2.33,3401.643,139.8,40.879
2026-02-27T17:16:34+00:00,37.058860966935754,-8.147054314613342,149,2026-02-27T17:33:39.400538+00:00,2316,1,2.599,3404.241,155.94,37.565
2026-02-27T17:16:35+00:00,37.05887798219919,-8.147037383168936,148,2026-02-27T17:33:39.400538+00:00,2316,1,2.416,3406.657,144.96,38.453
2026-02-27T17:16:36+00:00,37.05889290198684,-8.14701659604907,148,2026-02-27T17:33:39.400538+00:00,2316,1,2.481,3409.138,148.86,48.032
2026-02-27T17:16:37+00:00,37.05890916287899,-8.14699505455792,148,2026-02-27T17:33:39.400538+00:00,2316,1,2.631,3411.769,157.86,46.592
2026-02-27T17:16:38+00:00,37.058925507590175,-8.146978206932545,149,2026-02-27T17:33:39.400538+00:00,2316,1,2.353,3414.123,141.18,39.44
2026-02-27T17:16:39+00:00,37.05894201993942,-8.146959766745567,150,2026-02-27T17:33:39.400538+00:00,2316,1,2.459,3416.582,147.54,41.707
2026-02-27T17:16:40+00:00,37.05895937047899,-8.146941578015685,149,2026-02-27T17:33:39.400538+00:00,2316,1,2.515,3419.098,150.9,39.915
2026-02-27T17:16:41+00:00,37.05897361971438,-8.14692473039031,150,2026-02-27T17:33:39.400538+00:00,2316,1,2.178,3421.276,130.68,43.336
2026-02-27T17:16:42+00:00,37.05897990614176,-8.146912408992648,151,2026-02-27T17:33:39.400538+00:00,2316,1,1.298,3422.574,77.88,57.408
2026-02-27T17:16:43+00:00,37.058991976082325,-8.14689539372921,151,2026-02-27T17:33:39.400538+00:00,2316,1,2.02,3424.594,121.2,48.366
2026-02-27T17:16:44+00:00,37.059005638584495,-8.146876199170947,152,2026-02-27T17:33:39.400538+00:00,2316,1,2.282,3426.876,136.92,48.269
2026-02-27T17:16:45+00:00,37.059018881991506,-8.146854992955923,152,2026-02-27T17:33:39.400538+00:00,2316,1,2.389,3429.266,143.34,51.954
2026-02-27T17:16:46+00:00,37.05902852118015,-8.146834624931216,152,2026-02-27T17:33:39.400538+00:00,2316,1,2.101,3431.367,126.06,59.331
2026-02-27T17:16:47+00:00,37.059048218652606,-8.146815681830049,152,2026-02-27T17:33:39.400538+00:00,2316,1,2.761,3434.128,165.66,37.505
2026-02-27T17:16:48+00:00,37.05906523391605,-8.146797744557261,151,2026-02-27T17:33:39.400538+00:00,2316,1,2.472,3436.6,148.32,40.072
2026-02-27T17:16:49+00:00,37.05908442847431,-8.146776119247079,151,2026-02-27T17:33:39.400538+00:00,2316,1,2.87,3439.47,172.2,41.958
2026-02-27T17:16:50+00:00,37.05910127609968,-8.146758181974292,152,2026-02-27T17:33:39.400538+00:00,2316,1,2.458,3441.929,147.48,40.352
2026-02-27T17:16:51+00:00,37.05911829136312,-8.146739825606346,153,2026-02-27T17:33:39.400538+00:00,2316,1,2.497,3444.425,149.82,40.726
2026-02-27T17:16:52+00:00,37.059132708236575,-8.146722475066781,153,2026-02-27T17:33:39.400538+00:00,2316,1,2.223,3446.648,133.38,43.843
2026-02-27T17:16:53+00:00,37.059148801490664,-8.146703783422709,154,2026-02-27T17:33:39.400538+00:00,2316,1,2.44,3449.088,146.4,42.826
2026-02-27T17:16:54+00:00,37.05916564911604,-8.146681739017367,153,2026-02-27T17:33:39.400538+00:00,2316,1,2.708,3451.796,162.48,46.238
2026-02-27T17:16:55+00:00,37.05918618477881,-8.14665843732655,152,2026-02-27T17:33:39.400538+00:00,2316,1,3.081,3454.877,184.86,42.161
2026-02-27T17:16:56+00:00,37.05920428968966,-8.146634800359607,152,2026-02-27T17:33:39.400538+00:00,2316,1,2.907,3457.784,174.42,46.174
2026-02-27T17:16:57+00:00,37.059220215305686,-8.14661149866879,151,2026-02-27T17:33:39.400538+00:00,2316,1,2.722,3460.506,163.32,49.422
2026-02-27T17:16:58+00:00,37.05923563800752,-8.146591214463115,151,2026-02-27T17:33:39.400538+00:00,2316,1,2.486,3462.992,149.16,46.385
2026-02-27T17:16:59+00:00,37.05925466492772,-8.146569840610027,151,2026-02-27T17:33:39.400538+00:00,2316,1,2.841,3465.834,170.46,41.875
2026-02-27T17:17:00+00:00,37.05926975235343,-8.146546958014369,151,2026-02-27T17:33:39.400538+00:00,2316,1,2.634,3468.468,158.04,50.436
2026-02-27T17:17:01+00:00,37.059286097064614,-8.146521644666791,151,2026-02-27T17:33:39.400538+00:00,2316,1,2.889,3471.357,173.34,51.023
2026-02-27T17:17:02+00:00,37.0593040343374,-8.146493649110198,152,2026-02-27T17:33:39.400538+00:00,2316,1,3.186,3474.543,191.16,51.239
2026-02-27T17:17:03+00:00,37.05931585282087,-8.146476047113538,149,2026-02-27T17:33:39.400538+00:00,2316,1,2.041,3476.584,122.46,49.924
2026-02-27T17:17:04+00:00,37.05932985059917,-8.146458696573973,148,2026-02-27T17:33:39.400538+00:00,2316,1,2.189,3478.773,131.34,44.688
2026-02-27T17:17:05+00:00,37.05934150144458,-8.146441681310534,148,2026-02-27T17:33:39.400538+00:00,2316,1,1.989,3480.763,119.34,49.369
2026-02-27T17:17:06+00:00,37.059352062642574,-8.146425001323223,148,2026-02-27T17:33:39.400538+00:00,2316,1,1.889,3482.652,113.34,51.57
2026-02-27T17:17:07+00:00,37.059365222230554,-8.146407064050436,148,2026-02-27T17:33:39.400538+00:00,2316,1,2.162,3484.814,129.72,47.406
2026-02-27T17:17:08+00:00,37.05938349477947,-8.146385522559285,147,2026-02-27T17:33:39.400538+00:00,2316,1,2.79,3487.604,167.4,43.252
2026-02-27T17:17:09+00:00,37.05940227024257,-8.146364400163293,147,2026-02-27T17:33:39.400538+00:00,2316,1,2.806,3490.41,168.36,41.916
2026-02-27T17:17:10+00:00,37.05942012369633,-8.146345037966967,146,2026-02-27T17:33:39.400538+00:00,2316,1,2.625,3493.035,157.5,40.874
2026-02-27T17:17:11+00:00,37.05943889915943,-8.146326262503862,147,2026-02-27T17:33:39.400538+00:00,2316,1,2.671,3495.706,160.26,38.59
2026-02-27T17:17:12+00:00,37.05945658497512,-8.146310169249773,148,2026-02-27T17:33:39.400538+00:00,2316,1,2.43,3498.136,145.8,35.985
2026-02-27T17:17:13+00:00,37.05947242677212,-8.146291393786669,148,2026-02-27T17:33:39.400538+00:00,2316,1,2.425,3500.561,145.5,43.404
2026-02-27T17:17:14+00:00,37.05948726274073,-8.146270522847772,148,2026-02-27T17:33:39.400538+00:00,2316,1,2.48,3503.041,148.8,48.306
2026-02-27T17:17:15+00:00,37.0595059543848,-8.146237833425403,147,2026-02-27T17:33:39.400538+00:00,2316,1,3.568,3506.61,214.08,54.377
2026-02-27T17:17:16+00:00,37.05952489748597,-8.146207658573985,143,2026-02-27T17:33:39.400538+00:00,2316,1,3.407,3510.016,204.42,51.809
2026-02-27T17:17:17+00:00,37.05954593606293,-8.146176813170314,142,2026-02-27T17:33:39.400538+00:00,2316,1,3.601,3513.617,216.06,49.479
2026-02-27T17:17:18+00:00,37.05956110730767,-8.146152338013053,142,2026-02-27T17:33:39.400538+00:00,2316,1,2.75,3516.367,165.0,52.161
2026-02-27T17:17:19+00:00,37.05957560800016,-8.146130125969648,142,2026-02-27T17:33:39.400538+00:00,2316,1,2.546,3518.913,152.76,50.714
2026-02-27T17:17:20+00:00,37.05958583392203,-8.146111015230417,142,2026-02-27T17:33:39.400538+00:00,2316,1,2.042,3520.955,122.52,56.157
2026-02-27T17:17:21+00:00,37.05960041843355,-8.146090479567647,143,2026-02-27T17:33:39.400538+00:00,2316,1,2.439,3523.395,146.34,48.332
2026-02-27T17:17:22+00:00,37.05961768515408,-8.146071033552289,143,2026-02-27T17:33:39.400538+00:00,2316,1,2.581,3525.976,154.86,41.947
2026-02-27T17:17:23+00:00,37.059635035693645,-8.146054521203041,141,2026-02-27T17:33:39.400538+00:00,2316,1,2.423,3528.399,145.38,37.215
2026-02-27T17:17:24+00:00,37.059654984623194,-8.146033734083176,141,2026-02-27T17:33:39.400538+00:00,2316,1,2.885,3531.284,173.1,39.745
2026-02-27T17:17:25+00:00,37.05967124551535,-8.146012527868152,140,2026-02-27T17:33:39.400538+00:00,2316,1,2.61,3533.893,156.6,46.143
2026-02-27T17:17:26+00:00,37.05968398600817,-8.145992495119572,140,2026-02-27T17:33:39.400538+00:00,2316,1,2.273,3536.166,136.38,51.446
2026-02-27T17:17:27+00:00,37.059697564691305,-8.145974641665816,140,2026-02-27T17:33:39.400538+00:00,2316,1,2.188,3538.355,131.28,46.376
2026-02-27T17:17:28+00:00,37.0597115624696,-8.14596064388752,141,2026-02-27T17:33:39.400538+00:00,2316,1,1.991,3540.346,119.46,38.59
2026-02-27T17:17:29+00:00,37.05972329713404,-8.145947400480509,141,2026-02-27T17:33:39.400538+00:00,2316,1,1.756,3542.102,105.36,42.006
2026-02-27T17:17:30+00:00,37.059738049283624,-8.14592988230288,140,2026-02-27T17:33:39.400538+00:00,2316,1,2.26,3544.362,135.6,43.46
2026-02-27T17:17:31+00:00,37.059752717614174,-8.145913034677505,140,2026-02-27T17:33:39.400538+00:00,2316,1,2.213,3546.574,132.78,42.507
2026-02-27T17:17:32+00:00,37.05976981669664,-8.145896270871162,140,2026-02-27T17:33:39.400538+00:00,2316,1,2.414,3548.989,144.84,38.038
2026-02-27T17:17:33+00:00,37.059788005426526,-8.145880931988358,141,2026-02-27T17:33:39.400538+00:00,2316,1,2.438,3551.426,146.28,33.94
2026-02-27T17:17:34+00:00,37.059803092852235,-8.145866934210062,141,2026-02-27T17:33:39.400538+00:00,2316,1,2.087,3553.514,125.22,36.515
2026-02-27T17:17:35+00:00,37.059819772839546,-8.145852265879512,142,2026-02-27T17:33:39.400538+00:00,2316,1,2.266,3555.78,135.96,35.06
2026-02-27T17:17:36+00:00,37.05983703956008,-8.14583944156766,142,2026-02-27T17:33:39.400538+00:00,2316,1,2.232,3558.012,133.92,30.655
2026-02-27T17:17:37+00:00,37.059851456433535,-8.145825527608395,143,2026-02-27T17:33:39.400538+00:00,2316,1,2.023,3560.035,121.38,37.602
2026-02-27T17:17:38+00:00,37.059864196926355,-8.145810691639781,144,2026-02-27T17:33:39.400538+00:00,2316,1,1.934,3561.969,116.04,42.9
2026-02-27T17:17:39+00:00,37.05987961962819,-8.145795185118914,144,2026-02-27T17:33:39.400538+00:00,2316,1,2.199,3564.168,131.94,38.742
2026-02-27T17:17:40+00:00,37.05989412032068,-8.145778672769666,141,2026-02-27T17:33:39.400538+00:00,2316,1,2.179,3566.346,130.74,42.262
2026-02-27T17:17:41+00:00,37.05990744754672,-8.14576031640172,139,2026-02-27T17:33:39.400538+00:00,2316,1,2.202,3568.548,132.12,47.704
2026-02-27T17:17:42+00:00,37.059918930754066,-8.145741121843457,139,2026-02-27T17:33:39.400538+00:00,2316,1,2.129,3570.677,127.74,53.142
2026-02-27T17:17:43+00:00,37.05993368290365,-8.145718909800053,140,2026-02-27T17:33:39.400538+00:00,2316,1,2.564,3573.241,153.84,50.231
2026-02-27T17:17:44+00:00,37.05994751304388,-8.145697200670838,142,2026-02-27T17:33:39.400538+00:00,2316,1,2.465,3575.706,147.9,51.399
2026-02-27T17:17:45+00:00,37.05996201373637,-8.14567775465548,143,2026-02-27T17:33:39.400538+00:00,2316,1,2.362,3578.068,141.72,46.941
2026-02-27T17:17:46+00:00,37.05997944809496,-8.145660487934947,145,2026-02-27T17:33:39.400538+00:00,2316,1,2.471,3580.539,148.26,38.32
2026-02-27T17:17:47+00:00,37.059996128082275,-8.145645316690207,145,2026-02-27T17:33:39.400538+00:00,2316,1,2.292,3582.831,137.52,35.973
2026-02-27T17:17:48+00:00,37.060011215507984,-8.14562595449388,145,2026-02-27T17:33:39.400538+00:00,2316,1,2.401,3585.232,144.06,45.682
2026-02-27T17:17:49+00:00,37.06002512946725,-8.145600641146302,144,2026-02-27T17:33:39.400538+00:00,2316,1,2.727,3587.959,163.62,55.441
2026-02-27T17:17:50+00:00,37.06004239618778,-8.145578345283866,144,2026-02-27T17:33:39.400538+00:00,2316,1,2.757,3590.716,165.42,45.859
2026-02-27T17:17:51+00:00,37.06006142310798,-8.145557139068842,144,2026-02-27T17:33:39.400538+00:00,2316,1,2.831,3593.548,169.86,41.65
2026-02-27T17:17:52+00:00,37.06008003093302,-8.145539872348309,144,2026-02-27T17:33:39.400538+00:00,2316,1,2.575,3596.122,154.5,36.52
2026-02-27T17:17:53+00:00,37.06009260378778,-8.14552629366517,144,2026-02-27T17:33:39.400538+00:00,2316,1,1.846,3597.968,110.76,40.756
2026-02-27T17:17:54+00:00,37.06010710448027,-8.145509697496891,145,2026-02-27T17:33:39.400538+00:00,2316,1,2.184,3600.152,131.04,42.406
2026-02-27T17:17:55+00:00,37.06012286245823,-8.14548765309155,147,2026-02-27T17:33:39.400538+00:00,2316,1,2.626,3602.778,157.56,48.147
2026-02-27T17:17:56+00:00,37.06013954244554,-8.145464351400733,146,2026-02-27T17:33:39.400538+00:00,2316,1,2.778,3605.555,166.68,48.107
2026-02-27T17:17:57+00:00,37.06015798263252,-8.145443312823772,146,2026-02-27T17:33:39.400538+00:00,2316,1,2.773,3608.328,166.38,42.316
2026-02-27T17:17:58+00:00,37.06017734482885,-8.145424788817763,144,2026-02-27T17:33:39.400538+00:00,2316,1,2.709,3611.037,162.54,37.36
2026-02-27T17:17:59+00:00,37.0601967908442,-8.145405678078532,143,2026-02-27T17:33:39.400538+00:00,2316,1,2.748,3613.785,164.88,38.105
2026-02-27T17:18:00+00:00,37.06021481193602,-8.14538941718638,143,2026-02-27T17:33:39.400538+00:00,2316,1,2.469,3616.254,148.14,35.756
2026-02-27T17:18:01+00:00,37.06023040227592,-8.145372904837132,143,2026-02-27T17:33:39.400538+00:00,2316,1,2.27,3618.524,136.2,40.204
2026-02-27T17:18:02+00:00,37.06024750135839,-8.145354045554996,144,2026-02-27T17:33:39.400538+00:00,2316,1,2.533,3621.057,151.98,41.353
2026-02-27T17:18:03+00:00,37.06026183441281,-8.145336108282208,145,2026-02-27T17:33:39.400538+00:00,2316,1,2.252,3623.309,135.12,44.962
2026-02-27T17:18:04+00:00,37.060270719230175,-8.145317500457168,145,2026-02-27T17:33:39.400538+00:00,2316,1,1.924,3625.233,115.44,59.106
2026-02-27T17:18:05+00:00,37.06028798595071,-8.14529419876635,145,2026-02-27T17:33:39.400538+00:00,2316,1,2.822,3628.055,169.32,47.121
2026-02-27T17:18:06+00:00,37.06030684523285,-8.145274668931961,144,2026-02-27T17:33:39.400538+00:00,2316,1,2.72,3630.776,163.2,39.569
2026-02-27T17:18:07+00:00,37.06032386049628,-8.145257234573364,143,2026-02-27T17:33:39.400538+00:00,2316,1,2.444,3633.219,146.64,39.271
2026-02-27T17:18:08+00:00,37.0603418815881,-8.145240554586053,142,2026-02-27T17:33:39.400538+00:00,2316,1,2.491,3635.711,149.46,36.45
2026-02-27T17:18:09+00:00,37.060357471928,-8.14521985128522,141,2026-02-27T17:33:39.400538+00:00,2316,1,2.526,3638.237,151.56,46.661
2026-02-27T17:18:10+00:00,37.06037255935371,-8.145197136327624,142,2026-02-27T17:33:39.400538+00:00,2316,1,2.622,3640.859,157.32,50.228
2026-02-27T17:18:11+00:00,37.060389909893274,-8.145178277045488,143,2026-02-27T17:33:39.400538+00:00,2316,1,2.554,3643.413,153.24,40.938
2026-02-27T17:18:12+00:00,37.0604042429477,-8.145161010324955,143,2026-02-27T17:33:39.400538+00:00,2316,1,2.211,3645.624,132.66,43.871
2026-02-27T17:18:13+00:00,37.06042394042015,-8.145139385014772,143,2026-02-27T17:33:39.400538+00:00,2316,1,2.912,3648.536,174.72,41.222
2026-02-27T17:18:14+00:00,37.0604404527694,-8.14511876553297,144,2026-02-27T17:33:39.400538+00:00,2316,1,2.592,3651.128,155.52,44.899
2026-02-27T17:18:15+00:00,37.06045554019511,-8.145100241526961,144,2026-02-27T17:33:39.400538+00:00,2316,1,2.349,3653.476,140.94,44.414
2026-02-27T17:18:16+00:00,37.060470124706626,-8.145082890987396,143,2026-02-27T17:33:39.400538+00:00,2316,1,2.236,3655.713,134.16,43.511
2026-02-27T17:18:17+00:00,37.06048596650362,-8.145067719742656,142,2026-02-27T17:33:39.400538+00:00,2316,1,2.217,3657.93,133.02,37.388
2026-02-27T17:18:18+00:00,37.06050205975771,-8.145049111917615,141,2026-02-27T17:33:39.400538+00:00,2316,1,2.435,3660.364,146.1,42.697
2026-02-27T17:18:19+00:00,37.060520919039845,-8.145029079169035,139,2026-02-27T17:33:39.400538+00:00,2316,1,2.749,3663.113,164.94,40.286
2026-02-27T17:18:20+00:00,37.06054254435003,-8.145011309534311,139,2026-02-27T17:33:39.400538+00:00,2316,1,2.875,3665.989,172.5,33.254
2026-02-27T17:18:21+00:00,37.06055838614702,-8.144998904317617,139,2026-02-27T17:33:39.400538+00:00,2316,1,2.077,3668.066,124.62,32.001
2026-02-27T17:18:22+00:00,37.060578083619475,-8.144980045035481,140,2026-02-27T17:33:39.400538+00:00,2316,1,2.756,3670.823,165.36,37.381
2026-02-27T17:18:23+00:00,37.06059828400612,-8.144958838820457,142,2026-02-27T17:33:39.400538+00:00,2316,1,2.93,3673.753,175.8,39.954
2026-02-27T17:18:24+00:00,37.06061412580311,-8.144942075014114,143,2026-02-27T17:33:39.400538+00:00,2316,1,2.306,3676.058,138.36,40.179
2026-02-27T17:18:25+00:00,37.06062803976238,-8.144928831607103,142,2026-02-27T17:33:39.400538+00:00,2316,1,1.943,3678.001,116.58,37.218
2026-02-27T17:18:26+00:00,37.06064044497907,-8.144913408905268,141,2026-02-27T17:33:39.400538+00:00,2316,1,1.943,3679.944,116.58,44.773
2026-02-27T17:18:27+00:00,37.06065360456705,-8.144897315651178,141,2026-02-27T17:33:39.400538+00:00,2316,1,2.045,3681.989,122.7,44.301
2026-02-27T17:18:28+00:00,37.06066248938441,-8.144882395863533,139,2026-02-27T17:33:39.400538+00:00,2316,1,1.652,3683.641,99.12,53.268
2026-02-27T17:18:29+00:00,37.0606753975153,-8.144865129143,139,2026-02-27T17:33:39.400538+00:00,2316,1,2.099,3685.74,125.94,46.869
2026-02-27T17:18:30+00:00,37.0606888923794,-8.144850209355354,137,2026-02-27T17:33:39.400538+00:00,2316,1,2.001,3687.741,120.06,41.421
2026-02-27T17:18:31+00:00,37.060705572366714,-8.144835289567709,136,2026-02-27T17:33:39.400538+00:00,2316,1,2.279,3690.02,136.74,35.519
2026-02-27T17:18:32+00:00,37.0607253536582,-8.144818190485239,136,2026-02-27T17:33:39.400538+00:00,2316,1,2.672,3692.692,160.32,34.598
2026-02-27T17:18:33+00:00,37.06074379384518,-8.144807126373053,136,2026-02-27T17:33:39.400538+00:00,2316,1,2.273,3694.965,136.38,25.585
2026-02-27T17:18:34+00:00,37.06075854599476,-8.14479329623282,137,2026-02-27T17:33:39.400538+00:00,2316,1,2.049,3697.014,122.94,36.801
2026-02-27T17:18:35+00:00,37.06077623181045,-8.144774856045842,138,2026-02-27T17:33:39.400538+00:00,2316,1,2.558,3699.572,153.48,39.762
2026-02-27T17:18:36+00:00,37.06079768948257,-8.144752811640501,138,2026-02-27T17:33:39.400538+00:00,2316,1,3.085,3702.658,185.1,39.345
2026-02-27T17:18:37+00:00,37.0608152076602,-8.144734958186746,138,2026-02-27T17:33:39.400538+00:00,2316,1,2.511,3705.168,150.66,39.12
2026-02-27T17:18:38+00:00,37.060831217095256,-8.14472054131329,139,2026-02-27T17:33:39.400538+00:00,2316,1,2.192,3707.361,131.52,35.702
2026-02-27T17:18:39+00:00,37.06084890291095,-8.144704615697265,138,2026-02-27T17:33:39.400538+00:00,2316,1,2.422,3709.782,145.32,35.7
2026-02-27T17:18:40+00:00,37.06086608581245,-8.144686678424478,139,2026-02-27T17:33:39.400538+00:00,2316,1,2.487,3712.269,149.22,39.795
2026-02-27T17:18:41+00:00,37.06088427454233,-8.14466723240912,139,2026-02-27T17:33:39.400538+00:00,2316,1,2.659,3714.927,159.54,40.469
2026-02-27T17:18:42+00:00,37.06090028397739,-8.144651977345347,139,2026-02-27T17:33:39.400538+00:00,2316,1,2.236,3717.164,134.16,37.249
2026-02-27T17:18:43+00:00,37.06091268919408,-8.144639320671558,139,2026-02-27T17:33:39.400538+00:00,2316,1,1.779,3718.943,106.74,39.151
2026-02-27T17:18:44+00:00,37.06092660315335,-8.144627250730991,138,2026-02-27T17:33:39.400538+00:00,2316,1,1.882,3720.824,112.92,34.692
2026-02-27T17:18:45+00:00,37.060943534597754,-8.144609816372395,138,2026-02-27T17:33:39.400538+00:00,2316,1,2.437,3723.261,146.22,39.41
2026-02-27T17:18:46+00:00,37.06095811910927,-8.144593304023147,139,2026-02-27T17:33:39.400538+00:00,2316,1,2.186,3725.447,131.16,42.097
2026-02-27T17:18:47+00:00,37.0609703566879,-8.14457779750228,139,2026-02-27T17:33:39.400538+00:00,2316,1,1.935,3727.382,116.1,45.318
2026-02-27T17:18:48+00:00,37.06098427064717,-8.144562123343349,139,2026-02-27T17:33:39.400538+00:00,2316,1,2.08,3729.462,124.8,41.954
2026-02-27T17:18:49+00:00,37.06099843606353,-8.14454896375537,139,2026-02-27T17:33:39.400538+00:00,2316,1,1.961,3731.423,117.66,36.551
2026-02-27T17:18:50+00:00,37.0610118471086,-8.144535049796104,139,2026-02-27T17:33:39.400538+00:00,2316,1,1.936,3733.359,116.16,39.622
2026-02-27T17:18:51+00:00,37.06102827563882,-8.14451577141881,139,2026-02-27T17:33:39.400538+00:00,2316,1,2.503,3735.862,150.18,43.119
2026-02-27T17:18:52+00:00,37.0610414352268,-8.14449624158442,139,2026-02-27T17:33:39.400538+00:00,2316,1,2.268,3738.13,136.08,49.823
2026-02-27T17:18:53+00:00,37.061052499338984,-8.144479813054204,140,2026-02-27T17:33:39.400538+00:00,2316,1,1.908,3740.037,114.48,49.837
2026-02-27T17:18:54+00:00,37.061068173497915,-8.144461708143353,140,2026-02-27T17:33:39.400538+00:00,2316,1,2.37,3742.408,142.2,42.668
2026-02-27T17:18:55+00:00,37.06108409911394,-8.144445279613137,140,2026-02-27T17:33:39.400538+00:00,2316,1,2.294,3744.701,137.64,39.461
2026-02-27T17:18:56+00:00,37.061098013073206,-8.14443027600646,137,2026-02-27T17:33:39.400538+00:00,2316,1,2.041,3746.742,122.46,40.712
2026-02-27T17:18:57+00:00,37.06111259758472,-8.144418122246861,135,2026-02-27T17:33:39.400538+00:00,2316,1,1.948,3748.69,116.88,33.624
2026-02-27T17:18:58+00:00,37.06112843938172,-8.144409824162722,134,2026-02-27T17:33:39.400538+00:00,2316,1,1.909,3750.599,114.54,22.685
2026-02-27T17:18:59+00:00,37.061140509322286,-8.144410075619817,136,2026-02-27T17:33:39.400538+00:00,2316,1,1.342,3751.941,80.52,359.048
2026-02-27T17:19:00+00:00,37.061159536242485,-8.144409824162722,136,2026-02-27T17:33:39.400538+00:00,2316,1,2.116,3754.057,126.96,0.604
2026-02-27T17:19:01+00:00,37.06117286346853,-8.144423235207796,137,2026-02-27T17:33:39.400538+00:00,2316,1,1.901,3755.958,114.06,321.235
2026-02-27T17:19:02+00:00,37.06118828617036,-8.144440837204456,137,2026-02-27T17:33:39.400538+00:00,2316,1,2.32,3758.277,139.2,317.674
2026-02-27T17:19:03+00:00,37.0612055528909,-8.1444610375911,138,2026-02-27T17:33:39.400538+00:00,2316,1,2.627,3760.904,157.62,316.968
2026-02-27T17:19:04+00:00,37.06122080795467,-8.144482159987092,139,2026-02-27T17:33:39.400538+00:00,2316,1,2.528,3763.432,151.68,312.147
2026-02-27T17:19:05+00:00,37.061237236484885,-8.144506886601448,141,2026-02-27T17:33:39.400538+00:00,2316,1,2.855,3766.287,171.3,309.781
2026-02-27T17:19:06+00:00,37.06124779768288,-8.144534630700946,142,2026-02-27T17:33:39.400538+00:00,2316,1,2.728,3769.014,163.68,295.502
2026-02-27T17:19:07+00:00,37.06125953234732,-8.144558602944016,143,2026-02-27T17:33:39.400538+00:00,2316,1,2.495,3771.51,149.7,301.526
2026-02-27T17:19:08+00:00,37.06127327866852,-8.144580060616136,146,2026-02-27T17:33:39.400538+00:00,2316,1,2.442,3773.952,146.52,308.757
2026-02-27T17:19:09+00:00,37.061287527903914,-8.144602188840508,147,2026-02-27T17:33:39.400538+00:00,2316,1,2.523,3776.475,151.38,308.902
2026-02-27T17:19:10+00:00,37.06130429171026,-8.144623395055532,147,2026-02-27T17:33:39.400538+00:00,2316,1,2.649,3779.123,158.94,314.73
2026-02-27T17:19:11+00:00,37.0613228995353,-8.144641667604446,148,2026-02-27T17:33:39.400538+00:00,2316,1,2.629,3781.752,157.74,321.917
2026-02-27T17:19:12+00:00,37.06133999861777,-8.144661113619804,149,2026-02-27T17:33:39.400538+00:00,2316,1,2.568,3784.319,154.08,317.776
2026-02-27T17:19:13+00:00,37.06135634332895,-8.144682655110955,149,2026-02-27T17:33:39.400538+00:00,2316,1,2.638,3786.957,158.28,313.556
2026-02-27T17:19:14+00:00,37.06137436442077,-8.14470587298274,149,2026-02-27T17:33:39.400538+00:00,2316,1,2.874,3789.831,172.44,314.206
2026-02-27T17:19:15+00:00,37.06139305606485,-8.144729593768716,149,2026-02-27T17:33:39.400538+00:00,2316,1,2.958,3792.789,177.48,314.639
2026-02-27T17:19:16+00:00,37.0614127535373,-8.14474786631763,149,2026-02-27T17:33:39.400538+00:00,2316,1,2.725,3795.514,163.5,323.489
2026-02-27T17:19:17+00:00,37.06143136136234,-8.144766641780734,148,2026-02-27T17:33:39.400538+00:00,2316,1,2.656,3798.171,159.36,321.16
2026-02-27T17:19:18+00:00,37.06144737079739,-8.144785417243838,148,2026-02-27T17:33:39.400538+00:00,2316,1,2.438,3800.609,146.28,316.898
2026-02-27T17:19:19+00:00,37.061462039127946,-8.144804360345006,147,2026-02-27T17:33:39.400538+00:00,2316,1,2.342,3802.951,140.52,314.138
2026-02-27T17:19:20+00:00,37.061478048563,-8.144824644550681,145,2026-02-27T17:33:39.400538+00:00,2316,1,2.532,3805.482,151.92,314.685
2026-02-27T17:19:21+00:00,37.06149414181709,-8.144845264032483,145,2026-02-27T17:33:39.400538+00:00,2316,1,2.559,3808.042,153.54,314.365
2026-02-27T17:19:22+00:00,37.06151015125215,-8.144867392256856,146,2026-02-27T17:33:39.400538+00:00,2316,1,2.65,3810.692,159.0,312.197
2026-02-27T17:19:23+00:00,37.06152808852494,-8.144889185205102,146,2026-02-27T17:33:39.400538+00:00,2316,1,2.778,3813.47,166.68,315.887
2026-02-27T17:19:24+00:00,37.06154820509255,-8.144909804686904,145,2026-02-27T17:33:39.400538+00:00,2316,1,2.89,3816.36,173.4,320.719
2026-02-27T17:19:25+00:00,37.06156874075532,-8.144930675625801,146,2026-02-27T17:33:39.400538+00:00,2316,1,2.94,3819.3,176.4,320.957
2026-02-27T17:19:26+00:00,37.06158399581909,-8.14494819380343,146,2026-02-27T17:33:39.400538+00:00,2316,1,2.301,3821.601,138.06,317.499
2026-02-27T17:19:27+00:00,37.06159279681742,-8.144966969266534,146,2026-02-27T17:33:39.400538+00:00,2316,1,1.932,3823.533,115.92,300.431
2026-02-27T17:19:28+00:00,37.06160788424313,-8.144988175481558,147,2026-02-27T17:33:39.400538+00:00,2316,1,2.521,3826.054,151.26,311.719
2026-02-27T17:19:29+00:00,37.06162347458303,-8.14501223154366,147,2026-02-27T17:33:39.400538+00:00,2316,1,2.75,3828.804,165.0,309.082
2026-02-27T17:19:30+00:00,37.061641328036785,-8.145033773034811,146,2026-02-27T17:33:39.400538+00:00,2316,1,2.756,3831.559,165.36,316.085
2026-02-27T17:19:31+00:00,37.06166161224246,-8.14505422487855,146,2026-02-27T17:33:39.400538+00:00,2316,1,2.895,3834.454,173.7,321.18
2026-02-27T17:19:32+00:00,37.0616783760488,-8.145075682550669,146,2026-02-27T17:33:39.400538+00:00,2316,1,2.665,3837.119,159.9,314.393
2026-02-27T17:19:33+00:00,37.06169463694096,-8.145098648965359,147,2026-02-27T17:33:39.400538+00:00,2316,1,2.724,3839.843,163.44,311.582
2026-02-27T17:19:34+00:00,37.06171056255698,-8.145122285932302,147,2026-02-27T17:33:39.400538+00:00,2316,1,2.745,3842.588,164.7,310.175
2026-02-27T17:19:35+00:00,37.06172606907785,-8.145143995061517,147,2026-02-27T17:33:39.400538+00:00,2316,1,2.585,3845.173,155.1,311.832
2026-02-27T17:19:36+00:00,37.061742916703224,-8.145167548209429,144,2026-02-27T17:33:39.400538+00:00,2316,1,2.807,3847.98,168.42,311.873
2026-02-27T17:19:37+00:00,37.06176060251891,-8.145191771909595,142,2026-02-27T17:33:39.400538+00:00,2316,1,2.913,3850.893,174.78,312.456
2026-02-27T17:19:38+00:00,37.06177979707718,-8.145212139934301,143,2026-02-27T17:33:39.400538+00:00,2316,1,2.797,3853.69,167.82,319.743
2026-02-27T17:19:39+00:00,37.06179806962609,-8.145233765244484,144,2026-02-27T17:33:39.400538+00:00,2316,1,2.795,3856.485,167.7,316.638
2026-02-27T17:19:40+00:00,37.06181273795664,-8.145258156582713,144,2026-02-27T17:33:39.400538+00:00,2316,1,2.71,3859.195,162.6,307.002
2026-02-27T17:19:41+00:00,37.06182656809688,-8.145280871540308,145,2026-02-27T17:33:39.400538+00:00,2316,1,2.535,3861.73,152.1,307.343
2026-02-27T17:19:42+00:00,37.06184098497033,-8.145301742479205,145,2026-02-27T17:33:39.400538+00:00,2316,1,2.449,3864.18,146.94,310.881
2026-02-27T17:19:43+00:00,37.061849534511566,-8.145324541255832,145,2026-02-27T17:33:39.400538+00:00,2316,1,2.235,3866.415,134.1,295.17
2026-02-27T17:19:44+00:00,37.061855820938945,-8.145346669480205,146,2026-02-27T17:33:39.400538+00:00,2316,1,2.084,3868.499,125.04,289.596
2026-02-27T17:19:45+00:00,37.06186353228986,-8.14536645077169,147,2026-02-27T17:33:39.400538+00:00,2316,1,1.953,3870.452,117.18,296.036
2026-02-27T17:19:46+00:00,37.061873422935605,-8.145387573167682,147,2026-02-27T17:33:39.400538+00:00,2316,1,2.173,3872.626,130.38,300.404
2026-02-27T17:19:47+00:00,37.06188339740038,-8.145406432449818,147,2026-02-27T17:33:39.400538+00:00,2316,1,2.008,3874.633,120.48,303.536
2026-02-27T17:19:48+00:00,37.06189161166549,-8.145427973940969,147,2026-02-27T17:33:39.400538+00:00,2316,1,2.118,3876.752,127.08,295.541
2026-02-27T17:19:49+00:00,37.06190150231123,-8.145449012517929,148,2026-02-27T17:33:39.400538+00:00,2316,1,2.167,3878.918,130.02,300.504
2026-02-27T17:19:50+00:00,37.06191038712859,-8.145473906770349,148,2026-02-27T17:33:39.400538+00:00,2316,1,2.42,3881.338,145.2,294.097
2026-02-27T17:19:51+00:00,37.061924217268825,-8.14549645408988,149,2026-02-27T17:33:39.400538+00:00,2316,1,2.523,3883.861,151.38,307.548
2026-02-27T17:19:52+00:00,37.06193813122809,-8.145519085228443,149,2026-02-27T17:33:39.400538+00:00,2316,1,2.535,3886.396,152.1,307.613
2026-02-27T17:19:53+00:00,37.06195170991123,-8.145541464909911,149,2026-02-27T17:33:39.400538+00:00,2316,1,2.495,3888.891,149.7,307.247
2026-02-27T17:19:54+00:00,37.06196545623243,-8.145562168210745,147,2026-02-27T17:33:39.400538+00:00,2316,1,2.39,3891.281,143.4,309.762
2026-02-27T17:19:55+00:00,37.061978029087186,-8.145582703873515,142,2026-02-27T17:33:39.400538+00:00,2316,1,2.297,3893.578,137.82,307.497
2026-02-27T17:19:56+00:00,37.06199035048485,-8.145604077726603,139,2026-02-27T17:33:39.400538+00:00,2316,1,2.34,3895.917,140.4,305.845
2026-02-27T17:19:57+00:00,37.06200367771089,-8.145628552883863,136,2026-02-27T17:33:39.400538+00:00,2316,1,2.629,3898.546,157.74,304.308
2026-02-27T17:19:58+00:00,37.06201918423176,-8.145653866231441,135,2026-02-27T17:33:39.400538+00:00,2316,1,2.832,3901.378,169.92,307.512
2026-02-27T17:19:59+00:00,37.06203544512391,-8.145676078274846,135,2026-02-27T17:33:39.400538+00:00,2316,1,2.675,3904.053,160.5,312.533
2026-02-27T17:20:00+00:00,37.062051789835095,-8.145695105195045,136,2026-02-27T17:33:39.400538+00:00,2316,1,2.481,3906.533,148.86,317.11
2026-02-27T17:20:01+00:00,37.06206779927015,-8.145714551210403,136,2026-02-27T17:33:39.400538+00:00,2316,1,2.479,3909.012,148.74,315.894
2026-02-27T17:20:02+00:00,37.062081629410386,-8.145736092701554,136,2026-02-27T17:33:39.400538+00:00,2316,1,2.453,3911.466,147.18,308.819
2026-02-27T17:20:03+00:00,37.062093280255795,-8.145759142935276,138,2026-02-27T17:33:39.400538+00:00,2316,1,2.421,3913.887,145.26,302.351
2026-02-27T17:20:04+00:00,37.06210384145379,-8.145783450454473,138,2026-02-27T17:33:39.400538+00:00,2316,1,2.456,3916.343,147.36,298.567
2026-02-27T17:20:05+00:00,37.062114737927914,-8.145804489031434,137,2026-02-27T17:33:39.400538+00:00,2316,1,2.226,3918.568,133.56,302.985
2026-02-27T17:20:06+00:00,37.0621273946017,-8.145829131826758,137,2026-02-27T17:33:39.400538+00:00,2316,1,2.6,3921.168,156.0,302.767
2026-02-27T17:20:07+00:00,37.06214306876063,-8.145850589498878,138,2026-02-27T17:33:39.400538+00:00,2316,1,2.581,3923.75,154.86,312.471
2026-02-27T17:20:08+00:00,37.06215840764344,-8.145872885361314,141,2026-02-27T17:33:39.400538+00:00,2316,1,2.612,3926.362,156.72,310.766
2026-02-27T17:20:09+00:00,37.06217458471656,-8.145897025242448,141,2026-02-27T17:33:39.400538+00:00,2316,1,2.797,3929.159,167.82,310.023
2026-02-27T17:20:10+00:00,37.06219210289419,-8.145919991657138,141,2026-02-27T17:33:39.400538+00:00,2316,1,2.819,3931.978,169.14,313.708
2026-02-27T17:20:11+00:00,37.06220786087215,-8.145943209528923,138,2026-02-27T17:33:39.400538+00:00,2316,1,2.705,3934.682,162.3,310.382
2026-02-27T17:20:12+00:00,37.062215991318226,-8.14597480930388,135,2026-02-27T17:33:39.400538+00:00,2316,1,2.946,3937.628,176.76,287.871
2026-02-27T17:20:13+00:00,37.062230575829744,-8.145997943356633,135,2026-02-27T17:33:39.400538+00:00,2316,1,2.616,3940.245,156.96,308.31
2026-02-27T17:20:14+00:00,37.06224733963609,-8.146018143743277,135,2026-02-27T17:33:39.400538+00:00,2316,1,2.586,3942.831,155.16,316.122
2026-02-27T17:20:15+00:00,37.06226351670921,-8.146034572273493,136,2026-02-27T17:33:39.400538+00:00,2316,1,2.315,3945.146,138.9,320.979
2026-02-27T17:20:16+00:00,37.062280867248774,-8.146051419898868,137,2026-02-27T17:33:39.400538+00:00,2316,1,2.441,3947.587,146.46,322.23
2026-02-27T17:20:17+00:00,37.06229972653091,-8.146069357171655,138,2026-02-27T17:33:39.400538+00:00,2316,1,2.633,3950.219,157.98,322.803
2026-02-27T17:20:18+00:00,37.06231883727014,-8.146090311929584,139,2026-02-27T17:33:39.400538+00:00,2316,1,2.824,3953.043,169.44,318.815
2026-02-27T17:20:19+00:00,37.06233685836196,-8.146106572821736,139,2026-02-27T17:33:39.400538+00:00,2316,1,2.469,3955.512,148.14,324.245
2026-02-27T17:20:20+00:00,37.06235295161605,-8.146124007180333,138,2026-02-27T17:33:39.400538+00:00,2316,1,2.365,3957.877,141.9,319.157
2026-02-27T17:20:21+00:00,37.06236602738499,-8.146141273900867,138,2026-02-27T17:33:39.400538+00:00,2316,1,2.112,3959.99,126.72,313.501
2026-02-27T17:20:22+00:00,37.062379103153944,-8.14616340212524,139,2026-02-27T17:33:39.400538+00:00,2316,1,2.443,3962.433,146.58,306.52
2026-02-27T17:20:23+00:00,37.06239150837064,-8.146186117082834,140,2026-02-27T17:33:39.400538+00:00,2316,1,2.442,3964.875,146.52,304.387
2026-02-27T17:20:24+00:00,37.06240810453892,-8.146208077669144,136,2026-02-27T17:33:39.400538+00:00,2316,1,2.684,3967.559,161.04,313.442
2026-02-27T17:20:25+00:00,37.06242520362139,-8.146229200065136,133,2026-02-27T17:33:39.400538+00:00,2316,1,2.67,3970.229,160.2,315.411
2026-02-27T17:20:26+00:00,37.06244129687548,-8.146248226985335,130,2026-02-27T17:33:39.400538+00:00,2316,1,2.46,3972.689,147.6,316.667
2026-02-27T17:20:27+00:00,37.062456384301186,-8.146267840638757,129,2026-02-27T17:33:39.400538+00:00,2316,1,2.417,3975.106,145.02,313.949
2026-02-27T17:20:28+00:00,37.06247130408883,-8.146288460120559,128,2026-02-27T17:33:39.400538+00:00,2316,1,2.47,3977.576,148.2,312.201
2026-02-27T17:20:29+00:00,37.062489073723555,-8.146307738497853,127,2026-02-27T17:33:39.400538+00:00,2316,1,2.613,3980.189,156.78,319.116
2026-02-27T17:20:30+00:00,37.06250759772957,-8.146326681599021,127,2026-02-27T17:33:39.400538+00:00,2316,1,2.659,3982.848,159.54,320.784
2026-02-27T17:20:31+00:00,37.062525199726224,-8.146347217261791,129,2026-02-27T17:33:39.400538+00:00,2316,1,2.674,3985.522,160.44,317.047
2026-02-27T17:20:32+00:00,37.06254104152322,-8.1463691778481,130,2026-02-27T17:33:39.400538+00:00,2316,1,2.627,3988.149,157.62,312.114
2026-02-27T17:20:33+00:00,37.06255302764475,-8.14639013260603,132,2026-02-27T17:33:39.400538+00:00,2316,1,2.288,3990.437,137.28,305.633
2026-02-27T17:20:34+00:00,37.06255814060569,-8.146418547257781,134,2026-02-27T17:33:39.400538+00:00,2316,1,2.585,3993.021,155.1,282.707
2026-02-27T17:20:35+00:00,37.06257247366011,-8.146437909454107,136,2026-02-27T17:33:39.400538+00:00,2316,1,2.343,3995.365,140.58,312.851
2026-02-27T17:20:36+00:00,37.06258772872389,-8.146457942202687,137,2026-02-27T17:33:39.400538+00:00,2316,1,2.457,3997.822,147.42,313.66
2026-02-27T17:20:37+00:00,37.06260189414024,-8.14647470600903,139,2026-02-27T17:33:39.400538+00:00,2316,1,2.166,3999.988,129.96,316.639
2026-02-27T17:20:38+00:00,37.06261312589049,-8.146496247500181,140,2026-02-27T17:33:39.400538+00:00,2316,1,2.283,4002.271,136.98,303.161
2026-02-27T17:20:39+00:00,37.06262745894492,-8.146516364067793,141,2026-02-27T17:33:39.400538+00:00,2316,1,2.393,4004.664,143.58,311.761
2026-02-27T17:20:40+00:00,37.062640534713864,-8.146538492292166,142,2026-02-27T17:33:39.400538+00:00,2316,1,2.443,4007.108,146.58,306.52
2026-02-27T17:20:41+00:00,37.06265344284475,-8.146561039611697,142,2026-02-27T17:33:39.400538+00:00,2316,1,2.462,4009.57,147.72,305.657
2026-02-27T17:20:42+00:00,37.06266291439533,-8.146580317988992,143,2026-02-27T17:33:39.400538+00:00,2316,1,2.009,4011.579,120.54,301.62
2026-02-27T17:20:43+00:00,37.06267490051687,-8.14659490250051,143,2026-02-27T17:33:39.400538+00:00,2316,1,1.858,4013.436,111.48,315.844
2026-02-27T17:20:44+00:00,37.06268814392388,-8.146600853651762,144,2026-02-27T17:33:39.400538+00:00,2316,1,1.564,4015.001,93.84,340.273
2026-02-27T17:20:45+00:00,37.062700130045414,-8.146595153957605,144,2026-02-27T17:33:39.400538+00:00,2316,1,1.426,4016.426,85.56,20.78
2026-02-27T17:20:46+00:00,37.062710439786315,-8.146582413464785,145,2026-02-27T17:33:39.400538+00:00,2316,1,1.61,4018.036,96.6,44.6
2026-02-27T17:20:47+00:00,37.06272292882204,-8.146563721820712,145,2026-02-27T17:33:39.400538+00:00,2316,1,2.163,4020.199,129.78,50.06
2026-02-27T17:20:48+00:00,37.062732484191656,-8.146544862538576,146,2026-02-27T17:33:39.400538+00:00,2316,1,1.982,4022.182,118.92,57.587
2026-02-27T17:20:49+00:00,37.06274597905576,-8.146528098732233,147,2026-02-27T17:33:39.400538+00:00,2316,1,2.113,4024.295,126.78,44.749
2026-02-27T17:20:50+00:00,37.06276014447212,-8.146510748192668,148,2026-02-27T17:33:39.400538+00:00,2316,1,2.203,4026.497,132.18,44.345
2026-02-27T17:20:51+00:00,37.06277766264975,-8.146491888910532,148,2026-02-27T17:33:39.400538+00:00,2316,1,2.568,4029.065,154.08,40.665
2026-02-27T17:20:52+00:00,37.06279316917062,-8.14647076651454,148,2026-02-27T17:33:39.400538+00:00,2316,1,2.547,4031.612,152.82,47.386
2026-02-27T17:20:53+00:00,37.062807250767946,-8.14644780009985,148,2026-02-27T17:33:39.400538+00:00,2316,1,2.57,4034.182,154.2,52.462
2026-02-27T17:20:54+00:00,37.06282460130751,-8.146427683532238,148,2026-02-27T17:33:39.400538+00:00,2316,1,2.628,4036.81,157.68,42.775
2026-02-27T17:20:55+00:00,37.06284245476127,-8.146411506459117,147,2026-02-27T17:33:39.400538+00:00,2316,1,2.45,4039.26,147.0,35.869
2026-02-27T17:20:56+00:00,37.062857542186975,-8.146395748481154,146,2026-02-27T17:33:39.400538+00:00,2316,1,2.184,4041.444,131.04,39.809
2026-02-27T17:20:57+00:00,37.062873635441065,-8.146380074322224,146,2026-02-27T17:33:39.400538+00:00,2316,1,2.266,4043.71,135.96,37.854
2026-02-27T17:20:58+00:00,37.06288696266711,-8.146364148706198,145,2026-02-27T17:33:39.400538+00:00,2316,1,2.048,4045.758,122.88,43.638
2026-02-27T17:20:59+00:00,37.06290137954056,-8.14634663052857,145,2026-02-27T17:33:39.400538+00:00,2316,1,2.233,4047.991,133.98,44.117
2026-02-27T17:21:00+00:00,37.06291889771819,-8.146330369636416,144,2026-02-27T17:33:39.400538+00:00,2316,1,2.424,4050.415,145.44,36.527
2026-02-27T17:21:01+00:00,37.06293390132487,-8.146313522011042,142,2026-02-27T17:33:39.400538+00:00,2316,1,2.24,4052.655,134.4,41.862
2026-02-27T17:21:02+00:00,37.062949407845736,-8.146298518404365,143,2026-02-27T17:33:39.400538+00:00,2316,1,2.178,4054.833,130.68,37.671
2026-02-27T17:21:03+00:00,37.062968602404,-8.146284017711878,143,2026-02-27T17:33:39.400538+00:00,2316,1,2.492,4057.325,149.52,31.083
2026-02-27T17:21:04+00:00,37.062989976257086,-8.146268846467137,142,2026-02-27T17:33:39.400538+00:00,2316,1,2.731,4060.057,163.86,29.527
2026-02-27T17:21:05+00:00,37.063010511919856,-8.146252753213048,140,2026-02-27T17:33:39.400538+00:00,2316,1,2.693,4062.75,161.58,32.02
2026-02-27T17:21:06+00:00,37.06303406506777,-8.146236324682832,141,2026-02-27T17:33:39.400538+00:00,2316,1,2.997,4065.747,179.82,29.1
2026-02-27T17:21:07+00:00,37.06305191852152,-8.146221991628408,141,2026-02-27T17:33:39.400538+00:00,2316,1,2.358,4068.105,141.48,32.645
2026-02-27T17:21:08+00:00,37.06307052634656,-8.146208496764302,142,2026-02-27T17:33:39.400538+00:00,2316,1,2.391,4070.496,143.46,30.058
2026-02-27T17:21:09+00:00,37.06309290602803,-8.146192822605371,143,2026-02-27T17:33:39.400538+00:00,2316,1,2.851,4073.346,171.06,29.2
2026-02-27T17:21:10+00:00,37.06311486661434,-8.146176729351282,145,2026-02-27T17:33:39.400538+00:00,2316,1,2.829,4076.175,169.74,30.318
2026-02-27T17:21:11+00:00,37.06313640810549,-8.146161725744605,147,2026-02-27T17:33:39.400538+00:00,2316,1,2.74,4078.916,164.4,29.065
2026-02-27T17:21:12+00:00,37.0631551835686,-8.146144291386008,147,2026-02-27T17:33:39.400538+00:00,2316,1,2.598,4081.514,155.88,36.537
2026-02-27T17:21:13+00:00,37.06317404285073,-8.146123252809048,147,2026-02-27T17:33:39.400538+00:00,2316,1,2.808,4084.322,168.48,41.675
2026-02-27T17:21:14+00:00,37.06319239921868,-8.146104561164975,148,2026-02-27T17:33:39.400538+00:00,2316,1,2.63,4086.952,157.8,39.095
2026-02-27T17:21:15+00:00,37.06320899538696,-8.14609156921506,148,2026-02-27T17:33:39.400538+00:00,2316,1,2.176,4089.127,130.56,31.992
2026-02-27T17:21:16+00:00,37.06322651356459,-8.14607891254127,150,2026-02-27T17:33:39.400538+00:00,2316,1,2.248,4091.376,134.88,29.964
2026-02-27T17:21:17+00:00,37.0632447861135,-8.146063154563308,151,2026-02-27T17:33:39.400538+00:00,2316,1,2.466,4093.842,147.96,34.534
2026-02-27T17:21:18+00:00,37.06326188519597,-8.146045971661806,151,2026-02-27T17:33:39.400538+00:00,2316,1,2.437,4096.28,146.22,38.726
2026-02-27T17:21:19+00:00,37.06328149884939,-8.146027699112892,151,2026-02-27T17:33:39.400538+00:00,2316,1,2.718,4098.997,163.08,36.627
2026-02-27T17:21:20+00:00,37.06329884938896,-8.146009342744946,152,2026-02-27T17:33:39.400538+00:00,2316,1,2.525,4101.522,151.5,40.172
2026-02-27T17:21:21+00:00,37.06331427209079,-8.145991154015064,153,2026-02-27T17:33:39.400538+00:00,2316,1,2.355,4103.877,141.3,43.261
2026-02-27T17:21:22+00:00,37.06332835368812,-8.145971959456801,154,2026-02-27T17:33:39.400538+00:00,2316,1,2.314,4106.19,138.84,47.406
2026-02-27T17:21:23+00:00,37.063347129151225,-8.145955028012395,153,2026-02-27T17:33:39.400538+00:00,2316,1,2.572,4108.763,154.32,35.739
2026-02-27T17:21:24+00:00,37.06336632370949,-8.145935581997037,154,2026-02-27T17:33:39.400538+00:00,2316,1,2.745,4111.507,164.7,38.953
2026-02-27T17:21:25+00:00,37.063384680077434,-8.145916303619742,154,2026-02-27T17:33:39.400538+00:00,2316,1,2.663,4114.17,159.78,39.965
2026-02-27T17:21:26+00:00,37.06340504810214,-8.14589275047183,154,2026-02-27T17:33:39.400538+00:00,2316,1,3.082,4117.252,184.92,42.699
2026-02-27T17:21:27+00:00,37.063422314822674,-8.145874477922916,156,2026-02-27T17:33:39.400538+00:00,2316,1,2.513,4119.765,150.78,40.18
2026-02-27T17:21:28+00:00,37.06344159319997,-8.145854026079178,156,2026-02-27T17:33:39.400538+00:00,2316,1,2.809,4122.573,168.54,40.249
2026-02-27T17:21:29+00:00,37.06345894373953,-8.145838435739279,153,2026-02-27T17:33:39.400538+00:00,2316,1,2.374,4124.947,142.44,35.641
2026-02-27T17:21:30+00:00,37.06347847357392,-8.145820666104555,152,2026-02-27T17:33:39.400538+00:00,2316,1,2.684,4127.631,161.04,35.981
2026-02-27T17:21:31+00:00,37.06349917687476,-8.145802393555641,151,2026-02-27T17:33:39.400538+00:00,2316,1,2.816,4130.447,168.96,35.156
2026-02-27T17:21:32+00:00,37.06351996399462,-8.145785545930266,152,2026-02-27T17:33:39.400538+00:00,2316,1,2.753,4133.2,165.18,32.892
2026-02-27T17:21:33+00:00,37.063536643981934,-8.14577255398035,153,2026-02-27T17:33:39.400538+00:00,2316,1,2.184,4135.383,131.04,31.862
2026-02-27T17:21:34+00:00,37.06355885602534,-8.145755371078849,152,2026-02-27T17:33:39.400538+00:00,2316,1,2.903,4138.286,174.18,31.687
2026-02-27T17:21:35+00:00,37.06357897259295,-8.145736763253808,150,2026-02-27T17:33:39.400538+00:00,2316,1,2.78,4141.066,166.8,36.432
2026-02-27T17:21:36+00:00,37.06359665840864,-8.145717065781355,146,2026-02-27T17:33:39.400538+00:00,2316,1,2.631,4143.697,157.86,41.628
2026-02-27T17:21:37+00:00,37.06361518241465,-8.145699044689536,146,2026-02-27T17:33:39.400538+00:00,2316,1,2.608,4146.305,156.48,37.822
2026-02-27T17:21:38+00:00,37.0636332873255,-8.145681442692876,145,2026-02-27T17:33:39.400538+00:00,2316,1,2.548,4148.853,152.88,37.804
2026-02-27T17:21:39+00:00,37.063653068616986,-8.145663840696216,146,2026-02-27T17:33:39.400538+00:00,2316,1,2.698,4151.55,161.88,35.377
2026-02-27T17:21:40+00:00,37.06367025151849,-8.145650010555983,147,2026-02-27T17:33:39.400538+00:00,2316,1,2.271,4153.821,136.26,32.711
2026-02-27T17:21:41+00:00,37.06368659622967,-8.145632073283195,147,2026-02-27T17:33:39.400538+00:00,2316,1,2.416,4156.237,144.96,41.209
2026-02-27T17:21:42+00:00,37.06370268948376,-8.145615896210074,149,2026-02-27T17:33:39.400538+00:00,2316,1,2.294,4158.531,137.64,38.734
2026-02-27T17:21:43+00:00,37.06372263841331,-8.145601395517588,149,2026-02-27T17:33:39.400538+00:00,2316,1,2.564,4161.095,153.84,30.115
2026-02-27T17:21:44+00:00,37.06374283879995,-8.145585805177689,150,2026-02-27T17:33:39.400538+00:00,2316,1,2.638,4163.733,158.28,31.627
2026-02-27T17:21:45+00:00,37.06376178190112,-8.145573735237122,151,2026-02-27T17:33:39.400538+00:00,2316,1,2.363,4166.096,141.78,26.951
2026-02-27T17:21:46+00:00,37.06377787515521,-8.145563006401062,151,2026-02-27T17:33:39.400538+00:00,2316,1,2.027,4168.123,121.62,28.012
2026-02-27T17:21:47+00:00,37.0637886878103,-8.145564598962665,151,2026-02-27T17:33:39.400538+00:00,2316,1,1.211,4169.334,72.66,353.297
2026-02-27T17:21:48+00:00,37.06379530951381,-8.145573902875185,152,2026-02-27T17:33:39.400538+00:00,2316,1,1.106,4170.44,66.36,311.73
2026-02-27T17:21:49+00:00,37.06380360759795,-8.145582200959325,152,2026-02-27T17:33:39.400538+00:00,2316,1,1.18,4171.62,70.8,321.411
2026-02-27T17:21:50+00:00,37.06381031312048,-8.145599132403731,151,2026-02-27T17:33:39.400538+00:00,2316,1,1.677,4173.298,100.62,296.396
2026-02-27T17:21:51+00:00,37.06381953321397,-8.145622098818421,149,2026-02-27T17:33:39.400538+00:00,2316,1,2.281,4175.579,136.86,296.707
2026-02-27T17:21:52+00:00,37.06382908858359,-8.145647076889873,152,2026-02-27T17:33:39.400538+00:00,2316,1,2.458,4178.037,147.48,295.613
2026-02-27T17:21:53+00:00,37.06383906304836,-8.1456698756665,151,2026-02-27T17:33:39.400538+00:00,2316,1,2.307,4180.344,138.42,298.735
2026-02-27T17:21:54+00:00,37.063851384446025,-8.14569334499538,151,2026-02-27T17:33:39.400538+00:00,2316,1,2.493,4182.836,149.58,303.342
2026-02-27T17:21:55+00:00,37.063863622024655,-8.145716227591038,151,2026-02-27T17:33:39.400538+00:00,2316,1,2.444,4185.281,146.64,303.83
2026-02-27T17:21:56+00:00,37.06387611106038,-8.145738523453474,152,2026-02-27T17:33:39.400538+00:00,2316,1,2.417,4187.698,145.02,305.068
2026-02-27T17:21:57+00:00,37.06389119848609,-8.145769368857145,155,2026-02-27T17:33:39.400538+00:00,2316,1,3.21,4190.908,192.6,301.507
2026-02-27T17:21:58+00:00,37.06390569917858,-8.145797364413738,155,2026-02-27T17:33:39.400538+00:00,2316,1,2.961,4193.869,177.66,302.988
2026-02-27T17:21:59+00:00,37.06392070278525,-8.145824857056141,156,2026-02-27T17:33:39.400538+00:00,2316,1,2.955,4196.825,177.3,304.368
2026-02-27T17:22:00+00:00,37.063933946192265,-8.145854277536273,157,2026-02-27T17:33:39.400538+00:00,2316,1,2.997,4199.822,179.82,299.428
2026-02-27T17:22:01+00:00,37.06394869834185,-8.145884787663817,157,2026-02-27T17:33:39.400538+00:00,2316,1,3.165,4202.987,189.9,301.213
2026-02-27T17:22:02+00:00,37.063961355015635,-8.145914878696203,157,2026-02-27T17:33:39.400538+00:00,2316,1,3.018,4206.005,181.08,297.794
2026-02-27T17:22:03+00:00,37.06397283822298,-8.145945137366652,157,2026-02-27T17:33:39.400538+00:00,2316,1,2.973,4208.978,178.38,295.435
2026-02-27T17:22:04+00:00,37.063987255096436,-8.145971959456801,156,2026-02-27T17:33:39.400538+00:00,2316,1,2.869,4211.848,172.14,303.964
2026-02-27T17:22:05+00:00,37.063999995589256,-8.146000793203712,155,2026-02-27T17:33:39.400538+00:00,2316,1,2.924,4214.772,175.44,298.975
2026-02-27T17:22:06+00:00,37.06400997005403,-8.146024933084846,152,2026-02-27T17:33:39.400538+00:00,2316,1,2.412,4217.184,144.72,297.376
2026-02-27T17:22:07+00:00,37.06402447074652,-8.146043373271823,151,2026-02-27T17:33:39.400538+00:00,2316,1,2.297,4219.481,137.82,314.581
2026-02-27T17:22:08+00:00,37.06403838470578,-8.146063322201371,152,2026-02-27T17:33:39.400538+00:00,2316,1,2.351,4221.832,141.06,311.156
2026-02-27T17:22:09+00:00,37.064051209017634,-8.146081762388349,152,2026-02-27T17:33:39.400538+00:00,2316,1,2.17,4224.003,130.2,311.073
2026-02-27T17:22:10+00:00,37.06406663171947,-8.146101962774992,152,2026-02-27T17:33:39.400538+00:00,2316,1,2.481,4226.483,148.86,313.735
2026-02-27T17:22:11+00:00,37.06407744437456,-8.146128449589014,151,2026-02-27T17:33:39.400538+00:00,2316,1,2.64,4229.123,158.4,297.094
2026-02-27T17:22:12+00:00,37.06409085541963,-8.146155187860131,152,2026-02-27T17:33:39.400538+00:00,2316,1,2.802,4231.925,168.12,302.152
2026-02-27T17:22:13+00:00,37.06410460174084,-8.146181842312217,152,2026-02-27T17:33:39.400538+00:00,2316,1,2.816,4234.741,168.96,302.875
2026-02-27T17:22:14+00:00,37.06411248072982,-8.146210927516222,152,2026-02-27T17:33:39.400538+00:00,2316,1,2.725,4237.467,163.5,288.751
2026-02-27T17:22:15+00:00,37.06412631087005,-8.146232636645436,153,2026-02-27T17:33:39.400538+00:00,2316,1,2.465,4239.932,147.9,308.603
2026-02-27T17:22:16+00:00,37.06414081156254,-8.146256525069475,153,2026-02-27T17:33:39.400538+00:00,2316,1,2.663,4242.595,159.78,307.261
2026-02-27T17:22:17+00:00,37.064153300598264,-8.146281754598022,153,2026-02-27T17:33:39.400538+00:00,2316,1,2.634,4245.229,158.04,301.813
2026-02-27T17:22:18+00:00,37.06416939385235,-8.1463036313653,155,2026-02-27T17:33:39.400538+00:00,2316,1,2.64,4247.869,158.4,312.673
2026-02-27T17:22:19+00:00,37.06418741494417,-8.146324418485165,154,2026-02-27T17:33:39.400538+00:00,2316,1,2.723,4250.593,163.38,317.372
2026-02-27T17:22:20+00:00,37.064205184578896,-8.146344954147935,155,2026-02-27T17:33:39.400538+00:00,2316,1,2.688,4253.28,161.28,317.319
2026-02-27T17:22:21+00:00,37.06421599723399,-8.146370435133576,156,2026-02-27T17:33:39.400538+00:00,2316,1,2.561,4255.841,153.66,298.003
2026-02-27T17:22:22+00:00,37.06422722898424,-8.146390886977315,155,2026-02-27T17:33:39.400538+00:00,2316,1,2.203,4258.044,132.18,304.537
2026-02-27T17:22:23+00:00,37.06423435360193,-8.146411590278149,156,2026-02-27T17:33:39.400538+00:00,2316,1,2.001,4260.045,120.06,293.329
2026-02-27T17:22:24+00:00,37.06424600444734,-8.146421648561954,158,2026-02-27T17:33:39.400538+00:00,2316,1,1.573,4261.618,94.38,325.438
2026-02-27T17:22:25+00:00,37.06425388343632,-8.14641511067748,159,2026-02-27T17:33:39.400538+00:00,2316,1,1.051,4262.669,63.06,33.51
2026-02-27T17:22:26+00:00,37.064264276996255,-8.146397173404694,158,2026-02-27T17:33:39.400538+00:00,2316,1,1.967,4264.635,118.02,54.015
2026-02-27T17:22:27+00:00,37.06427383236587,-8.14637303352356,158,2026-02-27T17:33:39.400538+00:00,2316,1,2.391,4267.026,143.46,63.616
2026-02-27T17:22:28+00:00,37.064290679991245,-8.14635057002306,159,2026-02-27T17:33:39.400538+00:00,2316,1,2.735,4269.762,164.1,46.775
2026-02-27T17:22:29+00:00,37.06431146711111,-8.146326430141926,156,2026-02-27T17:33:39.400538+00:00,2316,1,3.151,4272.913,189.06,42.82
2026-02-27T17:22:30+00:00,37.06433032639325,-8.146304553374648,155,2026-02-27T17:33:39.400538+00:00,2316,1,2.858,4275.771,171.48,42.788
2026-02-27T17:22:31+00:00,37.064352789893746,-8.146282508969307,156,2026-02-27T17:33:39.400538+00:00,2316,1,3.173,4278.943,190.38,38.063
2026-02-27T17:22:32+00:00,37.06437659449875,-8.146260967478156,158,2026-02-27T17:33:39.400538+00:00,2316,1,3.265,4282.208,195.9,35.833
2026-02-27T17:22:33+00:00,37.06439319066703,-8.146240012720227,159,2026-02-27T17:33:39.400538+00:00,2316,1,2.62,4284.828,157.2,45.215
2026-02-27T17:22:34+00:00,37.06440584734082,-8.146218974143267,158,2026-02-27T17:33:39.400538+00:00,2316,1,2.338,4287.166,140.28,52.987
2026-02-27T17:22:35+00:00,37.0644224435091,-8.146200701594353,158,2026-02-27T17:33:39.400538+00:00,2316,1,2.456,4289.622,147.36,41.301
2026-02-27T17:22:36+00:00,37.06443912349641,-8.146181842312217,158,2026-02-27T17:33:39.400538+00:00,2316,1,2.498,4292.12,149.88,42.057
2026-02-27T17:22:37+00:00,37.06445513293147,-8.1461619772017,158,2026-02-27T17:33:39.400538+00:00,2316,1,2.505,4294.625,150.3,44.716
2026-02-27T17:22:38+00:00,37.064469549804926,-8.146139346063137,157,2026-02-27T17:33:39.400538+00:00,2316,1,2.569,4297.195,154.14,51.398
2026-02-27T17:22:39+00:00,37.064481284469366,-8.146114032715559,156,2026-02-27T17:33:39.400538+00:00,2316,1,2.598,4299.792,155.88,59.845
2026-02-27T17:22:40+00:00,37.06448975019157,-8.146085534244776,156,2026-02-27T17:33:39.400538+00:00,2316,1,2.698,4302.49,161.88,69.581
2026-02-27T17:22:41+00:00,37.0645001437515,-8.146057538688183,158,2026-02-27T17:33:39.400538+00:00,2316,1,2.74,4305.23,164.4,65.049
2026-02-27T17:22:42+00:00,37.06451254896819,-8.14603641629219,161,2026-02-27T17:33:39.400538+00:00,2316,1,2.327,4307.557,139.62,53.647
2026-02-27T17:22:43+00:00,37.06452428363264,-8.146024849265814,161,2026-02-27T17:33:39.400538+00:00,2316,1,1.66,4309.217,99.6,38.187
2026-02-27T17:22:44+00:00,37.06453811377287,-8.14602417871356,161,2026-02-27T17:33:39.400538+00:00,2316,1,1.539,4310.756,92.34,2.216
2026-02-27T17:22:45+00:00,37.0645519439131,-8.146027363836765,163,2026-02-27T17:33:39.400538+00:00,2316,1,1.564,4312.32,93.84,349.587
2026-02-27T17:22:46+00:00,37.06456242129207,-8.146042199805379,163,2026-02-27T17:33:39.400538+00:00,2316,1,1.758,4314.078,105.48,311.51
2026-02-27T17:22:47+00:00,37.06457030028105,-8.146067261695862,162,2026-02-27T17:33:39.400538+00:00,2316,1,2.39,4316.468,143.4,291.504
2026-02-27T17:22:48+00:00,37.064577508717775,-8.146095341071486,161,2026-02-27T17:33:39.400538+00:00,2316,1,2.617,4319.085,157.02,287.834
2026-02-27T17:22:49+00:00,37.06458756700158,-8.146120822057128,161,2026-02-27T17:33:39.400538+00:00,2316,1,2.522,4321.607,151.32,296.321
2026-02-27T17:22:50+00:00,37.06459737382829,-8.146144794300199,161,2026-02-27T17:33:39.400538+00:00,2316,1,2.39,4323.998,143.4,297.143
2026-02-27T17:22:51+00:00,37.0646037440747,-8.146166419610381,162,2026-02-27T17:33:39.400538+00:00,2316,1,2.045,4326.043,122.7,290.262
2026-02-27T17:22:52+00:00,37.064615143463016,-8.146185781806707,162,2026-02-27T17:33:39.400538+00:00,2316,1,2.135,4328.178,128.1,306.42
2026-02-27T17:22:53+00:00,37.06462754867971,-8.14620153978467,163,2026-02-27T17:33:39.400538+00:00,2316,1,1.964,4330.142,117.84,314.612
2026-02-27T17:22:54+00:00,37.06464238464832,-8.146215034648776,163,2026-02-27T17:33:39.400538+00:00,2316,1,2.038,4332.18,122.28,324.027
2026-02-27T17:22:55+00:00,37.06465194001794,-8.146232636645436,163,2026-02-27T17:33:39.400538+00:00,2316,1,1.889,4334.069,113.34,304.228
2026-02-27T17:22:56+00:00,37.064655208960176,-8.146256105974317,161,2026-02-27T17:33:39.400538+00:00,2316,1,2.114,4336.183,126.84,279.901
2026-02-27T17:22:57+00:00,37.06465194001794,-8.146286364644766,160,2026-02-27T17:33:39.400538+00:00,2316,1,2.709,4338.893,162.54,262.29
2026-02-27T17:22:58+00:00,37.064640959724784,-8.146322323009372,160,2026-02-27T17:33:39.400538+00:00,2316,1,3.416,4342.309,204.96,249.059
2026-02-27T17:22:59+00:00,37.06462914124131,-8.146358951926231,160,2026-02-27T17:33:39.400538+00:00,2316,1,3.506,4345.814,210.36,247.984
2026-02-27T17:23:00+00:00,37.06461992114782,-8.146400107070804,159,2026-02-27T17:33:39.400538+00:00,2316,1,3.793,4349.607,227.58,254.318
2026-02-27T17:23:01+00:00,37.06460894085467,-8.14644536934793,159,2026-02-27T17:33:39.400538+00:00,2316,1,4.198,4353.805,251.88,253.09
2026-02-27T17:23:02+00:00,37.06459729000926,-8.146493313834071,159,2026-02-27T17:33:39.400538+00:00,2316,1,4.447,4358.252,266.82,253.063
2026-02-27T17:23:03+00:00,37.06458941102028,-8.146541425958276,160,2026-02-27T17:33:39.400538+00:00,2316,1,4.358,4362.61,261.48,258.402
2026-02-27T17:23:04+00:00,37.06458555534482,-8.146589621901512,159,2026-02-27T17:33:39.400538+00:00,2316,1,4.298,4366.907,257.88,264.275
2026-02-27T17:23:05+00:00,37.064580358564854,-8.146637063473463,159,2026-02-27T17:33:39.400538+00:00,2316,1,4.249,4371.156,254.94,262.184
2026-02-27T17:23:06+00:00,37.06457616761327,-8.146682493388653,159,2026-02-27T17:33:39.400538+00:00,2316,1,4.058,4375.214,243.48,263.405
2026-02-27T17:23:07+00:00,37.06457172520459,-8.146730605512857,159,2026-02-27T17:33:39.400538+00:00,2316,1,4.297,4379.512,257.82,263.399
2026-02-27T17:23:08+00:00,37.06455948762596,-8.146779974922538,160,2026-02-27T17:33:39.400538+00:00,2316,1,4.587,4384.099,275.22,252.743
2026-02-27T17:23:09+00:00,37.064544819295406,-8.146828338503838,160,2026-02-27T17:33:39.400538+00:00,2316,1,4.591,4388.689,275.46,249.189
2026-02-27T17:23:10+00:00,37.06453333608806,-8.146877624094486,161,2026-02-27T17:33:39.400538+00:00,2316,1,4.556,4393.245,273.36,253.723
2026-02-27T17:23:11+00:00,37.06452352926135,-8.146927077323198,160,2026-02-27T17:33:39.400538+00:00,2316,1,4.521,4397.766,271.26,256.044
2026-02-27T17:23:12+00:00,37.06450936384499,-8.14697409979999,161,2026-02-27T17:33:39.400538+00:00,2316,1,4.46,4402.226,267.6,249.317
2026-02-27T17:23:13+00:00,37.06449846737087,-8.147024558857083,161,2026-02-27T17:33:39.400538+00:00,2316,1,4.638,4406.864,278.28,254.857
2026-02-27T17:23:14+00:00,37.06448723562062,-8.147076023742557,164,2026-02-27T17:33:39.400538+00:00,2316,1,4.734,4411.598,284.04,254.704
2026-02-27T17:23:15+00:00,37.06447122618556,-8.147132266312838,164,2026-02-27T17:33:39.400538+00:00,2316,1,5.298,4416.897,317.88,250.368
2026-02-27T17:23:16+00:00,37.06445840187371,-8.147188257426023,164,2026-02-27T17:33:39.400538+00:00,2316,1,5.169,4422.065,310.14,253.985
2026-02-27T17:23:17+00:00,37.064443062990904,-8.147245841100812,164,2026-02-27T17:33:39.400538+00:00,2316,1,5.387,4427.452,323.22,251.54
2026-02-27T17:23:18+00:00,37.06442177295685,-8.147303340956569,165,2026-02-27T17:33:39.400538+00:00,2316,1,5.624,4433.076,337.44,245.108
2026-02-27T17:23:19+00:00,37.0644071046263,-8.147356482222676,165,2026-02-27T17:33:39.400538+00:00,2316,1,4.989,4438.066,299.34,250.919
2026-02-27T17:23:20+00:00,37.06439302302897,-8.147411467507482,165,2026-02-27T17:33:39.400538+00:00,2316,1,5.124,4443.189,307.44,252.206
2026-02-27T17:23:21+00:00,37.064386485144496,-8.147460501641035,165,2026-02-27T17:33:39.400538+00:00,2316,1,4.411,4447.601,264.66,260.514
2026-02-27T17:23:22+00:00,37.064387826249,-8.147506853565574,165,2026-02-27T17:33:39.400538+00:00,2316,1,4.115,4451.716,246.9,272.077
2026-02-27T17:23:23+00:00,37.06439218483865,-8.147552786394954,165,2026-02-27T17:33:39.400538+00:00,2316,1,4.104,4455.82,246.24,276.782
2026-02-27T17:23:24+00:00,37.06439629197121,-8.147592432796955,165,2026-02-27T17:33:39.400538+00:00,2316,1,3.547,4459.368,212.82,277.397
2026-02-27T17:23:25+00:00,37.0644002314657,-8.147635934874415,166,2026-02-27T17:33:39.400538+00:00,2316,1,3.885,4463.252,233.1,276.475
2026-02-27T17:23:26+00:00,37.06440081819892,-8.147678850218654,167,2026-02-27T17:33:39.400538+00:00,2316,1,3.808,4467.061,228.48,270.982
2026-02-27T17:23:27+00:00,37.06439796835184,-8.14772067591548,167,2026-02-27T17:33:39.400538+00:00,2316,1,3.725,4470.785,223.5,265.119
2026-02-27T17:23:28+00:00,37.06438732333481,-8.147764848545194,167,2026-02-27T17:33:39.400538+00:00,2316,1,4.094,4474.88,245.64,253.195
2026-02-27T17:23:29+00:00,37.064382545650005,-8.14780575223267,166,2026-02-27T17:33:39.400538+00:00,2316,1,3.668,4478.548,220.08,261.672
2026-02-27T17:23:30+00:00,37.06437944434583,-8.147845063358545,166,2026-02-27T17:33:39.400538+00:00,2316,1,3.505,4482.053,210.3,264.354
2026-02-27T17:23:31+00:00,37.06437692977488,-8.147886972874403,167,2026-02-27T17:33:39.400538+00:00,2316,1,3.729,4485.782,223.74,265.7
2026-02-27T17:23:32+00:00,37.06437491811812,-8.147929552942514,167,2026-02-27T17:33:39.400538+00:00,2316,1,3.785,4489.566,227.1,266.612
2026-02-27T17:23:33+00:00,37.06436863169074,-8.147974731400609,168,2026-02-27T17:33:39.400538+00:00,2316,1,4.069,4493.635,244.14,260.108
2026-02-27T17:23:34+00:00,37.064360501244664,-8.148020328953862,167,2026-02-27T17:33:39.400538+00:00,2316,1,4.146,4497.781,248.76,257.404
2026-02-27T17:23:35+00:00,37.06435471773147,-8.148062657564878,166,2026-02-27T17:33:39.400538+00:00,2316,1,3.81,4501.592,228.6,260.284
2026-02-27T17:23:36+00:00,37.06434776075184,-8.14810423180461,166,2026-02-27T17:33:39.400538+00:00,2316,1,3.769,4505.361,226.14,258.156
2026-02-27T17:23:37+00:00,37.06433870829642,-8.148147063329816,166,2026-02-27T17:33:39.400538+00:00,2316,1,3.931,4509.292,235.86,255.165
2026-02-27T17:23:38+00:00,37.064328230917454,-8.148190565407276,167,2026-02-27T17:33:39.400538+00:00,2316,1,4.032,4513.324,241.92,253.205
2026-02-27T17:23:39+00:00,37.06432010047138,-8.148233983665705,168,2026-02-27T17:33:39.400538+00:00,2316,1,3.957,4517.281,237.42,256.793
2026-02-27T17:23:40+00:00,37.064314065501094,-8.148275390267372,169,2026-02-27T17:33:39.400538+00:00,2316,1,3.735,4521.016,224.1,259.649
2026-02-27T17:23:41+00:00,37.064308281987906,-8.148320904001594,170,2026-02-27T17:33:39.400538+00:00,2316,1,4.089,4525.105,245.34,260.952
2026-02-27T17:23:42+00:00,37.06429596059024,-8.148369770497084,170,2026-02-27T17:33:39.400538+00:00,2316,1,4.547,4529.652,272.82,252.464
2026-02-27T17:23:43+00:00,37.06428070552647,-8.148416206240654,170,2026-02-27T17:33:39.400538+00:00,2316,1,4.456,4534.108,267.36,247.623
2026-02-27T17:23:44+00:00,37.06426260061562,-8.148463228717446,170,2026-02-27T17:33:39.400538+00:00,2316,1,4.633,4538.741,277.98,244.242
2026-02-27T17:23:45+00:00,37.06425187177956,-8.148509245365858,170,2026-02-27T17:33:39.400538+00:00,2316,1,4.254,4542.994,255.24,253.712
2026-02-27T17:23:46+00:00,37.06424290314317,-8.148555681109428,171,2026-02-27T17:33:39.400538+00:00,2316,1,4.239,4547.233,254.34,256.394
2026-02-27T17:23:47+00:00,37.064233431592584,-8.148603960871696,172,2026-02-27T17:33:39.400538+00:00,2316,1,4.411,4551.645,264.66,256.188
2026-02-27T17:23:48+00:00,37.06421608105302,-8.148651150986552,171,2026-02-27T17:33:39.400538+00:00,2316,1,4.61,4556.255,276.6,245.261
2026-02-27T17:23:49+00:00,37.064194874837995,-8.148698760196567,170,2026-02-27T17:33:39.400538+00:00,2316,1,4.838,4561.093,290.28,240.83
2026-02-27T17:23:50+00:00,37.064174339175224,-8.148747123777866,171,2026-02-27T17:33:39.400538+00:00,2316,1,4.861,4565.954,291.66,241.982
2026-02-27T17:23:51+00:00,37.06415120512247,-8.148797750473022,171,2026-02-27T17:33:39.400538+00:00,2316,1,5.176,4571.13,310.56,240.202
2026-02-27T17:23:52+00:00,37.064126478508115,-8.148848544806242,172,2026-02-27T17:33:39.400538+00:00,2316,1,5.279,4576.41,316.74,238.615
2026-02-27T17:23:53+00:00,37.06410250626504,-8.148896573111415,171,2026-02-27T17:33:39.400538+00:00,2316,1,5.027,4581.436,301.62,237.974
2026-02-27T17:23:54+00:00,37.06407585181296,-8.148942086845636,170,2026-02-27T17:33:39.400538+00:00,2316,1,5.009,4586.446,300.54,233.725
2026-02-27T17:23:55+00:00,37.0640545617789,-8.148988354951143,170,2026-02-27T17:33:39.400538+00:00,2316,1,4.739,4591.185,284.34,240.03
2026-02-27T17:23:56+00:00,37.0640376303345,-8.149038227275014,170,2026-02-27T17:33:39.400538+00:00,2316,1,4.809,4595.994,288.54,246.953
2026-02-27T17:23:57+00:00,37.06402111798525,-8.149091033264995,170,2026-02-27T17:33:39.400538+00:00,2316,1,5.032,4601.026,301.92,248.601
2026-02-27T17:23:58+00:00,37.064003348350525,-8.149144342169166,169,2026-02-27T17:33:39.400538+00:00,2316,1,5.126,4606.152,307.56,247.328
2026-02-27T17:23:59+00:00,37.06398834474385,-8.149196477606893,168,2026-02-27T17:33:39.400538+00:00,2316,1,4.918,4611.07,295.08,250.168
2026-02-27T17:24:00+00:00,37.063970072194934,-8.14925255253911,168,2026-02-27T17:33:39.400538+00:00,2316,1,5.374,4616.444,322.44,247.787
2026-02-27T17:24:01+00:00,37.06394794397056,-8.149305693805218,168,2026-02-27T17:33:39.400538+00:00,2316,1,5.319,4621.763,319.14,242.443
2026-02-27T17:24:02+00:00,37.06392573192716,-8.149359505623579,168,2026-02-27T17:33:39.400538+00:00,2316,1,5.376,4627.138,322.56,242.648
2026-02-27T17:24:03+00:00,37.06391123123467,-8.149412143975496,168,2026-02-27T17:33:39.400538+00:00,2316,1,4.941,4632.079,296.46,250.954
2026-02-27T17:24:04+00:00,37.063898323103786,-8.149459920823574,167,2026-02-27T17:33:39.400538+00:00,2316,1,4.476,4636.555,268.56,251.295
2026-02-27T17:24:05+00:00,37.06388683989644,-8.149504764005542,167,2026-02-27T17:33:39.400538+00:00,2316,1,4.179,4640.734,250.74,252.208
2026-02-27T17:24:06+00:00,37.06387024372816,-8.149540051817894,167,2026-02-27T17:33:39.400538+00:00,2316,1,3.634,4644.368,218.04,239.486
2026-02-27T17:24:07+00:00,37.063855323940516,-8.149574920535088,167,2026-02-27T17:33:39.400538+00:00,2316,1,3.511,4647.879,210.66,241.799
2026-02-27T17:24:08+00:00,37.06384149380028,-8.14961020834744,167,2026-02-27T17:33:39.400538+00:00,2316,1,3.488,4651.367,209.28,243.842
2026-02-27T17:24:09+00:00,37.063825987279415,-8.149644574150443,166,2026-02-27T17:33:39.400538+00:00,2316,1,3.503,4654.87,210.18,240.513
2026-02-27T17:24:10+00:00,37.063812324777246,-8.149684639647603,166,2026-02-27T17:33:39.400538+00:00,2316,1,3.866,4658.736,231.96,246.861
2026-02-27T17:24:11+00:00,37.06379547715187,-8.149727554991841,166,2026-02-27T17:33:39.400538+00:00,2316,1,4.244,4662.98,254.64,243.804
2026-02-27T17:24:12+00:00,37.06377896480262,-8.149768374860287,165,2026-02-27T17:33:39.400538+00:00,2316,1,4.061,4667.041,243.66,243.118
2026-02-27T17:24:13+00:00,37.06376555375755,-8.149807434529066,165,2026-02-27T17:33:39.400538+00:00,2316,1,3.773,4670.814,226.38,246.719
2026-02-27T17:24:14+00:00,37.06374795176089,-8.14984624274075,166,2026-02-27T17:33:39.400538+00:00,2316,1,3.961,4674.775,237.66,240.386
2026-02-27T17:24:15+00:00,37.063731607049704,-8.149888403713703,166,2026-02-27T17:33:39.400538+00:00,2316,1,4.159,4678.934,249.54,244.088
2026-02-27T17:24:16+00:00,37.0637181121856,-8.149932995438576,166,2026-02-27T17:33:39.400538+00:00,2316,1,4.232,4683.165,253.92,249.231
2026-02-27T17:24:17+00:00,37.0637022703886,-8.149980017915368,166,2026-02-27T17:33:39.400538+00:00,2316,1,4.529,4687.694,271.74,247.111
2026-02-27T17:24:18+00:00,37.06368659622967,-8.150025196373463,165,2026-02-27T17:33:39.400538+00:00,2316,1,4.371,4692.065,262.26,246.502
2026-02-27T17:24:19+00:00,37.06367092207074,-8.150068195536733,167,2026-02-27T17:33:39.400538+00:00,2316,1,4.195,4696.26,251.7,245.448
2026-02-27T17:24:20+00:00,37.06365533173084,-8.150114044547081,167,2026-02-27T17:33:39.400538+00:00,2316,1,4.422,4700.682,265.32,246.92
2026-02-27T17:24:21+00:00,37.06364401616156,-8.150161318480968,166,2026-02-27T17:33:39.400538+00:00,2316,1,4.379,4705.061,262.74,253.303
2026-02-27T17:24:22+00:00,37.06362909637392,-8.150210184976459,167,2026-02-27T17:33:39.400538+00:00,2316,1,4.642,4709.704,278.52,249.062
2026-02-27T17:24:23+00:00,37.06360872834921,-8.150257710367441,166,2026-02-27T17:33:39.400538+00:00,2316,1,4.787,4714.49,287.22,241.761
2026-02-27T17:24:24+00:00,37.06358375027776,-8.15030456520617,168,2026-02-27T17:33:39.400538+00:00,2316,1,5.0,4719.49,300.0,236.254
2026-02-27T17:24:25+00:00,37.06355793401599,-8.150346642360091,168,2026-02-27T17:33:39.400538+00:00,2316,1,4.71,4724.2,282.6,232.444
2026-02-27T17:24:26+00:00,37.06353270448744,-8.150388048961759,167,2026-02-27T17:33:39.400538+00:00,2316,1,4.623,4728.822,277.38,232.635
2026-02-27T17:24:27+00:00,37.063509402796626,-8.150428114458919,167,2026-02-27T17:33:39.400538+00:00,2316,1,4.399,4733.221,263.94,233.914
2026-02-27T17:24:28+00:00,37.06348668783903,-8.15047069452703,167,2026-02-27T17:33:39.400538+00:00,2316,1,4.545,4737.766,272.7,236.236
2026-02-27T17:24:29+00:00,37.06346849910915,-8.150513442233205,168,2026-02-27T17:33:39.400538+00:00,2316,1,4.299,4742.064,257.94,241.933
2026-02-27T17:24:30+00:00,37.0634501427412,-8.15055769868195,168,2026-02-27T17:33:39.400538+00:00,2316,1,4.426,4746.49,265.56,242.535
2026-02-27T17:24:31+00:00,37.06342801451683,-8.150604721158743,168,2026-02-27T17:33:39.400538+00:00,2316,1,4.844,4751.334,290.64,239.471
2026-02-27T17:24:32+00:00,37.063406305387616,-8.15064906142652,168,2026-02-27T17:33:39.400538+00:00,2316,1,4.616,4755.95,276.96,238.468
2026-02-27T17:24:33+00:00,37.06338585354388,-8.150696251541376,166,2026-02-27T17:33:39.400538+00:00,2316,1,4.765,4760.715,285.9,241.493
2026-02-27T17:24:34+00:00,37.06336758099496,-8.150742687284946,166,2026-02-27T17:33:39.400538+00:00,2316,1,4.594,4765.309,275.64,243.751
2026-02-27T17:24:35+00:00,37.06335031427443,-8.150787027552724,166,2026-02-27T17:33:39.400538+00:00,2316,1,4.378,4769.687,262.68,243.987
2026-02-27T17:24:36+00:00,37.063334891572595,-8.150827344506979,165,2026-02-27T17:33:39.400538+00:00,2316,1,3.967,4773.654,238.02,244.388
2026-02-27T17:24:37+00:00,37.063313852995634,-8.150866404175758,164,2026-02-27T17:33:39.400538+00:00,2316,1,4.181,4777.835,250.86,235.981
2026-02-27T17:24:38+00:00,37.063295328989625,-8.150898003950715,164,2026-02-27T17:33:39.400538+00:00,2316,1,3.479,4781.314,208.74,233.698
2026-02-27T17:24:39+00:00,37.06327789463103,-8.150939159095287,163,2026-02-27T17:33:39.400538+00:00,2316,1,4.134,4785.449,248.04,242.037
2026-02-27T17:24:40+00:00,37.06325551494956,-8.150986516848207,164,2026-02-27T17:33:39.400538+00:00,2316,1,4.884,4790.332,293.04,239.366
2026-02-27T17:24:41+00:00,37.063236152753234,-8.151031695306301,160,2026-02-27T17:33:39.400538+00:00,2316,1,4.55,4794.883,273.0,241.761
2026-02-27T17:24:42+00:00,37.063218634575605,-8.151076454669237,159,2026-02-27T17:33:39.400538+00:00,2316,1,4.423,4799.306,265.38,243.873
2026-02-27T17:24:43+00:00,37.06320212222636,-8.15112347714603,157,2026-02-27T17:33:39.400538+00:00,2316,1,4.558,4803.864,273.48,246.247
2026-02-27T17:24:44+00:00,37.0631845202297,-8.151175025850534,156,2026-02-27T17:33:39.400538+00:00,2316,1,4.975,4808.84,298.5,246.833
2026-02-27T17:24:45+00:00,37.06316666677594,-8.151227915659547,154,2026-02-27T17:33:39.400538+00:00,2316,1,5.096,4813.935,305.76,247.071
2026-02-27T17:24:46+00:00,37.06314495764673,-8.15128130838275,154,2026-02-27T17:33:39.400538+00:00,2316,1,5.317,4819.252,319.02,243.0
2026-02-27T17:24:47+00:00,37.063118387013674,-8.151334701105952,156,2026-02-27T17:33:39.400538+00:00,2316,1,5.583,4824.836,334.98,238.051
2026-02-27T17:24:48+00:00,37.06309223547578,-8.151387423276901,157,2026-02-27T17:33:39.400538+00:00,2316,1,5.508,4830.344,330.48,238.135
2026-02-27T17:24:49+00:00,37.06306331790984,-8.151443917304277,157,2026-02-27T17:33:39.400538+00:00,2316,1,5.955,4836.299,357.3,237.321
2026-02-27T17:24:50+00:00,37.06303909420967,-8.151498902589083,157,2026-02-27T17:33:39.400538+00:00,2316,1,5.573,4841.872,334.38,241.098
2026-02-27T17:24:51+00:00,37.06301847472787,-8.15155548043549,156,2026-02-27T17:33:39.400538+00:00,2316,1,5.519,4847.391,331.14,245.453
2026-02-27T17:24:52+00:00,37.06299592740834,-8.151610800996423,155,2026-02-27T17:33:39.400538+00:00,2316,1,5.512,4852.903,330.72,242.944
2026-02-27T17:24:53+00:00,37.0629736315459,-8.151663774624467,155,2026-02-27T17:33:39.400538+00:00,2316,1,5.314,4858.217,318.84,242.191
2026-02-27T17:24:54+00:00,37.0629461389035,-8.151718759909272,154,2026-02-27T17:33:39.400538+00:00,2316,1,5.758,4863.975,345.48,237.929
2026-02-27T17:24:55+00:00,37.062912276014686,-8.151776427403092,155,2026-02-27T17:33:39.400538+00:00,2316,1,6.353,4870.328,381.18,233.652
2026-02-27T17:24:56+00:00,37.06288444809616,-8.15183593891561,155,2026-02-27T17:33:39.400538+00:00,2316,1,6.12,4876.448,367.2,239.63
2026-02-27T17:24:57+00:00,37.0628578774631,-8.151891678571701,155,2026-02-27T17:33:39.400538+00:00,2316,1,5.761,4882.209,345.66,239.147
2026-02-27T17:24:58+00:00,37.062830636277795,-8.151946747675538,154,2026-02-27T17:33:39.400538+00:00,2316,1,5.749,4887.958,344.94,238.205
2026-02-27T17:24:59+00:00,37.06280356273055,-8.15199863165617,151,2026-02-27T17:33:39.400538+00:00,2316,1,5.501,4893.459,330.06,236.819
2026-02-27T17:25:00+00:00,37.06277866847813,-8.152048755437136,149,2026-02-27T17:33:39.400538+00:00,2316,1,5.239,4898.697,314.34,238.102
2026-02-27T17:25:01+00:00,37.06275503151119,-8.152093095704913,148,2026-02-27T17:33:39.400538+00:00,2316,1,4.732,4903.429,283.92,236.255
2026-02-27T17:25:02+00:00,37.0627320650965,-8.152146823704243,149,2026-02-27T17:33:39.400538+00:00,2316,1,5.408,4908.837,324.48,241.823
2026-02-27T17:25:03+00:00,37.06270641647279,-8.152198288589716,150,2026-02-27T17:33:39.400538+00:00,2316,1,5.384,4914.221,323.04,238.013
2026-02-27T17:25:04+00:00,37.062683030962944,-8.152248999103904,150,2026-02-27T17:33:39.400538+00:00,2316,1,5.197,4919.418,311.82,239.976
2026-02-27T17:25:05+00:00,37.06266433931887,-8.152304235845804,150,2026-02-27T17:33:39.400538+00:00,2316,1,5.324,4924.742,319.44,247.02
2026-02-27T17:25:06+00:00,37.06264707259834,-8.152359975501895,149,2026-02-27T17:33:39.400538+00:00,2316,1,5.305,4930.047,318.3,248.784
2026-02-27T17:25:07+00:00,37.06262762658298,-8.152418397367,149,2026-02-27T17:33:39.400538+00:00,2316,1,5.617,4935.664,337.02,247.358
2026-02-27T17:25:08+00:00,37.06260868348181,-8.152474723756313,148,2026-02-27T17:33:39.400538+00:00,2316,1,5.424,4941.087,325.44,247.147
2026-02-27T17:25:09+00:00,37.06258613616228,-8.152525098994374,149,2026-02-27T17:33:39.400538+00:00,2316,1,5.125,4946.212,307.5,240.712
2026-02-27T17:25:10+00:00,37.06256400793791,-8.15257228910923,149,2026-02-27T17:33:39.400538+00:00,2316,1,4.857,4951.069,291.42,239.56
2026-02-27T17:25:11+00:00,37.062544310465455,-8.15261922776699,151,2026-02-27T17:33:39.400538+00:00,2316,1,4.706,4955.775,282.36,242.261
2026-02-27T17:25:12+00:00,37.06252947449684,-8.15266172401607,151,2026-02-27T17:33:39.400538+00:00,2316,1,4.116,4959.891,246.96,246.371
2026-02-27T17:25:13+00:00,37.06251765601337,-8.152697011828423,151,2026-02-27T17:33:39.400538+00:00,2316,1,3.396,4963.286,203.76,247.232
2026-02-27T17:25:14+00:00,37.062498377636075,-8.152734395116568,151,2026-02-27T17:33:39.400538+00:00,2316,1,3.949,4967.236,236.94,237.127
2026-02-27T17:25:15+00:00,37.06248236820102,-8.152771526947618,151,2026-02-27T17:33:39.400538+00:00,2316,1,3.745,4970.981,224.7,241.617
2026-02-27T17:25:16+00:00,37.06246669404209,-8.152805222198367,151,2026-02-27T17:33:39.400538+00:00,2316,1,3.461,4974.441,207.66,239.76
2026-02-27T17:25:17+00:00,37.062449092045426,-8.152839504182339,150,2026-02-27T17:33:39.400538+00:00,2316,1,3.617,4978.059,217.02,237.241
2026-02-27T17:25:18+00:00,37.0624281372875,-8.152872528880835,150,2026-02-27T17:33:39.400538+00:00,2316,1,3.744,4981.802,224.64,231.51
2026-02-27T17:25:19+00:00,37.06240978091955,-8.152905218303204,150,2026-02-27T17:33:39.400538+00:00,2316,1,3.547,4985.349,212.82,234.866
2026-02-27T17:25:20+00:00,37.06239687278867,-8.152936398983002,150,2026-02-27T17:33:39.400538+00:00,2316,1,3.117,4988.466,187.02,242.58
2026-02-27T17:25:21+00:00,37.06238245591521,-8.152969339862466,149,2026-02-27T17:33:39.400538+00:00,2316,1,3.334,4991.8,200.04,241.257
2026-02-27T17:25:22+00:00,37.06236669793725,-8.153001107275486,148,2026-02-27T17:33:39.400538+00:00,2316,1,3.319,4995.119,199.14,238.134
2026-02-27T17:25:23+00:00,37.0623470004648,-8.153034215793014,145,2026-02-27T17:33:39.400538+00:00,2316,1,3.664,4998.783,219.84,233.294
2026-02-27T17:25:24+00:00,37.06232948228717,-8.153070509433746,144,2026-02-27T17:33:39.400538+00:00,2316,1,3.764,5002.547,225.84,238.831
2026-02-27T17:25:25+00:00,37.06231204792857,-8.153104959055781,142,2026-02-27T17:33:39.400538+00:00,2316,1,3.62,5006.166,217.2,237.617
2026-02-27T17:25:26+00:00,37.0622983854264,-8.153141168877482,143,2026-02-27T17:33:39.400538+00:00,2316,1,3.554,5009.72,213.24,244.693
2026-02-27T17:25:27+00:00,37.062281453982,-8.15317721106112,144,2026-02-27T17:33:39.400538+00:00,2316,1,3.711,5013.432,222.66,239.515
2026-02-27T17:25:28+00:00,37.062266785651445,-8.153212582692504,145,2026-02-27T17:33:39.400538+00:00,2316,1,3.537,5016.969,212.22,242.54
2026-02-27T17:25:29+00:00,37.06224951893091,-8.153253067284822,144,2026-02-27T17:33:39.400538+00:00,2316,1,4.073,5021.042,244.38,241.877
2026-02-27T17:25:30+00:00,37.06222613342106,-8.153295647352934,143,2026-02-27T17:33:39.400538+00:00,2316,1,4.587,5025.628,275.22,235.462
2026-02-27T17:25:31+00:00,37.062205262482166,-8.153334120288491,142,2026-02-27T17:33:39.400538+00:00,2316,1,4.128,5029.756,247.68,235.791
2026-02-27T17:25:32+00:00,37.062184223905206,-8.153369659557939,141,2026-02-27T17:33:39.400538+00:00,2316,1,3.926,5033.683,235.56,233.43
2026-02-27T17:25:33+00:00,37.06216402351856,-8.153400588780642,143,2026-02-27T17:33:39.400538+00:00,2316,1,3.546,5037.229,212.76,230.701
2026-02-27T17:25:34+00:00,37.06214248202741,-8.153434535488486,142,2026-02-27T17:33:39.400538+00:00,2316,1,3.848,5041.078,230.88,231.508
2026-02-27T17:25:35+00:00,37.06212496384978,-8.153471080586314,143,2026-02-27T17:33:39.400538+00:00,2316,1,3.783,5044.86,226.98,239.006
2026-02-27T17:25:36+00:00,37.06209981814027,-8.153511984273791,143,2026-02-27T17:33:39.400538+00:00,2316,1,4.582,5049.442,274.92,232.39
2026-02-27T17:25:37+00:00,37.06207701936364,-8.153553055599332,142,2026-02-27T17:33:39.400538+00:00,2316,1,4.439,5053.881,266.34,235.176
2026-02-27T17:25:38+00:00,37.06205287948251,-8.153593121096492,137,2026-02-27T17:33:39.400538+00:00,2316,1,4.455,5058.336,267.3,232.946
2026-02-27T17:25:39+00:00,37.06202664412558,-8.153634443879128,136,2026-02-27T17:33:39.400538+00:00,2316,1,4.686,5063.021,281.16,231.494
2026-02-27T17:25:40+00:00,37.062001917511225,-8.15367266535759,135,2026-02-27T17:33:39.400538+00:00,2316,1,4.366,5067.387,261.96,230.968
2026-02-27T17:25:41+00:00,37.061980376020074,-8.15371080301702,134,2026-02-27T17:33:39.400538+00:00,2316,1,4.146,5071.533,248.76,234.708
2026-02-27T17:25:42+00:00,37.061962774023414,-8.153748773038387,135,2026-02-27T17:33:39.400538+00:00,2316,1,3.896,5075.43,233.76,239.846
2026-02-27T17:25:43+00:00,37.061949614435434,-8.153784647583961,136,2026-02-27T17:33:39.400538+00:00,2316,1,3.503,5078.933,210.18,245.312
2026-02-27T17:25:44+00:00,37.0619392208755,-8.153824796900153,137,2026-02-27T17:33:39.400538+00:00,2316,1,3.745,5082.679,224.7,252.027
2026-02-27T17:25:45+00:00,37.06192790530622,-8.153861928731203,136,2026-02-27T17:33:39.400538+00:00,2316,1,3.527,5086.205,211.62,249.099
2026-02-27T17:25:46+00:00,37.06191415898502,-8.153902245685458,134,2026-02-27T17:33:39.400538+00:00,2316,1,3.89,5090.096,233.4,246.864
2026-02-27T17:25:47+00:00,37.06189898774028,-8.153949603438377,133,2026-02-27T17:33:39.400538+00:00,2316,1,4.528,5094.624,271.68,248.127
2026-02-27T17:25:48+00:00,37.06187803298235,-8.153995536267757,132,2026-02-27T17:33:39.400538+00:00,2316,1,4.695,5099.319,281.7,240.244
2026-02-27T17:25:49+00:00,37.061856826767325,-8.154040211811662,133,2026-02-27T17:33:39.400538+00:00,2316,1,4.612,5103.931,276.72,239.254
2026-02-27T17:25:50+00:00,37.06183763220906,-8.154081953689456,134,2026-02-27T17:33:39.400538+00:00,2316,1,4.275,5108.206,256.5,240.047
2026-02-27T17:25:51+00:00,37.061816761270165,-8.15412025898695,136,2026-02-27T17:33:39.400538+00:00,2316,1,4.116,5112.321,246.96,235.675
2026-02-27T17:25:52+00:00,37.06179195083678,-8.154158983379602,137,2026-02-27T17:33:39.400538+00:00,2316,1,4.407,5116.728,264.42,231.239
2026-02-27T17:25:53+00:00,37.06176336854696,-8.15419988706708,139,2026-02-27T17:33:39.400538+00:00,2316,1,4.824,5121.552,289.44,228.792
2026-02-27T17:25:54+00:00,37.06173646263778,-8.154239365831017,140,2026-02-27T17:33:39.400538+00:00,2316,1,4.607,5126.159,276.42,229.501
2026-02-27T17:25:55+00:00,37.061705784872174,-8.154279179871082,140,2026-02-27T17:33:39.400538+00:00,2316,1,4.911,5131.07,294.66,226.003
2026-02-27T17:25:56+00:00,37.06167250871658,-8.154319832101464,139,2026-02-27T17:33:39.400538+00:00,2316,1,5.167,5136.237,310.02,224.271
2026-02-27T17:25:57+00:00,37.06164107657969,-8.154358472675085,139,2026-02-27T17:33:39.400538+00:00,2316,1,4.896,5141.133,293.76,224.45
2026-02-27T17:25:58+00:00,37.06160302273929,-8.154396610334516,138,2026-02-27T17:33:39.400538+00:00,2316,1,5.418,5146.552,325.08,218.651
2026-02-27T17:25:59+00:00,37.06156672909856,-8.154423600062728,137,2026-02-27T17:33:39.400538+00:00,2316,1,4.693,5151.244,281.58,210.686
2026-02-27T17:26:00+00:00,37.06153051927686,-8.154439022764564,139,2026-02-27T17:33:39.400538+00:00,2316,1,4.253,5155.497,255.18,198.772
2026-02-27T17:26:01+00:00,37.061491291970015,-8.154445812106133,139,2026-02-27T17:33:39.400538+00:00,2316,1,4.403,5159.9,264.18,187.864
2026-02-27T17:26:02+00:00,37.06145156174898,-8.154446315020323,139,2026-02-27T17:33:39.400538+00:00,2316,1,4.418,5164.318,265.08,180.579
2026-02-27T17:26:03+00:00,37.06141107715666,-8.154448829591274,138,2026-02-27T17:33:39.400538+00:00,2316,1,4.507,5168.825,270.42,182.838
2026-02-27T17:26:04+00:00,37.06137218512595,-8.15445008687675,138,2026-02-27T17:33:39.400538+00:00,2316,1,4.326,5173.151,259.56,181.478
2026-02-27T17:26:05+00:00,37.061331029981375,-8.154462659731507,136,2026-02-27T17:33:39.400538+00:00,2316,1,4.71,5177.862,282.6,193.701
2026-02-27T17:26:06+00:00,37.06128811463714,-8.154477998614311,136,2026-02-27T17:33:39.400538+00:00,2316,1,4.962,5182.824,297.72,195.919
2026-02-27T17:26:07+00:00,37.06124285236001,-8.154488475993276,136,2026-02-27T17:33:39.400538+00:00,2316,1,5.118,5187.942,307.08,190.466
2026-02-27T17:26:08+00:00,37.06119926646352,-8.15449451096356,134,2026-02-27T17:33:39.400538+00:00,2316,1,4.876,5192.818,292.56,186.305
2026-02-27T17:26:09+00:00,37.06115677021444,-8.154500462114811,134,2026-02-27T17:33:39.400538+00:00,2316,1,4.755,5197.573,285.3,186.376
2026-02-27T17:26:10+00:00,37.0611154474318,-8.15450331196189,133,2026-02-27T17:33:39.400538+00:00,2316,1,4.602,5202.175,276.12,183.15
2026-02-27T17:26:11+00:00,37.06107496283949,-8.15449501387775,133,2026-02-27T17:33:39.400538+00:00,2316,1,4.562,5206.736,273.72,170.711
2026-02-27T17:26:12+00:00,37.06103716045618,-8.154466766864061,136,2026-02-27T17:33:39.400538+00:00,2316,1,4.894,5211.63,293.64,149.193
2026-02-27T17:26:13+00:00,37.06099902279675,-8.154456540942192,138,2026-02-27T17:33:39.400538+00:00,2316,1,4.337,5215.967,260.22,167.923
2026-02-27T17:26:14+00:00,37.06096415407956,-8.154455870389938,138,2026-02-27T17:33:39.400538+00:00,2316,1,3.878,5219.845,232.68,179.121
2026-02-27T17:26:15+00:00,37.0609275251627,-8.15445737913251,138,2026-02-27T17:33:39.400538+00:00,2316,1,4.075,5223.92,244.5,181.883
2026-02-27T17:26:16+00:00,37.06089676357806,-8.154459809884429,137,2026-02-27T17:33:39.400538+00:00,2316,1,3.427,5227.347,205.62,183.608
2026-02-27T17:26:17+00:00,37.06086499616504,-8.154461989179254,137,2026-02-27T17:33:39.400538+00:00,2316,1,3.538,5230.885,212.28,183.133
2026-02-27T17:26:18+00:00,37.06083297729492,-8.154461150988936,136,2026-02-27T17:33:39.400538+00:00,2316,1,3.561,5234.446,213.66,178.803
2026-02-27T17:26:19+00:00,37.06080162897706,-8.154466096311808,136,2026-02-27T17:33:39.400538+00:00,2316,1,3.513,5237.959,210.78,187.175
2026-02-27T17:26:20+00:00,37.0607702806592,-8.154472885653377,137,2026-02-27T17:33:39.400538+00:00,2316,1,3.537,5241.497,212.22,189.805
2026-02-27T17:26:21+00:00,37.06074153073132,-8.15448185428977,138,2026-02-27T17:33:39.400538+00:00,2316,1,3.294,5244.791,197.64,193.979
2026-02-27T17:26:22+00:00,37.06071227788925,-8.154495600610971,138,2026-02-27T17:33:39.400538+00:00,2316,1,3.474,5248.265,208.44,200.556
2026-02-27T17:26:23+00:00,37.06067942082882,-8.154514962807298,139,2026-02-27T17:33:39.400538+00:00,2316,1,4.037,5252.302,242.22,205.185
2026-02-27T17:26:24+00:00,37.06064463593066,-8.154533738270402,139,2026-02-27T17:33:39.400538+00:00,2316,1,4.211,5256.514,252.66,203.303
2026-02-27T17:26:25+00:00,37.0606077555567,-8.154543628916144,139,2026-02-27T17:33:39.400538+00:00,2316,1,4.194,5260.707,251.64,192.08
2026-02-27T17:26:26+00:00,37.06057280302048,-8.154549412429333,138,2026-02-27T17:33:39.400538+00:00,2316,1,3.92,5264.628,235.2,187.522
2026-02-27T17:26:27+00:00,37.06054246053099,-8.154557961970568,138,2026-02-27T17:33:39.400538+00:00,2316,1,3.458,5268.086,207.48,192.672
2026-02-27T17:26:28+00:00,37.06051027402282,-8.154562152922153,138,2026-02-27T17:33:39.400538+00:00,2316,1,3.598,5271.684,215.88,185.932
2026-02-27T17:26:29+00:00,37.06047926098108,-8.154549915343523,138,2026-02-27T17:33:39.400538+00:00,2316,1,3.615,5275.3,216.9,162.521
2026-02-27T17:26:30+00:00,37.06044925376773,-8.154543964192271,138,2026-02-27T17:33:39.400538+00:00,2316,1,3.378,5278.678,202.68,171.007
2026-02-27T17:26:31+00:00,37.06041865982115,-8.15453365445137,139,2026-02-27T17:33:39.400538+00:00,2316,1,3.523,5282.2,211.38,164.948
2026-02-27T17:26:32+00:00,37.06038882024586,-8.154521081596613,139,2026-02-27T17:33:39.400538+00:00,2316,1,3.501,5285.701,210.06,161.415
2026-02-27T17:26:33+00:00,37.06035738810897,-8.154513286426663,140,2026-02-27T17:33:39.400538+00:00,2316,1,3.563,5289.264,213.78,168.806
2026-02-27T17:26:34+00:00,37.060329811647534,-8.154504904523492,139,2026-02-27T17:33:39.400538+00:00,2316,1,3.155,5292.419,189.3,166.366
2026-02-27T17:26:35+00:00,37.06030500121415,-8.154496354982257,139,2026-02-27T17:33:39.400538+00:00,2316,1,2.861,5295.28,171.66,164.624
2026-02-27T17:26:36+00:00,37.06027926877141,-8.154483949765563,138,2026-02-27T17:33:39.400538+00:00,2316,1,3.066,5298.346,183.96,158.958
2026-02-27T17:26:37+00:00,37.06025253050029,-8.154469197615981,136,2026-02-27T17:33:39.400538+00:00,2316,1,3.249,5301.595,194.94,156.237
2026-02-27T17:26:38+00:00,37.06022696569562,-8.154454613104463,136,2026-02-27T17:33:39.400538+00:00,2316,1,3.123,5304.718,187.38,155.522
2026-02-27T17:26:39+00:00,37.06019846722483,-8.154440866783261,134,2026-02-27T17:33:39.400538+00:00,2316,1,3.396,5308.114,203.76,158.947
2026-02-27T17:26:40+00:00,37.060170052573085,-8.154430473223329,133,2026-02-27T17:33:39.400538+00:00,2316,1,3.291,5311.405,197.46,163.728
2026-02-27T17:26:41+00:00,37.06014163792133,-8.154428461566567,133,2026-02-27T17:33:39.400538+00:00,2316,1,3.165,5314.57,189.9,176.766
2026-02-27T17:26:42+00:00,37.06011305563152,-8.15443592146039,133,2026-02-27T17:33:39.400538+00:00,2316,1,3.246,5317.816,194.76,191.765
2026-02-27T17:26:43+00:00,37.06008388660848,-8.154452601447701,133,2026-02-27T17:33:39.400538+00:00,2316,1,3.565,5321.381,213.9,204.529
2026-02-27T17:26:44+00:00,37.06005597487092,-8.154466599225998,134,2026-02-27T17:33:39.400538+00:00,2316,1,3.343,5324.724,200.58,201.811
2026-02-27T17:26:45+00:00,37.06002957187593,-8.154478166252375,135,2026-02-27T17:33:39.400538+00:00,2316,1,3.11,5327.834,186.6,199.27
2026-02-27T17:26:46+00:00,37.0600051805377,-8.154488475993276,135,2026-02-27T17:33:39.400538+00:00,2316,1,2.862,5330.697,171.72,198.639
2026-02-27T17:26:47+00:00,37.05998397432268,-8.15449258312583,136,2026-02-27T17:33:39.400538+00:00,2316,1,2.386,5333.083,143.16,188.786
2026-02-27T17:26:48+00:00,37.05995824187994,-8.15449501387775,136,2026-02-27T17:33:39.400538+00:00,2316,1,2.869,5335.952,172.14,184.311
2026-02-27T17:26:49+00:00,37.05993368290365,-8.154492247849703,136,2026-02-27T17:33:39.400538+00:00,2316,1,2.742,5338.694,164.52,174.864
2026-02-27T17:26:50+00:00,37.0599102973938,-8.154484368860722,134,2026-02-27T17:33:39.400538+00:00,2316,1,2.693,5341.387,161.58,164.951
2026-02-27T17:26:51+00:00,37.05988657660782,-8.154470957815647,134,2026-02-27T17:33:39.400538+00:00,2316,1,2.894,5344.28,173.64,155.717
2026-02-27T17:26:52+00:00,37.05985967069864,-8.154461402446032,132,2026-02-27T17:33:39.400538+00:00,2316,1,3.11,5347.39,186.6,164.177
2026-02-27T17:26:53+00:00,37.05983594991267,-8.154447237029672,130,2026-02-27T17:33:39.400538+00:00,2316,1,2.922,5350.312,175.32,154.52
2026-02-27T17:26:54+00:00,37.05981122329831,-8.154430221766233,130,2026-02-27T17:33:39.400538+00:00,2316,1,3.137,5353.449,188.22,151.227
2026-02-27T17:26:55+00:00,37.059786496683955,-8.154416140168905,130,2026-02-27T17:33:39.400538+00:00,2316,1,3.02,5356.469,181.2,155.56
2026-02-27T17:26:56+00:00,37.0597636140883,-8.154399208724499,130,2026-02-27T17:33:39.400538+00:00,2316,1,2.955,5359.423,177.3,149.44
2026-02-27T17:26:57+00:00,37.059741988778114,-8.154380433261395,130,2026-02-27T17:33:39.400538+00:00,2316,1,2.925,5362.349,175.5,145.284
2026-02-27T17:26:58+00:00,37.05972011201084,-8.154359981417656,130,2026-02-27T17:33:39.400538+00:00,2316,1,3.035,5365.384,182.1,143.276
2026-02-27T17:26:59+00:00,37.05969915725291,-8.154338020831347,129,2026-02-27T17:33:39.400538+00:00,2316,1,3.038,5368.421,182.28,140.094
2026-02-27T17:27:00+00:00,37.05967769958079,-8.154311869293451,129,2026-02-27T17:33:39.400538+00:00,2316,1,3.328,5371.75,199.68,135.797
2026-02-27T17:27:01+00:00,37.05965297296643,-8.154285550117493,127,2026-02-27T17:33:39.400538+00:00,2316,1,3.607,5375.357,216.42,139.655
2026-02-27T17:27:02+00:00,37.05962631851435,-8.15425654873252,125,2026-02-27T17:33:39.400538+00:00,2316,1,3.925,5379.282,235.5,139.033
2026-02-27T17:27:03+00:00,37.05959807150066,-8.154233414679766,123,2026-02-27T17:33:39.400538+00:00,2316,1,3.752,5383.035,225.12,146.833
2026-02-27T17:27:04+00:00,37.05957091413438,-8.154218411073089,123,2026-02-27T17:33:39.400538+00:00,2316,1,3.3,5386.335,198.0,156.208
2026-02-27T17:27:05+00:00,37.05954451113939,-8.154218746349216,122,2026-02-27T17:33:39.400538+00:00,2316,1,2.936,5389.271,176.16,180.581
2026-02-27T17:27:06+00:00,37.05951777286827,-8.15421019680798,123,2026-02-27T17:33:39.400538+00:00,2316,1,3.068,5392.339,184.08,165.686
2026-02-27T17:27:07+00:00,37.059490364044905,-8.154203072190285,123,2026-02-27T17:33:39.400538+00:00,2316,1,3.113,5395.452,186.78,168.281
2026-02-27T17:27:08+00:00,37.05946563743055,-8.154196115210652,124,2026-02-27T17:33:39.400538+00:00,2316,1,2.818,5398.27,169.08,167.346
2026-02-27T17:27:09+00:00,37.05943998880685,-8.154191337525845,124,2026-02-27T17:33:39.400538+00:00,2316,1,2.883,5401.153,172.98,171.545
2026-02-27T17:27:10+00:00,37.05941257998347,-8.15418379381299,126,2026-02-27T17:33:39.400538+00:00,2316,1,3.12,5404.273,187.2,167.612
2026-02-27T17:27:11+00:00,37.05938324332237,-8.15417256206274,126,2026-02-27T17:33:39.400538+00:00,2316,1,3.411,5407.684,204.66,163.011
2026-02-27T17:27:12+00:00,37.05935315228999,-8.154156636446714,125,2026-02-27T17:33:39.400538+00:00,2316,1,3.632,5411.317,217.92,157.103
2026-02-27T17:27:13+00:00,37.0593249052763,-8.154136100783944,124,2026-02-27T17:33:39.400538+00:00,2316,1,3.631,5414.948,217.86,149.88
2026-02-27T17:27:14+00:00,37.0592987537384,-8.154115984216332,125,2026-02-27T17:33:39.400538+00:00,2316,1,3.412,5418.36,204.72,148.456
2026-02-27T17:27:15+00:00,37.05927369184792,-8.154099639505148,126,2026-02-27T17:33:39.400538+00:00,2316,1,3.142,5421.501,188.52,152.506
2026-02-27T17:27:16+00:00,37.059249551966786,-8.154085725545883,126,2026-02-27T17:33:39.400538+00:00,2316,1,2.955,5424.456,177.3,155.299
2026-02-27T17:27:17+00:00,37.05922138877213,-8.154076840728521,126,2026-02-27T17:33:39.400538+00:00,2316,1,3.229,5427.685,193.74,165.869
2026-02-27T17:27:18+00:00,37.05919498577714,-8.154066279530525,125,2026-02-27T17:33:39.400538+00:00,2316,1,3.082,5430.767,184.92,162.297
2026-02-27T17:27:19+00:00,37.05916707403958,-8.154051192104816,123,2026-02-27T17:33:39.400538+00:00,2316,1,3.38,5434.147,202.8,156.667
2026-02-27T17:27:20+00:00,37.059137150645256,-8.154038451611996,121,2026-02-27T17:33:39.400538+00:00,2316,1,3.514,5437.661,210.84,161.234
2026-02-27T17:27:21+00:00,37.05910613760352,-8.154033506289124,120,2026-02-27T17:33:39.400538+00:00,2316,1,3.476,5441.138,208.56,172.748
2026-02-27T17:27:22+00:00,37.05907587893307,-8.154042139649391,120,2026-02-27T17:33:39.400538+00:00,2316,1,3.451,5444.588,207.06,192.827
2026-02-27T17:27:23+00:00,37.05904888920486,-8.154044738039374,122,2026-02-27T17:33:39.400538+00:00,2316,1,3.01,5447.598,180.6,184.393
2026-02-27T17:27:24+00:00,37.05902106128633,-8.15403719432652,123,2026-02-27T17:33:39.400538+00:00,2316,1,3.166,5450.764,189.96,167.793
2026-02-27T17:27:25+00:00,37.05899524502456,-8.154028225690126,124,2026-02-27T17:33:39.400538+00:00,2316,1,2.979,5453.743,178.74,164.505
2026-02-27T17:27:26+00:00,37.058971524238586,-8.154023699462414,125,2026-02-27T17:33:39.400538+00:00,2316,1,2.668,5456.411,160.08,171.342
2026-02-27T17:27:27+00:00,37.05895107239485,-8.154020765796304,125,2026-02-27T17:33:39.400538+00:00,2316,1,2.289,5458.7,137.34,173.47
2026-02-27T17:27:28+00:00,37.05892919562757,-8.154021603986621,125,2026-02-27T17:33:39.400538+00:00,2316,1,2.434,5461.134,146.04,181.751
2026-02-27T17:27:29+00:00,37.05890329554677,-8.154018754139543,125,2026-02-27T17:33:39.400538+00:00,2316,1,2.891,5464.025,173.46,174.982
2026-02-27T17:27:30+00:00,37.05887345597148,-8.154010036960244,122,2026-02-27T17:33:39.400538+00:00,2316,1,3.407,5467.432,204.42,166.877
2026-02-27T17:27:31+00:00,37.058840515092015,-8.154002744704485,119,2026-02-27T17:33:39.400538+00:00,2316,1,3.72,5471.152,223.2,169.981
2026-02-27T17:27:32+00:00,37.05880899913609,-8.153994865715504,118,2026-02-27T17:33:39.400538+00:00,2316,1,3.573,5474.725,214.38,168.717
2026-02-27T17:27:33+00:00,37.05877882428467,-8.153990842401981,118,2026-02-27T17:33:39.400538+00:00,2316,1,3.374,5478.099,202.44,173.926
2026-02-27T17:27:34+00:00,37.05874529667199,-8.15398933365941,119,2026-02-27T17:33:39.400538+00:00,2316,1,3.731,5481.83,223.86,177.943
2026-02-27T17:27:35+00:00,37.058716379106045,-8.153987070545554,120,2026-02-27T17:33:39.400538+00:00,2316,1,3.222,5485.051,193.32,176.426
2026-02-27T17:27:36+00:00,37.05868695862591,-8.153994278982282,123,2026-02-27T17:33:39.400538+00:00,2316,1,3.333,5488.385,199.98,191.063
2026-02-27T17:27:37+00:00,37.05865644849837,-8.154007103294134,124,2026-02-27T17:33:39.400538+00:00,2316,1,3.578,5491.963,214.68,198.543
2026-02-27T17:27:38+00:00,37.058628452941775,-8.154027219861746,125,2026-02-27T17:33:39.400538+00:00,2316,1,3.588,5495.552,215.28,209.831
2026-02-27T17:27:39+00:00,37.05859936773777,-8.154044905677438,125,2026-02-27T17:33:39.400538+00:00,2316,1,3.595,5499.146,215.7,205.885
2026-02-27T17:27:40+00:00,37.05857019871473,-8.154058987274766,125,2026-02-27T17:33:39.400538+00:00,2316,1,3.476,5502.622,208.56,201.069
2026-02-27T17:27:41+00:00,37.058541029691696,-8.15407038666308,125,2026-02-27T17:33:39.400538+00:00,2316,1,3.398,5506.02,203.88,197.321
2026-02-27T17:27:42+00:00,37.05851194448769,-8.154083378612995,125,2026-02-27T17:33:39.400538+00:00,2316,1,3.433,5509.453,205.98,199.619
2026-02-27T17:27:43+00:00,37.05848193727434,-8.154094442725182,125,2026-02-27T17:33:39.400538+00:00,2316,1,3.478,5512.931,208.68,196.396
2026-02-27T17:27:44+00:00,37.05844983458519,-8.154103914275765,125,2026-02-27T17:33:39.400538+00:00,2316,1,3.667,5516.599,220.02,193.249
2026-02-27T17:27:45+00:00,37.05841714516282,-8.15411732532084,126,2026-02-27T17:33:39.400538+00:00,2316,1,3.825,5520.423,229.5,198.128
2026-02-27T17:27:46+00:00,37.05838495865464,-8.1541314907372,126,2026-02-27T17:33:39.400538+00:00,2316,1,3.793,5524.217,227.58,199.352
2026-02-27T17:27:47+00:00,37.05835461616516,-8.154144147410989,126,2026-02-27T17:33:39.400538+00:00,2316,1,3.556,5527.773,213.36,198.411
2026-02-27T17:27:48+00:00,37.058326033875346,-8.154154540970922,126,2026-02-27T17:33:39.400538+00:00,2316,1,3.309,5531.082,198.54,196.182
2026-02-27T17:27:49+00:00,37.05829409882426,-8.154170969501138,128,2026-02-27T17:33:39.400538+00:00,2316,1,3.839,5534.92,230.34,202.32
2026-02-27T17:27:50+00:00,37.05825889483094,-8.154182452708483,128,2026-02-27T17:33:39.400538+00:00,2316,1,4.045,5538.965,242.7,194.591
2026-02-27T17:27:51+00:00,37.05822461284697,-8.15418622456491,126,2026-02-27T17:33:39.400538+00:00,2316,1,3.827,5542.792,229.62,185.018
2026-02-27T17:27:52+00:00,37.05819183960557,-8.154184548184276,127,2026-02-27T17:33:39.400538+00:00,2316,1,3.647,5546.439,218.82,177.663
2026-02-27T17:27:53+00:00,37.05815847963095,-8.154195277020335,127,2026-02-27T17:33:39.400538+00:00,2316,1,3.83,5550.269,229.8,194.394
2026-02-27T17:27:54+00:00,37.05812838859856,-8.154215225949883,127,2026-02-27T17:33:39.400538+00:00,2316,1,3.785,5554.054,227.1,207.881
2026-02-27T17:27:55+00:00,37.058096788823605,-8.154238108545542,127,2026-02-27T17:33:39.400538+00:00,2316,1,4.058,5558.113,243.48,210.023
2026-02-27T17:27:56+00:00,37.05806326121092,-8.154257470741868,126,2026-02-27T17:33:39.400538+00:00,2316,1,4.105,5562.218,246.3,204.743
2026-02-27T17:27:57+00:00,37.058032331988215,-8.154276749119163,126,2026-02-27T17:33:39.400538+00:00,2316,1,3.841,5566.059,230.46,206.446
2026-02-27T17:27:58+00:00,37.05799779854715,-8.154285633936524,125,2026-02-27T17:33:39.400538+00:00,2316,1,3.92,5569.979,235.2,191.603
2026-02-27T17:27:59+00:00,37.057961924001575,-8.154288986697793,126,2026-02-27T17:33:39.400538+00:00,2316,1,4.0,5573.979,240.0,184.265
2026-02-27T17:28:00+00:00,37.057930659502745,-8.154296530410647,127,2026-02-27T17:33:39.400538+00:00,2316,1,3.54,5577.519,212.4,190.899
2026-02-27T17:28:01+00:00,37.05789721570909,-8.154315557330847,127,2026-02-27T17:33:39.400538+00:00,2316,1,4.084,5581.603,245.04,204.419
2026-02-27T17:28:02+00:00,37.05785773694515,-8.154335590079427,129,2026-02-27T17:33:39.400538+00:00,2316,1,4.736,5586.339,284.16,202.045
2026-02-27T17:28:03+00:00,37.0578208565712,-8.154346235096455,128,2026-02-27T17:33:39.400538+00:00,2316,1,4.208,5590.548,252.48,192.971
2026-02-27T17:28:04+00:00,37.05778833478689,-8.154344642534852,128,2026-02-27T17:33:39.400538+00:00,2316,1,3.619,5594.167,217.14,177.762
2026-02-27T17:28:05+00:00,37.05775598064065,-8.154333075508475,128,2026-02-27T17:33:39.400538+00:00,2316,1,3.741,5597.908,224.46,164.076
2026-02-27T17:28:06+00:00,37.05772211775184,-8.15431865863502,128,2026-02-27T17:33:39.400538+00:00,2316,1,3.977,5601.885,238.62,161.235
2026-02-27T17:28:07+00:00,37.05768574029207,-8.154306169599295,129,2026-02-27T17:33:39.400538+00:00,2316,1,4.194,5606.079,251.64,164.678
2026-02-27T17:28:08+00:00,37.057653134688735,-8.154296865686774,129,2026-02-27T17:33:39.400538+00:00,2316,1,3.718,5609.797,223.08,167.172
2026-02-27T17:28:09+00:00,37.057621870189905,-8.15428831614554,130,2026-02-27T17:33:39.400538+00:00,2316,1,3.558,5613.355,213.48,167.689
2026-02-27T17:28:10+00:00,37.05759244970977,-8.15427758730948,131,2026-02-27T17:33:39.400538+00:00,2316,1,3.407,5616.763,204.42,163.774
2026-02-27T17:28:11+00:00,37.05755892209709,-8.15427415072918,132,2026-02-27T17:33:39.400538+00:00,2316,1,3.741,5620.503,224.46,175.324
2026-02-27T17:28:12+00:00,37.05752547830343,-8.154274905100465,132,2026-02-27T17:33:39.400538+00:00,2316,1,3.719,5624.222,223.14,181.031
2026-02-27T17:28:13+00:00,37.05749161541462,-8.15427222289145,131,2026-02-27T17:33:39.400538+00:00,2316,1,3.773,5627.995,226.38,176.383
2026-02-27T17:28:14+00:00,37.057457752525806,-8.154268870130181,132,2026-02-27T17:33:39.400538+00:00,2316,1,3.777,5631.773,226.62,175.482
2026-02-27T17:28:15+00:00,37.05742514692247,-8.154263254255056,132,2026-02-27T17:33:39.400538+00:00,2316,1,3.66,5635.432,219.6,172.174
2026-02-27T17:28:16+00:00,37.05739530734718,-8.154251938685775,133,2026-02-27T17:33:39.400538+00:00,2316,1,3.467,5638.899,208.02,163.163
2026-02-27T17:28:17+00:00,37.05736555159092,-8.15423802472651,134,2026-02-27T17:33:39.400538+00:00,2316,1,3.532,5642.43,211.92,159.536
2026-02-27T17:28:18+00:00,37.0573356281966,-8.154226122424006,134,2026-02-27T17:33:39.400538+00:00,2316,1,3.491,5645.921,209.46,162.389
2026-02-27T17:28:19+00:00,37.05730143003166,-8.154225032776594,133,2026-02-27T17:33:39.400538+00:00,2316,1,3.804,5649.725,228.24,178.543
2026-02-27T17:28:20+00:00,37.05726555548608,-8.15422335639596,133,2026-02-27T17:33:39.400538+00:00,2316,1,3.992,5653.717,239.52,177.864
2026-02-27T17:28:21+00:00,37.05723219551146,-8.154215142130852,132,2026-02-27T17:33:39.400538+00:00,2316,1,3.78,5657.497,226.8,168.883
2026-02-27T17:28:22+00:00,37.05719606950879,-8.154217321425676,131,2026-02-27T17:33:39.400538+00:00,2316,1,4.022,5661.519,241.32,182.756
2026-02-27T17:28:23+00:00,37.05716220661998,-8.154229894280434,131,2026-02-27T17:33:39.400538+00:00,2316,1,3.927,5665.446,235.62,196.505
2026-02-27T17:28:24+00:00,37.05712700262666,-8.154242802411318,132,2026-02-27T17:33:39.400538+00:00,2316,1,4.079,5669.525,244.74,196.31
2026-02-27T17:28:25+00:00,37.05709322355688,-8.154241712763906,132,2026-02-27T17:33:39.400538+00:00,2316,1,3.757,5673.282,225.42,178.525
2026-02-27T17:28:26+00:00,37.057059444487095,-8.154234252870083,133,2026-02-27T17:33:39.400538+00:00,2316,1,3.814,5677.096,228.84,170.005
2026-02-27T17:28:27+00:00,37.05702549777925,-8.154227128252387,134,2026-02-27T17:33:39.400538+00:00,2316,1,3.827,5680.923,229.62,170.492
2026-02-27T17:28:28+00:00,37.05699725076556,-8.154223272576928,134,2026-02-27T17:33:39.400538+00:00,2316,1,3.16,5684.083,189.6,173.783
2026-02-27T17:28:29+00:00,37.05696766264737,-8.154212040826678,134,2026-02-27T17:33:39.400538+00:00,2316,1,3.438,5687.521,206.28,163.146
2026-02-27T17:28:30+00:00,37.056940756738186,-8.154197288677096,135,2026-02-27T17:33:39.400538+00:00,2316,1,3.266,5690.786,195.96,156.368
2026-02-27T17:28:31+00:00,37.05691619776189,-8.154179686680436,136,2026-02-27T17:33:39.400538+00:00,2316,1,3.146,5693.932,188.76,150.232
2026-02-27T17:28:32+00:00,37.05688367597759,-8.154168203473091,134,2026-02-27T17:33:39.400538+00:00,2316,1,3.757,5697.689,225.42,164.263
2026-02-27T17:28:33+00:00,37.056854255497456,-8.15415596589446,136,2026-02-27T17:33:39.400538+00:00,2316,1,3.447,5701.136,206.82,161.637
2026-02-27T17:28:34+00:00,37.05682416446507,-8.154147500172257,137,2026-02-27T17:33:39.400538+00:00,2316,1,3.429,5704.566,205.74,167.346
2026-02-27T17:28:35+00:00,37.05679734237492,-8.154145823791623,136,2026-02-27T17:33:39.400538+00:00,2316,1,2.986,5707.552,179.16,177.145
2026-02-27T17:28:36+00:00,37.05677010118961,-8.15414372831583,135,2026-02-27T17:33:39.400538+00:00,2316,1,3.035,5710.587,182.1,176.487
2026-02-27T17:28:37+00:00,37.05674160271883,-8.154134256765246,134,2026-02-27T17:33:39.400538+00:00,2316,1,3.278,5713.865,196.68,165.145
2026-02-27T17:28:38+00:00,37.05671478062868,-8.15412176772952,133,2026-02-27T17:33:39.400538+00:00,2316,1,3.182,5717.047,190.92,159.616
2026-02-27T17:28:39+00:00,37.056687623262405,-8.154112715274096,134,2026-02-27T17:33:39.400538+00:00,2316,1,3.125,5720.172,187.5,165.104
2026-02-27T17:28:40+00:00,37.056661723181605,-8.154107350856066,134,2026-02-27T17:33:39.400538+00:00,2316,1,2.919,5723.091,175.14,170.614
2026-02-27T17:28:41+00:00,37.05663280561566,-8.154104836285114,135,2026-02-27T17:33:39.400538+00:00,2316,1,3.223,5726.314,193.38,176.03
2026-02-27T17:28:42+00:00,37.05660791136325,-8.154094107449055,134,2026-02-27T17:33:39.400538+00:00,2316,1,2.927,5729.241,175.62,161.02
2026-02-27T17:28:43+00:00,37.056587962433696,-8.154079858213663,134,2026-02-27T17:33:39.400538+00:00,2316,1,2.553,5731.794,153.18,150.316
2026-02-27T17:28:44+00:00,37.05656541511416,-8.154073571786284,133,2026-02-27T17:33:39.400538+00:00,2316,1,2.568,5734.363,154.08,167.456
2026-02-27T17:28:45+00:00,37.056541023775935,-8.154075499624014,133,2026-02-27T17:33:39.400538+00:00,2316,1,2.718,5737.08,163.08,183.609
2026-02-27T17:28:46+00:00,37.056515123695135,-8.154082875698805,133,2026-02-27T17:33:39.400538+00:00,2316,1,2.953,5740.034,177.18,192.804
2026-02-27T17:28:47+00:00,37.05648637376726,-8.154090838506818,133,2026-02-27T17:33:39.400538+00:00,2316,1,3.274,5743.308,196.44,192.464
2026-02-27T17:28:48+00:00,37.05645527690649,-8.154094526544213,132,2026-02-27T17:33:39.400538+00:00,2316,1,3.473,5746.781,208.38,185.407
2026-02-27T17:28:49+00:00,37.05642501823604,-8.154098382219672,132,2026-02-27T17:33:39.400538+00:00,2316,1,3.382,5750.163,202.92,185.806
2026-02-27T17:28:50+00:00,37.056397860869765,-8.154100896790624,132,2026-02-27T17:33:39.400538+00:00,2316,1,3.028,5753.191,181.68,184.226
2026-02-27T17:28:51+00:00,37.05637254752219,-8.154105423018336,133,2026-02-27T17:33:39.400538+00:00,2316,1,2.843,5756.034,170.58,188.121
2026-02-27T17:28:52+00:00,37.0563495811075,-8.154102908447385,131,2026-02-27T17:33:39.400538+00:00,2316,1,2.563,5758.598,153.78,175.006
2026-02-27T17:28:53+00:00,37.05632594414055,-8.154093688353896,131,2026-02-27T17:33:39.400538+00:00,2316,1,2.753,5761.35,165.18,162.709
2026-02-27T17:28:54+00:00,37.0562975294888,-8.154080780223012,130,2026-02-27T17:33:39.400538+00:00,2316,1,3.361,5764.711,201.66,160.073
2026-02-27T17:28:55+00:00,37.05626903101802,-8.15406845882535,127,2026-02-27T17:33:39.400538+00:00,2316,1,3.352,5768.063,201.12,160.964
2026-02-27T17:28:56+00:00,37.05623801797629,-8.15406359732151,127,2026-02-27T17:33:39.400538+00:00,2316,1,3.475,5771.539,208.5,172.869
2026-02-27T17:28:57+00:00,37.05620717257261,-8.154065189883113,127,2026-02-27T17:33:39.400538+00:00,2316,1,3.433,5774.972,205.98,182.359
2026-02-27T17:28:58+00:00,37.05617389641702,-8.154068542644382,127,2026-02-27T17:33:39.400538+00:00,2316,1,3.712,5778.684,222.72,184.597
2026-02-27T17:28:59+00:00,37.056143302470446,-8.154064184054732,127,2026-02-27T17:33:39.400538+00:00,2316,1,3.424,5782.107,205.44,173.514
2026-02-27T17:29:00+00:00,37.05611480399966,-8.154072482138872,127,2026-02-27T17:33:39.400538+00:00,2316,1,3.253,5785.361,195.18,193.082
2026-02-27T17:29:01+00:00,37.05608278512955,-8.154083965346217,128,2026-02-27T17:33:39.400538+00:00,2316,1,3.703,5789.064,222.18,195.972
2026-02-27T17:29:02+00:00,37.05604925751686,-8.154098549857736,128,2026-02-27T17:33:39.400538+00:00,2316,1,3.946,5793.01,236.76,199.144
2026-02-27T17:29:03+00:00,37.05601589754224,-8.154109949246049,128,2026-02-27T17:33:39.400538+00:00,2316,1,3.845,5796.855,230.7,195.254
2026-02-27T17:29:04+00:00,37.055984046310186,-8.154122438281775,129,2026-02-27T17:33:39.400538+00:00,2316,1,3.711,5800.566,222.66,197.376
2026-02-27T17:29:05+00:00,37.055956134572625,-8.154122522100806,129,2026-02-27T17:33:39.400538+00:00,2316,1,3.104,5803.67,186.24,180.137
2026-02-27T17:29:06+00:00,37.05592738464475,-8.15412076190114,131,2026-02-27T17:33:39.400538+00:00,2316,1,3.201,5806.871,192.06,177.203
2026-02-27T17:29:07+00:00,37.05589570105076,-8.154116151854396,133,2026-02-27T17:33:39.400538+00:00,2316,1,3.547,5810.417,212.82,173.377
2026-02-27T17:29:08+00:00,37.05586602911353,-8.154116235673428,133,2026-02-27T17:33:39.400538+00:00,2316,1,3.299,5813.717,197.94,180.129
2026-02-27T17:29:09+00:00,37.055832920596,-8.154123360291123,134,2026-02-27T17:33:39.400538+00:00,2316,1,3.735,5817.452,224.1,189.744
2026-02-27T17:29:10+00:00,37.055798722431064,-8.15413593314588,134,2026-02-27T17:33:39.400538+00:00,2316,1,3.963,5821.415,237.78,196.352
2026-02-27T17:29:11+00:00,37.05576418899,-8.154151188209653,133,2026-02-27T17:33:39.400538+00:00,2316,1,4.072,5825.487,244.32,199.419
2026-02-27T17:29:12+00:00,37.05573267303407,-8.154156133532524,132,2026-02-27T17:33:39.400538+00:00,2316,1,3.532,5829.019,211.92,187.138
2026-02-27T17:29:13+00:00,37.05570358783007,-8.1541539542377,132,2026-02-27T17:33:39.400538+00:00,2316,1,3.24,5832.258,194.4,176.578
2026-02-27T17:29:14+00:00,37.05567500554025,-8.15414666198194,132,2026-02-27T17:33:39.400538+00:00,2316,1,3.243,5835.502,194.58,168.491
2026-02-27T17:29:15+00:00,37.055642902851105,-8.154134759679437,133,2026-02-27T17:33:39.400538+00:00,2316,1,3.723,5839.224,223.38,163.517
2026-02-27T17:29:16+00:00,37.055613147094846,-8.154117073863745,133,2026-02-27T17:33:39.400538+00:00,2316,1,3.662,5842.886,219.72,154.623
2026-02-27T17:29:17+00:00,37.05558171495795,-8.154099388048053,132,2026-02-27T17:33:39.400538+00:00,2316,1,3.831,5846.718,229.86,155.818
2026-02-27T17:29:18+00:00,37.05555045045912,-8.154083713889122,129,2026-02-27T17:33:39.400538+00:00,2316,1,3.744,5850.462,224.64,158.194
2026-02-27T17:29:19+00:00,37.05551801249385,-8.154066614806652,129,2026-02-27T17:33:39.400538+00:00,2316,1,3.913,5854.375,234.78,157.185
2026-02-27T17:29:20+00:00,37.055488508194685,-8.154053539037704,128,2026-02-27T17:33:39.400538+00:00,2316,1,3.48,5857.855,208.8,160.522
2026-02-27T17:29:21+00:00,37.055454812943935,-8.154046246781945,129,2026-02-27T17:33:39.400538+00:00,2316,1,3.802,5861.657,228.12,170.201
2026-02-27T17:29:22+00:00,37.05542245879769,-8.154046330600977,130,2026-02-27T17:33:39.400538+00:00,2316,1,3.598,5865.255,215.88,180.118
2026-02-27T17:29:23+00:00,37.05539312213659,-8.154052952304482,130,2026-02-27T17:33:39.400538+00:00,2316,1,3.315,5868.57,198.9,190.211
2026-02-27T17:29:24+00:00,37.05536160618067,-8.154060496017337,131,2026-02-27T17:33:39.400538+00:00,2316,1,3.568,5872.137,214.08,190.815
2026-02-27T17:29:25+00:00,37.05532941967249,-8.154056640341878,131,2026-02-27T17:33:39.400538+00:00,2316,1,3.595,5875.733,215.7,174.539
2026-02-27T17:29:26+00:00,37.05529781989753,-8.154048174619675,131,2026-02-27T17:33:39.400538+00:00,2316,1,3.593,5879.326,215.58,167.932
2026-02-27T17:29:27+00:00,37.05526689067483,-8.154045911505818,132,2026-02-27T17:33:39.400538+00:00,2316,1,3.445,5882.771,206.7,176.658
2026-02-27T17:29:28+00:00,37.05523889511824,-8.154041217640042,134,2026-02-27T17:33:39.400538+00:00,2316,1,3.141,5885.912,188.46,172.379
2026-02-27T17:29:29+00:00,37.055212492123246,-8.15404063090682,133,2026-02-27T17:33:39.400538+00:00,2316,1,2.936,5888.848,176.16,178.984
2026-02-27T17:29:30+00:00,37.05518625676632,-8.154037278145552,132,2026-02-27T17:33:39.400538+00:00,2316,1,2.932,5891.78,175.92,174.177
2026-02-27T17:29:31+00:00,37.05516027286649,-8.154033087193966,132,2026-02-27T17:33:39.400538+00:00,2316,1,2.913,5894.693,174.78,172.665
2026-02-27T17:29:32+00:00,37.05513487569988,-8.154034847393632,132,2026-02-27T17:33:39.400538+00:00,2316,1,2.828,5897.522,169.68,183.166
2026-02-27T17:29:33+00:00,37.05510579049587,-8.154047839343548,133,2026-02-27T17:33:39.400538+00:00,2316,1,3.433,5900.955,205.98,199.62
2026-02-27T17:29:34+00:00,37.05507796257734,-8.154054209589958,132,2026-02-27T17:33:39.400538+00:00,2316,1,3.146,5904.101,188.76,190.353
2026-02-27T17:29:35+00:00,37.05504602752626,-8.154059406369925,132,2026-02-27T17:33:39.400538+00:00,2316,1,3.581,5907.682,214.86,187.399
2026-02-27T17:29:36+00:00,37.05501610413194,-8.15406996756792,132,2026-02-27T17:33:39.400538+00:00,2316,1,3.457,5911.138,207.42,195.731
2026-02-27T17:29:37+00:00,37.05498634837568,-8.154085809364915,133,2026-02-27T17:33:39.400538+00:00,2316,1,3.595,5914.733,215.7,203.02
2026-02-27T17:29:38+00:00,37.05495382659137,-8.154099304229021,132,2026-02-27T17:33:39.400538+00:00,2316,1,3.809,5918.543,228.54,198.322
2026-02-27T17:29:39+00:00,37.05492247827351,-8.154107853770256,131,2026-02-27T17:33:39.400538+00:00,2316,1,3.567,5922.11,214.02,192.279
2026-02-27T17:29:40+00:00,37.05489196814597,-8.154107183218002,129,2026-02-27T17:33:39.400538+00:00,2316,1,3.393,5925.503,203.58,178.995
2026-02-27T17:29:41+00:00,37.05486179329455,-8.154104333370924,130,2026-02-27T17:33:39.400538+00:00,2316,1,3.365,5928.868,201.9,175.69
2026-02-27T17:29:42+00:00,37.05483111552894,-8.154104081913829,131,2026-02-27T17:33:39.400538+00:00,2316,1,3.411,5932.279,204.66,179.625
2026-02-27T17:29:43+00:00,37.054799599573016,-8.154110535979271,132,2026-02-27T17:33:39.400538+00:00,2316,1,3.551,5935.83,213.06,189.282
2026-02-27T17:29:44+00:00,37.054769257083535,-8.154115732759237,133,2026-02-27T17:33:39.400538+00:00,2316,1,3.405,5939.235,204.3,187.783
2026-02-27T17:29:45+00:00,37.05473472364247,-8.154123360291123,133,2026-02-27T17:33:39.400538+00:00,2316,1,3.899,5943.135,233.94,189.997
2026-02-27T17:29:46+00:00,37.05469943583011,-8.15412956289947,131,2026-02-27T17:33:39.400538+00:00,2316,1,3.962,5947.097,237.72,187.985
2026-02-27T17:29:47+00:00,37.05466641113162,-8.15413048490882,129,2026-02-27T17:33:39.400538+00:00,2316,1,3.673,5950.77,220.38,181.276
2026-02-27T17:29:48+00:00,37.0546327996999,-8.154128305613995,129,2026-02-27T17:33:39.400538+00:00,2316,1,3.742,5954.512,224.52,177.038
2026-02-27T17:29:49+00:00,37.0546018704772,-8.154129646718502,130,2026-02-27T17:33:39.400538+00:00,2316,1,3.441,5957.954,206.46,181.982
2026-02-27T17:29:50+00:00,37.054575216025114,-8.154135849326849,131,2026-02-27T17:33:39.400538+00:00,2316,1,3.015,5960.968,180.9,190.521
2026-02-27T17:29:51+00:00,37.05454772338271,-8.154139118269086,132,2026-02-27T17:33:39.400538+00:00,2316,1,3.071,5964.039,184.26,185.421
2026-02-27T17:29:52+00:00,37.054518638178706,-8.154141381382942,132,2026-02-27T17:33:39.400538+00:00,2316,1,3.24,5967.279,194.4,183.553
2026-02-27T17:29:53+00:00,37.054490726441145,-8.154126796871424,132,2026-02-27T17:33:39.400538+00:00,2316,1,3.363,5970.642,201.78,157.364
2026-02-27T17:29:54+00:00,37.05446113832295,-8.154116235673428,131,2026-02-27T17:33:39.400538+00:00,2316,1,3.421,5974.063,205.26,164.1
2026-02-27T17:29:55+00:00,37.05443096347153,-8.154113804921508,130,2026-02-27T17:33:39.400538+00:00,2316,1,3.362,5977.425,201.72,176.322
2026-02-27T17:29:56+00:00,37.05440958961845,-8.15412076190114,130,2026-02-27T17:33:39.400538+00:00,2316,1,2.456,5979.881,147.36,194.561
2026-02-27T17:29:57+00:00,37.05438486300409,-8.154132748022676,130,2026-02-27T17:33:39.400538+00:00,2316,1,2.948,5982.829,176.88,201.149
2026-02-27T17:29:58+00:00,37.054354939609766,-8.15414372831583,130,2026-02-27T17:33:39.400538+00:00,2316,1,3.467,5986.296,208.02,196.323
2026-02-27T17:29:59+00:00,37.054326608777046,-8.15415638498962,130,2026-02-27T17:33:39.400538+00:00,2316,1,3.344,5989.64,200.64,199.623
2026-02-27T17:30:00+00:00,37.05430087633431,-8.15417398698628,130,2026-02-27T17:33:39.400538+00:00,2316,1,3.26,5992.9,195.6,208.63
2026-02-27T17:30:01+00:00,37.05427799373865,-8.15419108606875,130,2026-02-27T17:33:39.400538+00:00,2316,1,2.963,5995.863,177.78,210.81
2026-02-27T17:30:02+00:00,37.054255278781056,-8.154204413294792,130,2026-02-27T17:33:39.400538+00:00,2316,1,2.789,5998.652,167.34,205.091
2026-02-27T17:30:03+00:00,37.05422795377672,-8.154213381931186,128,2026-02-27T17:33:39.400538+00:00,2316,1,3.141,6001.793,188.46,194.678
2026-02-27T17:30:04+00:00,37.05420079641044,-8.154220171272755,127,2026-02-27T17:33:39.400538+00:00,2316,1,3.079,6004.872,184.74,191.283
2026-02-27T17:30:05+00:00,37.05417481251061,-8.154221344739199,126,2026-02-27T17:33:39.400538+00:00,2316,1,2.891,6007.763,173.46,182.064
2026-02-27T17:30:06+00:00,37.05415067262947,-8.154216818511486,125,2026-02-27T17:33:39.400538+00:00,2316,1,2.714,6010.477,162.84,171.49
2026-02-27T17:30:07+00:00,37.05412301234901,-8.154209610074759,125,2026-02-27T17:33:39.400538+00:00,2316,1,3.141,6013.619,188.46,168.251
2026-02-27T17:30:08+00:00,37.054097447544336,-8.15419988706708,126,2026-02-27T17:33:39.400538+00:00,2316,1,2.971,6016.589,178.26,163.116
2026-02-27T17:30:09+00:00,37.05407230183482,-8.154199551790953,127,2026-02-27T17:33:39.400538+00:00,2316,1,2.796,6019.386,167.76,179.39
2026-02-27T17:30:10+00:00,37.054048581048846,-8.154198797419667,127,2026-02-27T17:33:39.400538+00:00,2316,1,2.638,6022.024,158.28,178.546
2026-02-27T17:30:11+00:00,37.05402469262481,-8.154190247878432,128,2026-02-27T17:33:39.400538+00:00,2316,1,2.762,6024.787,165.72,164.059
2026-02-27T17:30:12+00:00,37.05400298349559,-8.154175076633692,127,2026-02-27T17:33:39.400538+00:00,2316,1,2.764,6027.551,165.84,150.851
2026-02-27T17:30:13+00:00,37.053979681804776,-8.154158480465412,126,2026-02-27T17:33:39.400538+00:00,2316,1,2.98,6030.531,178.8,150.386
2026-02-27T17:30:14+00:00,37.05395445227623,-8.154144063591957,126,2026-02-27T17:33:39.400538+00:00,2316,1,3.083,6033.614,184.98,155.485
2026-02-27T17:30:15+00:00,37.053926875814795,-8.154137106612325,127,2026-02-27T17:33:39.400538+00:00,2316,1,3.128,6036.742,187.68,168.616
2026-02-27T17:30:16+00:00,37.05389737151563,-8.154137022793293,128,2026-02-27T17:33:39.400538+00:00,2316,1,3.281,6040.023,196.86,179.87
2026-02-27T17:30:17+00:00,37.05387088470161,-8.154136771336198,128,2026-02-27T17:33:39.400538+00:00,2316,1,2.945,6042.968,176.7,179.566
2026-02-27T17:30:18+00:00,37.05384682863951,-8.15412905998528,128,2026-02-27T17:33:39.400538+00:00,2316,1,2.761,6045.729,165.66,165.65
2026-02-27T17:30:19+00:00,37.05382931046188,-8.154114810749888,128,2026-02-27T17:33:39.400538+00:00,2316,1,2.322,6048.052,139.32,147.01
2026-02-27T17:30:20+00:00,37.053812462836504,-8.154097208753228,129,2026-02-27T17:33:39.400538+00:00,2316,1,2.439,6050.491,146.34,140.179
2026-02-27T17:30:21+00:00,37.05379628576338,-8.154080444946885,130,2026-02-27T17:33:39.400538+00:00,2316,1,2.334,6052.825,140.04,140.409
2026-02-27T17:30:22+00:00,37.05377818085253,-8.154070302844048,132,2026-02-27T17:33:39.400538+00:00,2316,1,2.205,6055.03,132.3,155.912
2026-02-27T17:30:23+00:00,37.05375420860946,-8.154073571786284,133,2026-02-27T17:33:39.400538+00:00,2316,1,2.681,6057.712,160.86,186.211
2026-02-27T17:30:24+00:00,37.05372839234769,-8.154084300622344,134,2026-02-27T17:33:39.400538+00:00,2316,1,3.024,6060.736,181.44,198.349
2026-02-27T17:30:25+00:00,37.053698636591434,-8.15409243106842,131,2026-02-27T17:33:39.400538+00:00,2316,1,3.386,6064.122,203.16,192.302
2026-02-27T17:30:26+00:00,37.053666952997446,-8.154093688353896,129,2026-02-27T17:33:39.400538+00:00,2316,1,3.525,6067.647,211.5,181.814
2026-02-27T17:30:27+00:00,37.05363468267024,-8.154089413583279,128,2026-02-27T17:33:39.400538+00:00,2316,1,3.608,6071.255,216.48,173.965
2026-02-27T17:30:28+00:00,37.053605848923326,-8.154082875698805,129,2026-02-27T17:33:39.400538+00:00,2316,1,3.258,6074.514,195.48,169.743
2026-02-27T17:30:29+00:00,37.05357709899545,-8.154077092185616,131,2026-02-27T17:33:39.400538+00:00,2316,1,3.238,6077.751,194.28,170.879
2026-02-27T17:30:30+00:00,37.053550109267235,-8.154073571786284,131,2026-02-27T17:33:39.400538+00:00,2316,1,3.017,6080.769,181.02,174.057
2026-02-27T17:30:31+00:00,37.05352295190096,-8.154062340036035,131,2026-02-27T17:33:39.400538+00:00,2316,1,3.18,6083.949,190.8,161.734
2026-02-27T17:30:32+00:00,37.05349621362984,-8.15404306165874,130,2026-02-27T17:33:39.400538+00:00,2316,1,3.43,6087.379,205.8,150.083
2026-02-27T17:30:33+00:00,37.05346687696874,-8.154025124385953,128,2026-02-27T17:33:39.400538+00:00,2316,1,3.63,6091.009,217.8,153.989
2026-02-27T17:30:34+00:00,37.05343603156507,-8.154018921777606,128,2026-02-27T17:33:39.400538+00:00,2316,1,3.474,6094.483,208.44,170.883
2026-02-27T17:30:35+00:00,37.05341096967459,-8.154014982283115,128,2026-02-27T17:33:39.400538+00:00,2316,1,2.809,6097.291,168.54,172.85
2026-02-27T17:30:36+00:00,37.053385991603136,-8.154013641178608,128,2026-02-27T17:33:39.400538+00:00,2316,1,2.78,6100.071,166.8,177.546
2026-02-27T17:30:37+00:00,37.05336277373135,-8.15400693565607,127,2026-02-27T17:33:39.400538+00:00,2316,1,2.649,6102.721,158.94,167.021
2026-02-27T17:30:38+00:00,37.053340980783105,-8.15399469807744,126,2026-02-27T17:33:39.400538+00:00,2316,1,2.655,6105.376,159.3,155.86
2026-02-27T17:30:39+00:00,37.05332078039646,-8.153980700299144,126,2026-02-27T17:33:39.400538+00:00,2316,1,2.567,6107.943,154.02,151.056
2026-02-27T17:30:40+00:00,37.053299490362406,-8.153962595388293,125,2026-02-27T17:33:39.400538+00:00,2316,1,2.861,6110.804,171.66,145.836
2026-02-27T17:30:41+00:00,37.05327928997576,-8.153944909572601,124,2026-02-27T17:33:39.400538+00:00,2316,1,2.74,6113.544,164.4,145.057
2026-02-27T17:30:42+00:00,37.05325682647526,-8.153930241242051,123,2026-02-27T17:33:39.400538+00:00,2316,1,2.817,6116.361,169.02,152.475
2026-02-27T17:30:43+00:00,37.05323084257543,-8.153921104967594,121,2026-02-27T17:33:39.400538+00:00,2316,1,3.001,6119.362,180.06,164.325
2026-02-27T17:30:44+00:00,37.05320393666625,-8.153909286484122,123,2026-02-27T17:33:39.400538+00:00,2316,1,3.17,6122.532,190.2,160.682
2026-02-27T17:30:45+00:00,37.05317694693804,-8.153894450515509,123,2026-02-27T17:33:39.400538+00:00,2316,1,3.277,6125.809,196.62,156.313
2026-02-27T17:30:46+00:00,37.053150376304984,-8.153885398060083,123,2026-02-27T17:33:39.400538+00:00,2316,1,3.062,6128.871,183.72,164.789
2026-02-27T17:30:47+00:00,37.05312933772802,-8.153885062783957,123,2026-02-27T17:33:39.400538+00:00,2316,1,2.34,6131.21,140.4,179.271
2026-02-27T17:30:48+00:00,37.05310611985624,-8.153890427201986,122,2026-02-27T17:33:39.400538+00:00,2316,1,2.625,6133.836,157.5,190.448
2026-02-27T17:30:49+00:00,37.05308357253671,-8.15389839001,123,2026-02-27T17:33:39.400538+00:00,2316,1,2.605,6136.44,156.3,195.74
2026-02-27T17:30:50+00:00,37.05306077376008,-8.153908867388964,123,2026-02-27T17:33:39.400538+00:00,2316,1,2.7,6139.141,162.0,200.141
2026-02-27T17:30:51+00:00,37.05303420312703,-8.153931833803654,126,2026-02-27T17:33:39.400538+00:00,2316,1,3.589,6142.73,215.34,214.599
2026-02-27T17:30:52+00:00,37.05301048234105,-8.153943484649062,127,2026-02-27T17:33:39.400538+00:00,2316,1,2.833,6145.563,169.98,201.405
2026-02-27T17:30:53+00:00,37.05298567190766,-8.153946585953236,128,2026-02-27T17:33:39.400538+00:00,2316,1,2.772,6148.336,166.32,185.697
2026-02-27T17:30:54+00:00,37.0529630407691,-8.153943233191967,128,2026-02-27T17:33:39.400538+00:00,2316,1,2.534,6150.87,152.04,173.257
2026-02-27T17:30:55+00:00,37.05294351093471,-8.153939712792635,128,2026-02-27T17:33:39.400538+00:00,2316,1,2.194,6153.064,131.64,171.814
2026-02-27T17:30:56+00:00,37.05292138271034,-8.153942646458745,127,2026-02-27T17:33:39.400538+00:00,2316,1,2.474,6155.538,148.44,186.04
2026-02-27T17:30:57+00:00,37.05289891920984,-8.15394532866776,125,2026-02-27T17:33:39.400538+00:00,2316,1,2.509,6158.047,150.54,185.443
2026-02-27T17:30:58+00:00,37.052872851490974,-8.153949854895473,124,2026-02-27T17:33:39.400538+00:00,2316,1,2.926,6160.973,175.56,187.889
2026-02-27T17:30:59+00:00,37.05284343101084,-8.15395806916058,125,2026-02-27T17:33:39.400538+00:00,2316,1,3.352,6164.325,201.12,192.562
2026-02-27T17:31:00+00:00,37.05281434580684,-8.153960919007659,124,2026-02-27T17:33:39.400538+00:00,2316,1,3.244,6167.569,194.64,184.471
2026-02-27T17:31:01+00:00,37.052788278087974,-8.153951363638043,124,2026-02-27T17:33:39.400538+00:00,2316,1,3.02,6170.589,181.2,163.693
2026-02-27T17:31:02+00:00,37.05276371911168,-8.153936360031366,125,2026-02-27T17:33:39.400538+00:00,2316,1,3.038,6173.627,182.28,154.008
2026-02-27T17:31:03+00:00,37.05274427309632,-8.15391993150115,126,2026-02-27T17:33:39.400538+00:00,2316,1,2.608,6176.235,156.48,146.011
2026-02-27T17:31:04+00:00,37.05272365361452,-8.15390333533287,127,2026-02-27T17:33:39.400538+00:00,2316,1,2.725,6178.96,163.5,147.285
2026-02-27T17:31:05+00:00,37.05269959755242,-8.153891013935208,128,2026-02-27T17:33:39.400538+00:00,2316,1,2.89,6181.85,173.4,157.767
2026-02-27T17:31:06+00:00,37.0526747033,-8.153878692537546,128,2026-02-27T17:33:39.400538+00:00,2316,1,2.976,6184.826,178.56,158.445
2026-02-27T17:31:07+00:00,37.05264779739082,-8.153873076662421,128,2026-02-27T17:33:39.400538+00:00,2316,1,3.033,6187.859,181.98,170.543
2026-02-27T17:31:08+00:00,37.05262281931937,-8.153871232643723,127,2026-02-27T17:33:39.400538+00:00,2316,1,2.782,6190.641,166.92,176.628
2026-02-27T17:31:09+00:00,37.05259423702955,-8.153880285099149,127,2026-02-27T17:33:39.400538+00:00,2316,1,3.278,6193.919,196.68,194.185
2026-02-27T17:31:10+00:00,37.05256640911102,-8.153892271220684,126,2026-02-27T17:33:39.400538+00:00,2316,1,3.272,6197.192,196.32,198.971
2026-02-27T17:31:11+00:00,37.05253841355443,-8.153901072219014,125,2026-02-27T17:33:39.400538+00:00,2316,1,3.209,6200.401,192.54,194.084
2026-02-27T17:31:12+00:00,37.052513686940074,-8.15390626899898,124,2026-02-27T17:33:39.400538+00:00,2316,1,2.788,6203.189,167.28,189.522
2026-02-27T17:31:13+00:00,37.05249197781086,-8.153905598446727,124,2026-02-27T17:33:39.400538+00:00,2316,1,2.415,6205.604,144.9,178.588
2026-02-27T17:31:14+00:00,37.05246758647263,-8.153907023370266,124,2026-02-27T17:33:39.400538+00:00,2316,1,2.715,6208.319,162.9,182.669
2026-02-27T17:31:15+00:00,37.0524431951344,-8.153910711407661,125,2026-02-27T17:33:39.400538+00:00,2316,1,2.732,6211.051,163.92,186.881
2026-02-27T17:31:16+00:00,37.052420899271965,-8.15391406416893,125,2026-02-27T17:33:39.400538+00:00,2316,1,2.497,6213.548,149.82,186.843
2026-02-27T17:31:17+00:00,37.05239919014275,-8.153917249292135,124,2026-02-27T17:33:39.400538+00:00,2316,1,2.43,6215.978,145.8,186.679
2026-02-27T17:31:18+00:00,37.05237194895744,-8.153913896530867,124,2026-02-27T17:33:39.400538+00:00,2316,1,3.044,6219.022,182.64,174.39
2026-02-27T17:31:19+00:00,37.05234504304826,-8.153905514627695,123,2026-02-27T17:33:39.400538+00:00,2316,1,3.083,6222.104,184.98,166.038
2026-02-27T17:31:20+00:00,37.052319226786494,-8.153889253735542,123,2026-02-27T17:33:39.400538+00:00,2316,1,3.213,6225.317,192.78,153.312
2026-02-27T17:31:21+00:00,37.05229592509568,-8.153871316462755,123,2026-02-27T17:33:39.400538+00:00,2316,1,3.041,6228.358,182.46,148.435
2026-02-27T17:31:22+00:00,37.05227212049067,-8.153859162703156,123,2026-02-27T17:33:39.400538+00:00,2316,1,2.858,6231.217,171.48,157.83
2026-02-27T17:31:23+00:00,37.052252255380154,-8.153850948438048,124,2026-02-27T17:33:39.400538+00:00,2316,1,2.326,6233.543,139.56,161.737
2026-02-27T17:31:24+00:00,37.05222819931805,-8.15385296009481,124,2026-02-27T17:33:39.400538+00:00,2316,1,2.681,6236.224,160.86,183.818
2026-02-27T17:31:25+00:00,37.05220204778016,-8.153858743607998,124,2026-02-27T17:33:39.400538+00:00,2316,1,2.953,6239.176,177.18,190.01
2026-02-27T17:31:26+00:00,37.05217539332807,-8.1538637727499,123,2026-02-27T17:33:39.400538+00:00,2316,1,2.997,6242.174,179.82,188.563
2026-02-27T17:31:27+00:00,37.052148235961795,-8.153867796063423,123,2026-02-27T17:33:39.400538+00:00,2316,1,3.041,6245.214,182.46,186.743
2026-02-27T17:31:28+00:00,37.052123760804534,-8.153873244300485,122,2026-02-27T17:33:39.400538+00:00,2316,1,2.764,6247.979,165.84,190.074
2026-02-27T17:31:29+00:00,37.052095429971814,-8.15387642942369,123,2026-02-27T17:33:39.400538+00:00,2316,1,3.163,6251.142,189.78,185.127
2026-02-27T17:31:30+00:00,37.05207313410938,-8.15388673916459,122,2026-02-27T17:33:39.400538+00:00,2316,1,2.643,6253.784,158.58,200.256
2026-02-27T17:31:31+00:00,37.05205016769469,-8.153891013935208,122,2026-02-27T17:33:39.400538+00:00,2316,1,2.582,6256.366,154.92,188.449
2026-02-27T17:31:32+00:00,37.05202527344227,-8.153896210715175,121,2026-02-27T17:33:39.400538+00:00,2316,1,2.806,6259.172,168.36,189.459
2026-02-27T17:31:33+00:00,37.05200339667499,-8.153900317847729,121,2026-02-27T17:33:39.400538+00:00,2316,1,2.46,6261.632,147.6,188.521
2026-02-27T17:31:34+00:00,37.051983615383506,-8.153901742771268,121,2026-02-27T17:33:39.400538+00:00,2316,1,2.203,6263.835,132.18,183.29
2026-02-27T17:31:35+00:00,37.0519648399204,-8.153896126896143,119,2026-02-27T17:33:39.400538+00:00,2316,1,2.146,6265.982,128.76,166.574
2026-02-27T17:31:36+00:00,37.051943549886346,-8.153882883489132,119,2026-02-27T17:33:39.400538+00:00,2316,1,2.643,6268.625,158.58,153.598
2026-02-27T17:31:37+00:00,37.051925947889686,-8.15386813133955,120,2026-02-27T17:33:39.400538+00:00,2316,1,2.355,6270.979,141.3,146.222
2026-02-27T17:31:38+00:00,37.0519061665982,-8.153857151046395,121,2026-02-27T17:33:39.400538+00:00,2316,1,2.406,6273.385,144.36,156.106
2026-02-27T17:31:39+00:00,37.051880937069654,-8.153852540999651,122,2026-02-27T17:33:39.400538+00:00,2316,1,2.835,6276.22,170.1,171.703
2026-02-27T17:31:40+00:00,37.051852773875,-8.153855223208666,123,2026-02-27T17:33:39.400538+00:00,2316,1,3.141,6279.361,188.46,184.347
2026-02-27T17:31:41+00:00,37.0518250297755,-8.153855307027698,123,2026-02-27T17:33:39.400538+00:00,2316,1,3.085,6282.446,185.1,180.138
2026-02-27T17:31:42+00:00,37.05179527401924,-8.153849774971604,122,2026-02-27T17:33:39.400538+00:00,2316,1,3.345,6285.791,200.7,171.56
2026-02-27T17:31:43+00:00,37.05176778137684,-8.153844745829701,122,2026-02-27T17:33:39.400538+00:00,2316,1,3.089,6288.88,185.34,171.694
2026-02-27T17:31:44+00:00,37.05174339003861,-8.153844410553575,123,2026-02-27T17:33:39.400538+00:00,2316,1,2.712,6291.592,162.72,179.371
2026-02-27T17:31:45+00:00,37.05171992070973,-8.153848852962255,124,2026-02-27T17:33:39.400538+00:00,2316,1,2.639,6294.232,158.34,188.591
2026-02-27T17:31:46+00:00,37.05169594846666,-8.15385446883738,124,2026-02-27T17:33:39.400538+00:00,2316,1,2.712,6296.944,162.72,190.59
2026-02-27T17:31:47+00:00,37.05167063511908,-8.153857821598649,124,2026-02-27T17:33:39.400538+00:00,2316,1,2.83,6299.774,169.8,186.034
2026-02-27T17:31:48+00:00,37.051644399762154,-8.153857486322522,122,2026-02-27T17:33:39.400538+00:00,2316,1,2.917,6302.691,175.02,179.416
2026-02-27T17:31:49+00:00,37.05161741003394,-8.153855726122856,121,2026-02-27T17:33:39.400538+00:00,2316,1,3.005,6305.696,180.3,177.02
2026-02-27T17:31:50+00:00,37.051592180505395,-8.153853211551905,121,2026-02-27T17:33:39.400538+00:00,2316,1,2.814,6308.511,168.84,175.452
2026-02-27T17:31:51+00:00,37.05156929790974,-8.15384273417294,120,2026-02-27T17:33:39.400538+00:00,2316,1,2.709,6311.22,162.54,159.926
2026-02-27T17:31:52+00:00,37.05154976807535,-8.153825551271439,121,2026-02-27T17:33:39.400538+00:00,2316,1,2.654,6313.873,159.24,144.924
2026-02-27T17:31:53+00:00,37.0515261311084,-8.153805937618017,117,2026-02-27T17:33:39.400538+00:00,2316,1,3.152,6317.026,189.12,146.486
2026-02-27T17:31:54+00:00,37.05150199122727,-8.153790012001991,111,2026-02-27T17:33:39.400538+00:00,2316,1,3.034,6320.059,182.04,152.232
2026-02-27T17:31:55+00:00,37.051477851346135,-8.153775343671441,107,2026-02-27T17:33:39.400538+00:00,2316,1,2.983,6323.042,178.98,154.129
2026-02-27T17:31:56+00:00,37.05145957879722,-8.153760004788637,106,2026-02-27T17:33:39.400538+00:00,2316,1,2.446,6325.488,146.76,146.179
2026-02-27T17:31:57+00:00,37.05143988132477,-8.153743408620358,105,2026-02-27T17:33:39.400538+00:00,2316,1,2.639,6328.128,158.34,146.082
2026-02-27T17:31:58+00:00,37.05141657963395,-8.153729243203998,109,2026-02-27T17:33:39.400538+00:00,2316,1,2.88,6331.007,172.8,154.119
2026-02-27T17:31:59+00:00,37.05139101482928,-8.15371667034924,112,2026-02-27T17:33:39.400538+00:00,2316,1,3.054,6334.061,183.24,158.57
2026-02-27T17:32:00+00:00,37.05136327072978,-8.153705606237054,115,2026-02-27T17:33:39.400538+00:00,2316,1,3.237,6337.299,194.22,162.345
2026-02-27T17:32:01+00:00,37.05133703537285,-8.15369420684874,117,2026-02-27T17:33:39.400538+00:00,2316,1,3.088,6340.386,185.28,160.875
2026-02-27T17:32:02+00:00,37.051314152777195,-8.153688171878457,117,2026-02-27T17:33:39.400538+00:00,2316,1,2.6,6342.987,156.0,168.114
2026-02-27T17:32:03+00:00,37.05128808505833,-8.153689680621028,117,2026-02-27T17:33:39.400538+00:00,2316,1,2.902,6345.888,174.12,182.645
2026-02-27T17:32:04+00:00,37.051258496940136,-8.153694961220026,116,2026-02-27T17:33:39.400538+00:00,2316,1,3.323,6349.211,199.38,188.106
2026-02-27T17:32:05+00:00,37.05123041756451,-8.153698481619358,114,2026-02-27T17:33:39.400538+00:00,2316,1,3.138,6352.349,188.28,185.714
2026-02-27T17:32:06+00:00,37.05120326019824,-8.153705773875117,114,2026-02-27T17:33:39.400538+00:00,2316,1,3.088,6355.438,185.28,192.096
2026-02-27T17:32:07+00:00,37.051169984042645,-8.153715580701828,115,2026-02-27T17:33:39.400538+00:00,2316,1,3.801,6359.239,228.06,193.236
2026-02-27T17:32:08+00:00,37.05113846808672,-8.153725638985634,120,2026-02-27T17:33:39.400538+00:00,2316,1,3.616,6362.855,216.96,194.29
2026-02-27T17:32:09+00:00,37.05110334791243,-8.153733182698488,120,2026-02-27T17:33:39.400538+00:00,2316,1,3.962,6366.817,237.72,189.728
2026-02-27T17:32:10+00:00,37.05106579698622,-8.153742235153913,119,2026-02-27T17:33:39.400538+00:00,2316,1,4.252,6371.069,255.12,190.891
2026-02-27T17:32:11+00:00,37.051032269373536,-8.15374743193388,118,2026-02-27T17:33:39.400538+00:00,2316,1,3.757,6374.826,225.42,187.052
2026-02-27T17:32:12+00:00,37.0510015077889,-8.15374550409615,116,2026-02-27T17:33:39.400538+00:00,2316,1,3.425,6378.251,205.5,177.137
2026-02-27T17:32:13+00:00,37.050973093137145,-8.153738798573613,113,2026-02-27T17:33:39.400538+00:00,2316,1,3.215,6381.466,192.9,169.334
2026-02-27T17:32:14+00:00,37.05094895325601,-8.1537273991853,112,2026-02-27T17:33:39.400538+00:00,2316,1,2.869,6384.334,172.14,159.35
2026-02-27T17:32:15+00:00,37.050926657393575,-8.153712563216686,113,2026-02-27T17:33:39.400538+00:00,2316,1,2.807,6387.141,168.42,152.029
2026-02-27T17:32:16+00:00,37.05090142786503,-8.153697811067104,114,2026-02-27T17:33:39.400538+00:00,2316,1,3.096,6390.237,185.76,154.983
2026-02-27T17:32:17+00:00,37.05087619833648,-8.153681131079793,115,2026-02-27T17:33:39.400538+00:00,2316,1,3.172,6393.409,190.32,152.182
2026-02-27T17:32:18+00:00,37.05085230991244,-8.153661098331213,115,2026-02-27T17:33:39.400538+00:00,2316,1,3.196,6396.606,191.76,146.206
2026-02-27T17:32:19+00:00,37.05082976259291,-8.153637796640396,115,2026-02-27T17:33:39.400538+00:00,2316,1,3.25,6399.855,195.0,140.484
2026-02-27T17:32:20+00:00,37.05080394633114,-8.153615919873118,113,2026-02-27T17:33:39.400538+00:00,2316,1,3.466,6403.321,207.96,145.929
2026-02-27T17:32:21+00:00,37.05077653750777,-8.153593707829714,111,2026-02-27T17:33:39.400538+00:00,2316,1,3.63,6406.951,217.8,147.106
2026-02-27T17:32:22+00:00,37.050750721246,-8.15357350744307,110,2026-02-27T17:33:39.400538+00:00,2316,1,3.384,6410.335,203.04,148.016
2026-02-27T17:32:23+00:00,37.0507250726223,-8.153558084741235,112,2026-02-27T17:33:39.400538+00:00,2316,1,3.163,6413.498,189.78,154.363
2026-02-27T17:32:24+00:00,37.0507042016834,-8.153544925153255,117,2026-02-27T17:33:39.400538+00:00,2316,1,2.598,6416.096,155.88,153.287
2026-02-27T17:32:25+00:00,37.05068609677255,-8.153524976223707,118,2026-02-27T17:33:39.400538+00:00,2316,1,2.681,6418.777,160.86,138.672
2026-02-27T17:32:26+00:00,37.05066748894751,-8.153500836342573,120,2026-02-27T17:33:39.400538+00:00,2316,1,2.978,6421.756,178.68,134.004
2026-02-27T17:32:27+00:00,37.05064343288541,-8.153481390327215,120,2026-02-27T17:33:39.400538+00:00,2316,1,3.183,6424.939,190.98,147.172
2026-02-27T17:32:28+00:00,37.050614431500435,-8.153468230739236,121,2026-02-27T17:33:39.400538+00:00,2316,1,3.43,6428.369,205.8,160.092
2026-02-27T17:32:29+00:00,37.050589453428984,-8.153453143313527,121,2026-02-27T17:33:39.400538+00:00,2316,1,3.083,6431.452,184.98,154.262
2026-02-27T17:32:30+00:00,37.05056824721396,-8.15343570895493,124,2026-02-27T17:33:39.400538+00:00,2316,1,2.82,6434.272,169.2,146.729
2026-02-27T17:32:31+00:00,37.0505490526557,-8.15341710112989,126,2026-02-27T17:33:39.400538+00:00,2316,1,2.699,6436.971,161.94,142.271
2026-02-27T17:32:32+00:00,37.05053203739226,-8.153399750590324,127,2026-02-27T17:33:39.400538+00:00,2316,1,2.439,6439.41,146.34,140.86
2026-02-27T17:32:33+00:00,37.050518123432994,-8.153384244069457,128,2026-02-27T17:33:39.400538+00:00,2316,1,2.071,6441.481,124.26,138.348
2026-02-27T17:32:34+00:00,37.05050437711179,-8.153372593224049,131,2026-02-27T17:33:39.400538+00:00,2316,1,1.845,6443.326,110.7,145.924
2026-02-27T17:32:35+00:00,37.05048861913383,-8.153362032026052,132,2026-02-27T17:33:39.400538+00:00,2316,1,1.987,6445.313,119.22,151.858
2026-02-27T17:32:36+00:00,37.05046850256622,-8.153347615152597,133,2026-02-27T17:33:39.400538+00:00,2316,1,2.577,6447.89,154.62,150.232
2026-02-27T17:32:37+00:00,37.05045131966472,-8.15333160571754,133,2026-02-27T17:33:39.400538+00:00,2316,1,2.381,6450.271,142.86,143.365
2026-02-27T17:32:38+00:00,37.05043598078191,-8.153314087539911,133,2026-02-27T17:33:39.400538+00:00,2316,1,2.308,6452.579,138.48,137.651
2026-02-27T17:32:39+00:00,37.05042248591781,-8.153295814990997,133,2026-02-27T17:33:39.400538+00:00,2316,1,2.209,6454.789,132.54,132.78
2026-02-27T17:32:40+00:00,37.0504105836153,-8.153278715908527,133,2026-02-27T17:33:39.400538+00:00,2316,1,2.014,6456.802,120.84,131.094
2026-02-27T17:32:41+00:00,37.050400944426656,-8.15326371230185,133,2026-02-27T17:33:39.400538+00:00,2316,1,1.709,6458.511,102.54,128.833
2026-02-27T17:32:42+00:00,37.05038954503834,-8.153247199952602,132,2026-02-27T17:33:39.400538+00:00,2316,1,1.938,6460.449,116.28,130.86
2026-02-27T17:32:43+00:00,37.050367249175906,-8.153234208002687,132,2026-02-27T17:33:39.400538+00:00,2316,1,2.734,6463.183,164.04,155.059
2026-02-27T17:32:44+00:00,37.050354424864054,-8.15321333706379,133,2026-02-27T17:33:39.400538+00:00,2316,1,2.338,6465.521,140.28,127.592
2026-02-27T17:32:45+00:00,37.05033464357257,-8.153193891048431,133,2026-02-27T17:33:39.400538+00:00,2316,1,2.796,6468.316,167.76,141.883
2026-02-27T17:32:46+00:00,37.050312012434006,-8.153172936290503,134,2026-02-27T17:33:39.400538+00:00,2316,1,3.129,6471.445,187.74,143.536
2026-02-27T17:32:47+00:00,37.05029449425638,-8.153146114200354,135,2026-02-27T17:33:39.400538+00:00,2316,1,3.076,6474.521,184.56,129.295
2026-02-27T17:32:48+00:00,37.05027555115521,-8.153122393414378,136,2026-02-27T17:33:39.400538+00:00,2316,1,2.978,6477.499,178.68,135.017
2026-02-27T17:32:49+00:00,37.05025375820696,-8.15310001373291,137,2026-02-27T17:33:39.400538+00:00,2316,1,3.133,6480.632,187.98,140.662
2026-02-27T17:32:50+00:00,37.05022735521197,-8.153076879680157,139,2026-02-27T17:33:39.400538+00:00,2316,1,3.583,6484.215,214.98,145.035
2026-02-27T17:32:51+00:00,37.05021117813885,-8.153049973770976,140,2026-02-27T17:33:39.400538+00:00,2316,1,2.99,6487.204,179.4,126.992
2026-02-27T17:32:52+00:00,37.05019206739962,-8.1530193798244,140,2026-02-27T17:33:39.400538+00:00,2316,1,3.448,6490.652,206.88,128.049
2026-02-27T17:32:53+00:00,37.050167843699455,-8.15299247391522,140,2026-02-27T17:33:39.400538+00:00,2316,1,3.6,6494.252,216.0,138.444
2026-02-27T17:32:54+00:00,37.05014294944704,-8.152973363175988,141,2026-02-27T17:33:39.400538+00:00,2316,1,3.246,6497.498,194.76,148.505
2026-02-27T17:32:55+00:00,37.05012392252683,-8.152954336255789,142,2026-02-27T17:33:39.400538+00:00,2316,1,2.707,6500.205,162.42,141.406
2026-02-27T17:32:56+00:00,37.05010204575956,-8.152933716773987,144,2026-02-27T17:33:39.400538+00:00,2316,1,3.044,6503.249,182.64,143.048
2026-02-27T17:32:57+00:00,37.050079833716154,-8.152911672368646,145,2026-02-27T17:33:39.400538+00:00,2316,1,3.151,6506.4,189.06,141.618
2026-02-27T17:32:58+00:00,37.050057873129845,-8.152894070371985,145,2026-02-27T17:33:39.400538+00:00,2316,1,2.899,6509.299,173.94,147.393
2026-02-27T17:32:59+00:00,37.050034990534186,-8.152879066765308,146,2026-02-27T17:33:39.400538+00:00,2316,1,2.872,6512.17,172.32,152.377
2026-02-27T17:33:00+00:00,37.05000741407275,-8.152860291302204,146,2026-02-27T17:33:39.400538+00:00,2316,1,3.49,6515.66,209.4,151.481
2026-02-27T17:33:01+00:00,37.04998126253486,-8.152845874428749,146,2026-02-27T17:33:39.400538+00:00,2316,1,3.177,6518.837,190.62,156.251
2026-02-27T17:33:02+00:00,37.04995636828244,-8.152832547202706,146,2026-02-27T17:33:39.400538+00:00,2316,1,3.01,6521.847,180.6,156.864
2026-02-27T17:33:03+00:00,37.049936754629016,-8.15281804651022,146,2026-02-27T17:33:39.400538+00:00,2316,1,2.532,6524.38,151.92,149.457
2026-02-27T17:33:04+00:00,37.049923511222005,-8.15280337817967,146,2026-02-27T17:33:39.400538+00:00,2316,1,1.965,6526.345,117.9,138.524
2026-02-27T17:33:05+00:00,37.0499152969569,-8.152782004326582,147,2026-02-27T17:33:39.400538+00:00,2316,1,2.105,6528.45,126.3,115.712
2026-02-27T17:33:06+00:00,37.04991429112851,-8.152760546654463,147,2026-02-27T17:33:39.400538+00:00,2316,1,1.908,6530.358,114.48,93.361
2026-02-27T17:33:07+00:00,37.04991823062301,-8.152738083153963,148,2026-02-27T17:33:39.400538+00:00,2316,1,2.041,6532.399,122.46,77.607
2026-02-27T17:33:08+00:00,37.04992317594588,-8.152711009606719,149,2026-02-27T17:33:39.400538+00:00,2316,1,2.465,6534.864,147.9,77.109
2026-02-27T17:33:09+00:00,37.04992610961199,-8.152675637975335,150,2026-02-27T17:33:39.400538+00:00,2316,1,3.156,6538.02,189.36,84.067
2026-02-27T17:33:10+00:00,37.049928959459066,-8.152645044028759,150,2026-02-27T17:33:39.400538+00:00,2316,1,2.734,6540.753,164.04,83.343
2026-02-27T17:33:11+00:00,37.04993289895356,-8.15261478535831,149,2026-02-27T17:33:39.400538+00:00,2316,1,2.721,6543.474,163.26,80.735
2026-02-27T17:33:12+00:00,37.04993113875389,-8.152576480060816,148,2026-02-27T17:33:39.400538+00:00,2316,1,3.405,6546.879,204.3,93.295
2026-02-27T17:33:13+00:00,37.04992862418294,-8.152535744011402,148,2026-02-27T17:33:39.400538+00:00,2316,1,3.626,6550.505,217.56,94.423
2026-02-27T17:33:14+00:00,37.04992636106908,-8.152493918314576,150,2026-02-27T17:33:39.400538+00:00,2316,1,3.72,6554.226,223.2,93.878
2026-02-27T17:33:15+00:00,37.049927450716496,-8.15245016478002,153,2026-02-27T17:33:39.400538+00:00,2316,1,3.885,6558.11,233.1,88.213
2026-02-27T17:33:16+00:00,37.04992619343102,-8.152409009635448,154,2026-02-27T17:33:39.400538+00:00,2316,1,3.655,6561.765,219.3,92.192
2026-02-27T17:33:17+00:00,37.04992099665105,-8.152370201423764,154,2026-02-27T17:33:39.400538+00:00,2316,1,3.492,6565.258,209.52,99.525
2026-02-27T17:33:18+00:00,37.04990968108177,-8.15233432687819,154,2026-02-27T17:33:39.400538+00:00,2316,1,3.423,6568.681,205.38,111.564
2026-02-27T17:33:19+00:00,37.04990012571216,-8.152299458160996,155,2026-02-27T17:33:39.400538+00:00,2316,1,3.272,6571.953,196.32,108.95
2026-02-27T17:33:20+00:00,37.04989685676992,-8.152263751253486,156,2026-02-27T17:33:39.400538+00:00,2316,1,3.19,6575.142,191.4,96.544
2026-02-27T17:33:21+00:00,37.04989543184638,-8.152223266661167,155,2026-02-27T17:33:39.400538+00:00,2316,1,3.596,6578.739,215.76,92.525
2026-02-27T17:33:22+00:00,37.04989400692284,-8.15218135714531,155,2026-02-27T17:33:39.400538+00:00,2316,1,3.723,6582.461,223.38,92.439
2026-02-27T17:33:23+00:00,37.049891240894794,-8.15213743597269,155,2026-02-27T17:33:39.400538+00:00,2316,1,3.91,6586.371,234.6,94.512
2026-02-27T17:33:24+00:00,37.049889815971255,-8.152093682438135,155,2026-02-27T17:33:39.400538+00:00,2316,1,3.886,6590.258,233.16,92.337
2026-02-27T17:33:25+00:00,37.049889732152224,-8.152047162875533,154,2026-02-27T17:33:39.400538+00:00,2316,1,4.128,6594.386,247.68,90.129
2026-02-27T17:33:26+00:00,37.04988746903837,-8.151995446532965,154,2026-02-27T17:33:39.400538+00:00,2316,1,4.597,6598.982,275.82,93.138
2026-02-27T17:33:27+00:00,37.04988503828645,-8.151944233104587,155,2026-02-27T17:33:39.400538+00:00,2316,1,4.553,6603.536,273.18,93.403
2026-02-27T17:33:28+00:00,37.049878081306815,-8.151895115152001,153,2026-02-27T17:33:39.400538+00:00,2316,1,4.427,6607.963,265.62,100.063
2026-02-27T17:33:29+00:00,37.04987062141299,-8.15184423699975,152,2026-02-27T17:33:39.400538+00:00,2316,1,4.591,6612.553,275.46,100.41
2026-02-27T17:33:30+00:00,37.049865927547216,-8.151787491515279,152,2026-02-27T17:33:39.400538+00:00,2316,1,5.063,6617.616,303.78,95.917
2026-02-27T17:33:31+00:00,37.04986232332885,-8.151732003316283,152,2026-02-27T17:33:39.400538+00:00,2316,1,4.941,6622.557,296.46,94.653
2026-02-27T17:33:32+00:00,37.04985687509179,-8.151678945869207,153,2026-02-27T17:33:39.400538+00:00,2316,1,4.747,6627.304,284.82,97.331
2026-02-27T17:33:33+00:00,37.0498545281589,-8.151622703298926,152,2026-02-27T17:33:39.400538+00:00,2316,1,4.998,6632.303,299.88,92.993
2026-02-27T17:33:34+00:00,37.049856036901474,-8.151569310575724,150,2026-02-27T17:33:39.400538+00:00,2316,1,4.741,6637.044,284.46,87.972
2026-02-27T17:33:35+00:00,37.04985628835857,-8.15151440910995,149,2026-02-27T17:33:39.400538+00:00,2316,1,4.872,6641.916,292.32,89.671
2026-02-27T17:33:36+00:00,37.04985762946308,-8.15145967528224,148,2026-02-27T17:33:39.400538+00:00,2316,1,4.86,6646.776,291.6,88.242
2026-02-27T17:33:37+00:00,37.049859557300806,-8.15140980295837,147,2026-02-27T17:33:39.400538+00:00,2316,1,4.431,6651.207,265.86,87.227
2026-02-27T17:33:38+00:00,37.04985762946308,-8.151350459083915,149,2026-02-27T17:33:39.400538+00:00,2316,1,5.271,6656.478,316.26,92.331
2026-02-27T17:33:39+00:00,37.0498563721776,-8.151292372494936,150,2026-02-27T17:33:39.400538+00:00,2316,1,5.157,6661.635,309.42,91.553
2026-02-27T17:33:40+00:00,37.0498579647392,-8.151239063590765,150,2026-02-27T17:33:39.400538+00:00,2316,1,4.734,6666.369,284.04,87.856
2026-02-27T17:33:41+00:00,37.049861988052726,-8.151184832677245,152,2026-02-27T17:33:39.400538+00:00,2316,1,4.834,6671.203,290.04,84.689
2026-02-27T17:33:42+00:00,37.04986726865173,-8.151134625077248,154,2026-02-27T17:33:39.400538+00:00,2316,1,4.494,6675.697,269.64,82.493
2026-02-27T17:33:43+00:00,37.04986710101366,-8.151084333658218,153,2026-02-27T17:33:39.400538+00:00,2316,1,4.463,6680.16,267.78,90.239
2026-02-27T17:33:44+00:00,37.049859976395965,-8.15103454515338,153,2026-02-27T17:33:39.400538+00:00,2316,1,4.489,6684.649,269.34,100.165
2026-02-27T17:33:45+00:00,37.04984799027443,-8.150982661172748,154,2026-02-27T17:33:39.400538+00:00,2316,1,4.794,6689.443,287.64,106.143
2026-02-27T17:33:46+00:00,37.04983298666775,-8.150931028649211,154,2026-02-27T17:33:39.400538+00:00,2316,1,4.876,6694.319,292.56,110.006
2026-02-27T17:33:47+00:00,37.04981957562268,-8.150878893211484,156,2026-02-27T17:33:39.400538+00:00,2316,1,4.861,6699.18,291.66,107.864
2026-02-27T17:33:48+00:00,37.04980339854956,-8.150825081393123,157,2026-02-27T17:33:39.400538+00:00,2316,1,5.103,6704.283,306.18,110.64
2026-02-27T17:33:49+00:00,37.0497908256948,-8.1507726944983,158,2026-02-27T17:33:39.400538+00:00,2316,1,4.855,6709.138,291.3,106.737
2026-02-27T17:33:50+00:00,37.04977666027844,-8.150722403079271,160,2026-02-27T17:33:39.400538+00:00,2316,1,4.733,6713.871,283.98,109.439
2026-02-27T17:33:51+00:00,37.04975956119597,-8.150677056983113,161,2026-02-27T17:33:39.400538+00:00,2316,1,4.451,6718.322,267.06,115.289
2026-02-27T17:33:52+00:00,37.04974011518061,-8.150635985657573,162,2026-02-27T17:33:39.400538+00:00,2316,1,4.238,6722.56,254.28,120.678
2026-02-27T17:33:53+00:00,37.04972620122135,-8.150591561570764,162,2026-02-27T17:33:39.400538+00:00,2316,1,4.235,6726.795,254.1,111.427
2026-02-27T17:33:54+00:00,37.049716813489795,-8.150549065321684,161,2026-02-27T17:33:39.400538+00:00,2316,1,3.913,6730.708,234.78,105.471
2026-02-27T17:33:55+00:00,37.04971203580499,-8.15051126293838,161,2026-02-27T17:33:39.400538+00:00,2316,1,3.397,6734.105,203.82,98.998
2026-02-27T17:33:56+00:00,37.049721674993634,-8.150476394221187,161,2026-02-27T17:33:39.400538+00:00,2316,1,3.275,6737.38,196.5,70.895
2026-02-27T17:33:57+00:00,37.049732487648726,-8.150449069216847,161,2026-02-27T17:33:39.400538+00:00,2316,1,2.707,6740.086,162.42,63.628
2026-02-27T17:33:58+00:00,37.04974791035056,-8.150422414764762,161,2026-02-27T17:33:39.400538+00:00,2316,1,2.922,6743.008,175.32,54.059
2026-02-27T17:33:59+00:00,37.049760818481445,-8.150394335389137,160,2026-02-27T17:33:39.400538+00:00,2316,1,2.876,6745.884,172.56,60.059
2026-02-27T17:34:00+00:00,37.0497736427933,-8.15036759711802,160,2026-02-27T17:33:39.400538+00:00,2316,1,2.768,6748.652,166.08,58.996
2026-02-27T17:34:01+00:00,37.04978940077126,-8.15034412778914,159,2026-02-27T17:33:39.400538+00:00,2316,1,2.722,6751.374,163.32,49.927
2026-02-27T17:34:02+00:00,37.04980582930148,-8.15032015554607,158,2026-02-27T17:33:39.400538+00:00,2316,1,2.804,6754.178,168.24,49.348
2026-02-27T17:34:03+00:00,37.04982276074588,-8.150294087827206,156,2026-02-27T17:33:39.400538+00:00,2316,1,2.983,6757.161,178.98,50.861
2026-02-27T17:34:04+00:00,37.04984111711383,-8.150268187746406,155,2026-02-27T17:33:39.400538+00:00,2316,1,3.074,6760.235,184.44,48.394
2026-02-27T17:34:05+00:00,37.04985863529146,-8.150241784751415,154,2026-02-27T17:33:39.400538+00:00,2316,1,3.047,6763.282,182.82,50.262
2026-02-27T17:34:06+00:00,37.04987925477326,-8.150217477232218,154,2026-02-27T17:33:39.400538+00:00,2316,1,3.148,6766.43,188.88,43.255
2026-02-27T17:34:07+00:00,37.04989576712251,-8.150191577151418,153,2026-02-27T17:33:39.400538+00:00,2316,1,2.942,6769.372,176.52,51.382
2026-02-27T17:34:08+00:00,37.049904987216,-8.150171460583806,153,2026-02-27T17:33:39.400538+00:00,2316,1,2.059,6771.431,123.54,60.132
2026-02-27T17:34:09+00:00,37.04991630278528,-8.150153020396829,152,2026-02-27T17:33:39.400538+00:00,2316,1,2.064,6773.495,123.84,52.445
2026-02-27T17:34:10+00:00,37.04992585815489,-8.150137010961771,149,2026-02-27T17:33:39.400538+00:00,2316,1,1.774,6775.269,106.44,53.209
2026-02-27T17:34:11+00:00,37.04993457533419,-8.150125527754426,149,2026-02-27T17:33:39.400538+00:00,2316,1,1.406,6776.675,84.36,46.434
2026-02-27T17:34:12+00:00,37.049944465979934,-8.15011010505259,144,2026-02-27T17:33:39.400538+00:00,2316,1,1.756,6778.431,105.36,51.217
2026-02-27T17:34:13+00:00,37.04995427280664,-8.150101220235229,142,2026-02-27T17:33:39.400538+00:00,2316,1,1.346,6779.777,80.76,35.87
2026-02-27T17:34:14+00:00,37.0499583799392,-8.15009736455977,141,2026-02-27T17:33:39.400538+00:00,2316,1,0.571,6780.348,34.26,36.842
2026-02-27T17:34:15+00:00,37.04996190033853,-8.150099208578467,141,2026-02-27T17:33:39.400538+00:00,2316,1,0.424,6780.772,25.44,337.312
2026-02-27T17:34:16+00:00,37.04996097832918,-8.150101136416197,141,2026-02-27T17:33:39.400538+00:00,2316,1,0.199,6780.971,11.94,239.068
2026-02-27T17:34:17+00:00,37.04996248707175,-8.15010130405426,142,2026-02-27T17:33:39.400538+00:00,2316,1,0.168,6781.14,10.08,354.932
2026-02-27T17:34:18+00:00,37.04995896667242,-8.150103315711021,141,2026-02-27T17:33:39.400538+00:00,2316,1,0.43,6781.57,25.8,204.516
2026-02-27T17:34:19+00:00,37.0499549433589,-8.15010373480618,139,2026-02-27T17:33:39.400538+00:00,2316,1,0.449,6782.019,26.94,184.752
2026-02-27T17:34:20+00:00,37.04994949512184,-8.150107087567449,139,2026-02-27T17:33:39.400538+00:00,2316,1,0.675,6782.694,40.5,206.158
2026-02-27T17:34:21+00:00,37.049946980550885,-8.1501061655581,138,2026-02-27T17:33:39.400538+00:00,2316,1,0.291,6782.985,17.46,163.688
2026-02-27T17:34:22+00:00,37.04994035884738,-8.150107925757766,138,2026-02-27T17:33:39.400538+00:00,2316,1,0.753,6783.738,45.18,191.978
2026-02-27T17:34:23+00:00,37.04993809573352,-8.150109350681305,136,2026-02-27T17:33:39.400538+00:00,2316,1,0.282,6784.02,16.92,206.68
2026-02-27T17:34:24+00:00,37.04993289895356,-8.150111613795161,136,2026-02-27T17:33:39.400538+00:00,2316,1,0.612,6784.631,36.72,199.166
2026-02-27T17:34:25+00:00,37.04992569051683,-8.150114798918366,136,2026-02-27T17:33:39.400538+00:00,2316,1,0.85,6785.481,51.0,199.425
2026-02-27T17:34:26+00:00,37.04991781152785,-8.150113373994827,135,2026-02-27T17:33:39.400538+00:00,2316,1,0.885,6786.366,53.1,171.787
2026-02-27T17:34:27+00:00,37.04991219565272,-8.150113709270954,134,2026-02-27T17:33:39.400538+00:00,2316,1,0.625,6786.992,37.5,182.728
2026-02-27T17:34:28+00:00,37.04990532249212,-8.150115301832557,133,2026-02-27T17:33:39.400538+00:00,2316,1,0.777,6787.769,46.62,190.477
2026-02-27T17:34:29+00:00,37.04990113154054,-8.150117564946413,131,2026-02-27T17:33:39.400538+00:00,2316,1,0.507,6788.276,30.42,203.315
2026-02-27T17:34:30+00:00,37.04989694058895,-8.15011739730835,128,2026-02-27T17:33:39.400538+00:00,2316,1,0.466,6788.742,27.96,178.171
2026-02-27T17:34:31+00:00,37.04989593476057,-8.15011790022254,127,2026-02-27T17:33:39.400538+00:00,2316,1,0.12,6788.863,7.2,201.755
2026-02-27T17:34:32+00:00,37.04989434219897,-8.150117229670286,127,2026-02-27T17:33:39.400538+00:00,2316,1,0.187,6789.05,11.22,161.425
2026-02-27T17:34:33+00:00,37.04988948069513,-8.150117062032223,123,2026-02-27T17:33:39.400538+00:00,2316,1,0.541,6789.591,32.46,178.424
2026-02-27T17:34:34+00:00,37.049884451553226,-8.150119157508016,123,2026-02-27T17:33:39.400538+00:00,2316,1,0.589,6790.18,35.34,198.394
2026-02-27T17:34:35+00:00,37.04988076351583,-8.150119325146079,124,2026-02-27T17:33:39.400538+00:00,2316,1,0.41,6790.59,24.6,182.078
2026-02-27T17:34:36+00:00,37.04987917095423,-8.15011840313673,124,2026-02-27T17:33:39.400538+00:00,2316,1,0.195,6790.785,11.7,155.2
2026-02-27T17:34:37+00:00,37.04987782984972,-8.150118654593825,124,2026-02-27T17:33:39.400538+00:00,2316,1,0.151,6790.936,9.06,188.511
2026-02-27T17:34:38+00:00,37.049876153469086,-8.150119995698333,124,2026-02-27T17:33:39.400538+00:00,2316,1,0.221,6791.157,13.26,212.558
2026-02-27T17:34:39+00:00,37.049873722717166,-8.150121420621872,124,2026-02-27T17:33:39.400538+00:00,2316,1,0.298,6791.456,17.88,205.073
2026-02-27T17:34:40+00:00,37.0498701184988,-8.15012133680284,119,2026-02-27T17:33:39.400538+00:00,2316,1,0.401,6791.856,24.06,178.937
2026-02-27T17:34:41+00:00,37.04986131750047,-8.150113709270954,115,2026-02-27T17:33:39.400538+00:00,2316,1,1.19,6793.046,71.4,145.329
2026-02-27T17:34:42+00:00,37.049856623634696,-8.1501061655581,110,2026-02-27T17:33:39.400538+00:00,2316,1,0.849,6793.895,50.94,127.941
2026-02-27T17:34:43+00:00,37.04985721036792,-8.150103986263275,108,2026-02-27T17:33:39.400538+00:00,2316,1,0.204,6794.099,12.24,71.359
2026-02-27T17:34:44+00:00,37.04985779710114,-8.150105997920036,109,2026-02-27T17:33:39.400538+00:00,2316,1,0.19,6794.289,11.4,290.075
2026-02-27T17:34:45+00:00,37.04985503107309,-8.150105327367783,112,2026-02-27T17:33:39.400538+00:00,2316,1,0.313,6794.603,18.78,169.05
2026-02-27T17:34:46+00:00,37.04985192976892,-8.150105411186814,115,2026-02-27T17:33:39.400538+00:00,2316,1,0.345,6794.948,20.7,181.236
2026-02-27T17:34:47+00:00,37.04984690062702,-8.150108763948083,115,2026-02-27T17:33:39.400538+00:00,2316,1,0.633,6795.581,37.98,208.016
2026-02-27T17:34:48+00:00,37.049844386056066,-8.15011152997613,115,2026-02-27T17:33:39.400538+00:00,2316,1,0.372,6795.953,22.32,221.281
2026-02-27T17:34:49+00:00,37.04984304495156,-8.150114296004176,115,2026-02-27T17:33:39.400538+00:00,2316,1,0.287,6796.24,17.22,238.722
2026-02-27T17:34:50+00:00,37.0498410332948,-8.150112116709352,110,2026-02-27T17:33:39.400538+00:00,2316,1,0.296,6796.536,17.76,139.153
2026-02-27T17:34:51+00:00,37.04982644878328,-8.150107506662607,106,2026-02-27T17:33:39.400538+00:00,2316,1,1.673,6798.209,100.38,165.841
2026-02-27T17:34:52+00:00,37.04982309602201,-8.150103986263275,106,2026-02-27T17:33:39.400538+00:00,2316,1,0.486,6798.695,29.16,140.036
2026-02-27T17:34:53+00:00,37.049818905070424,-8.150102058425546,109,2026-02-27T17:33:39.400538+00:00,2316,1,0.496,6799.191,29.76,159.84
2026-02-27T17:34:54+00:00,37.04981689341366,-8.150098538026214,107,2026-02-27T17:33:39.400538+00:00,2316,1,0.384,6799.576,23.04,125.602
2026-02-27T17:34:55+00:00,37.04981613904238,-8.150099040940404,107,2026-02-27T17:33:39.400538+00:00,2316,1,0.095,6799.671,5.7,208.016
2026-02-27T17:34:56+00:00,37.0498148817569,-8.150100549682975,108,2026-02-27T17:33:39.400538+00:00,2316,1,0.194,6799.864,11.64,223.763
2026-02-27T17:34:57+00:00,37.04981312155723,-8.150099208578467,110,2026-02-27T17:33:39.400538+00:00,2316,1,0.229,6800.093,13.74,148.697
2026-02-27T17:34:58+00:00,37.049805242568254,-8.150096610188484,111,2026-02-27T17:33:39.400538+00:00,2316,1,0.906,6800.999,54.36,165.254
2026-02-27T17:34:59+00:00,37.04980021342635,-8.150092167779803,111,2026-02-27T17:33:39.400538+00:00,2316,1,0.684,6801.684,41.04,144.816
2026-02-27T17:35:00+00:00,37.04979434609413,-8.15008906647563,111,2026-02-27T17:33:39.400538+00:00,2316,1,0.708,6802.392,42.48,157.127
2026-02-27T17:35:01+00:00,37.04979074187577,-8.150092586874962,111,2026-02-27T17:33:39.400538+00:00,2316,1,0.508,6802.9,30.48,217.938
2026-02-27T17:35:02+00:00,37.049786634743214,-8.150096777826548,110,2026-02-27T17:33:39.400538+00:00,2316,1,0.589,6803.489,35.34,219.159
2026-02-27T17:35:03+00:00,37.04978453926742,-8.150096107274294,110,2026-02-27T17:33:39.400538+00:00,2316,1,0.24,6803.729,14.4,165.673
2026-02-27T17:35:04+00:00,37.04978252761066,-8.150096023455262,108,2026-02-27T17:33:39.400538+00:00,2316,1,0.224,6803.953,13.44,178.095
2026-02-27T17:35:05+00:00,37.04978018067777,-8.150098035112023,106,2026-02-27T17:33:39.400538+00:00,2316,1,0.316,6804.269,18.96,214.376
2026-02-27T17:35:06+00:00,37.04977615736425,-8.150097448378801,106,2026-02-27T17:33:39.400538+00:00,2316,1,0.45,6804.72,27.0,173.361
2026-02-27T17:35:07+00:00,37.049774983897805,-8.150098538026214,106,2026-02-27T17:33:39.400538+00:00,2316,1,0.162,6804.882,9.72,216.542
2026-02-27T17:35:08+00:00,37.049774480983615,-8.150098454207182,106,2026-02-27T17:33:39.400538+00:00,2316,1,0.056,6804.938,3.36,172.423
2026-02-27T17:35:09+00:00,37.04977272078395,-8.150098286569118,107,2026-02-27T17:33:39.400538+00:00,2316,1,0.196,6805.135,11.76,175.653
2026-02-27T17:35:10+00:00,37.04977062530816,-8.150097783654928,109,2026-02-27T17:33:39.400538+00:00,2316,1,0.237,6805.372,14.22,169.157
2026-02-27T17:35:11+00:00,37.04976744018495,-8.150097280740738,110,2026-02-27T17:33:39.400538+00:00,2316,1,0.357,6805.729,21.42,172.818
2026-02-27T17:35:12+00:00,37.04976509325206,-8.150098286569118,110,2026-02-27T17:33:39.400538+00:00,2316,1,0.276,6806.005,16.56,198.883
2026-02-27T17:35:13+00:00,37.04976350069046,-8.150100968778133,110,2026-02-27T17:33:39.400538+00:00,2316,1,0.297,6806.301,17.82,233.353
2026-02-27T17:35:14+00:00,37.049766685813665,-8.150102477520704,109,2026-02-27T17:33:39.400538+00:00,2316,1,0.379,6806.68,22.74,339.291
2026-02-27T17:35:15+00:00,37.049760818481445,-8.15010474063456,109,2026-02-27T17:33:39.400538+00:00,2316,1,0.683,6807.363,40.98,197.111
2026-02-27T17:35:16+00:00,37.04975335858762,-8.15010909922421,105,2026-02-27T17:33:39.400538+00:00,2316,1,0.915,6808.278,54.9,205.0
2026-02-27T17:35:17+00:00,37.049748077988625,-8.15011010505259,105,2026-02-27T17:33:39.400538+00:00,2316,1,0.594,6808.872,35.64,188.644
2026-02-27T17:35:18+00:00,37.04974204301834,-8.150109518319368,106,2026-02-27T17:33:39.400538+00:00,2316,1,0.673,6809.545,40.38,175.563
2026-02-27T17:35:19+00:00,37.049734415486455,-8.150106919929385,108,2026-02-27T17:33:39.400538+00:00,2316,1,0.879,6810.424,52.74,164.79
2026-02-27T17:35:20+00:00,37.04972879961133,-8.150104070082307,111,2026-02-27T17:33:39.400538+00:00,2316,1,0.674,6811.098,40.44,157.951
2026-02-27T17:35:21+00:00,37.04972695559263,-8.150100046768785,113,2026-02-27T17:33:39.400538+00:00,2316,1,0.412,6811.509,24.72,119.868
2026-02-27T17:35:22+00:00,37.04973114654422,-8.150099962949753,111,2026-02-27T17:33:39.400538+00:00,2316,1,0.466,6811.975,27.96,0.914
2026-02-27T17:35:23+00:00,37.04973139800131,-8.150097113102674,110,2026-02-27T17:33:39.400538+00:00,2316,1,0.254,6812.23,15.24,83.691
2026-02-27T17:35:24+00:00,37.0497337449342,-8.150096945464611,105,2026-02-27T17:33:39.400538+00:00,2316,1,0.261,6812.491,15.66,3.263
2026-02-27T17:35:25+00:00,37.04974237829447,-8.150093089789152,104,2026-02-27T17:33:39.400538+00:00,2316,1,1.019,6813.51,61.14,19.618
2026-02-27T17:35:26+00:00,37.04973961226642,-8.150090742856264,106,2026-02-27T17:33:39.400538+00:00,2316,1,0.371,6813.882,22.26,145.895
2026-02-27T17:35:27+00:00,37.04973567277193,-8.15008906647563,107,2026-02-27T17:33:39.400538+00:00,2316,1,0.463,6814.345,27.78,161.241
2026-02-27T17:35:28+00:00,37.04972620122135,-8.150088898837566,109,2026-02-27T17:33:39.400538+00:00,2316,1,1.053,6815.398,63.18,179.191
2026-02-27T17:35:29+00:00,37.04972050152719,-8.150086719542742,111,2026-02-27T17:33:39.400538+00:00,2316,1,0.663,6816.06,39.78,163.03
2026-02-27T17:35:30+00:00,37.04971211962402,-8.150084624066949,111,2026-02-27T17:33:39.400538+00:00,2316,1,0.95,6817.011,57.0,168.716
2026-02-27T17:35:31+00:00,37.04970457591117,-8.150085043162107,109,2026-02-27T17:33:39.400538+00:00,2316,1,0.84,6817.851,50.4,182.539
2026-02-27T17:35:32+00:00,37.049699295312166,-8.150077583268285,108,2026-02-27T17:33:39.400538+00:00,2316,1,0.885,6818.735,53.1,131.571
2026-02-27T17:35:33+00:00,37.04969451762736,-8.150071213021874,104,2026-02-27T17:33:39.400538+00:00,2316,1,0.776,6819.511,46.56,133.22
2026-02-27T17:35:34+00:00,37.04968571662903,-8.150068614631891,102,2026-02-27T17:33:39.400538+00:00,2316,1,1.005,6820.517,60.3,166.741
2026-02-27T17:35:35+00:00,37.04968177713454,-8.150065764784813,103,2026-02-27T17:33:39.400538+00:00,2316,1,0.506,6821.022,30.36,150.0
2026-02-27T17:35:36+00:00,37.04968764446676,-8.15006610006094,103,2026-02-27T17:33:39.400538+00:00,2316,1,0.653,6821.676,39.18,357.389
2026-02-27T17:35:37+00:00,37.04969158396125,-8.150069620460272,106,2026-02-27T17:33:39.400538+00:00,2316,1,0.538,6822.214,32.28,324.503
2026-02-27T17:35:38+00:00,37.04969007521868,-8.150077583268285,108,2026-02-27T17:33:39.400538+00:00,2316,1,0.726,6822.94,43.56,256.645
2026-02-27T17:35:39+00:00,37.04968865029514,-8.150077750906348,110,2026-02-27T17:33:39.400538+00:00,2316,1,0.159,6823.099,9.54,185.364
2026-02-27T17:35:40+00:00,37.04968772828579,-8.150077499449253,111,2026-02-27T17:33:39.400538+00:00,2316,1,0.105,6823.204,6.3,167.72
2026-02-27T17:35:41+00:00,37.049687560647726,-8.150075571611524,110,2026-02-27T17:33:39.400538+00:00,2316,1,0.172,6823.376,10.32,96.218
2026-02-27T17:35:42+00:00,37.04968663863838,-8.150074481964111,106,2026-02-27T17:33:39.400538+00:00,2316,1,0.141,6823.517,8.46,136.674
2026-02-27T17:35:43+00:00,37.04968781210482,-8.150070877745748,104,2026-02-27T17:33:39.400538+00:00,2316,1,0.345,6823.862,20.7,67.808
2026-02-27T17:35:44+00:00,37.04968890175223,-8.150066938251257,106,2026-02-27T17:33:39.400538+00:00,2316,1,0.37,6824.232,22.2,70.886
2026-02-27T17:35:45+00:00,37.04967456869781,-8.150070793926716,108,2026-02-27T17:33:39.400538+00:00,2316,1,1.63,6825.863,97.8,192.117
2026-02-27T17:35:46+00:00,37.049674317240715,-8.150073811411858,110,2026-02-27T17:33:39.400538+00:00,2316,1,0.269,6826.132,16.14,264.039
2026-02-27T17:35:47+00:00,37.04967356286943,-8.150071213021874,111,2026-02-27T17:33:39.400538+00:00,2316,1,0.245,6826.377,14.7,109.989
2026-02-27T17:35:48+00:00,37.049665516242385,-8.150070458650589,112,2026-02-27T17:33:39.400538+00:00,2316,1,0.897,6827.274,53.82,175.721
2026-02-27T17:35:49+00:00,37.04965931363404,-8.150070374831557,115,2026-02-27T17:33:39.400538+00:00,2316,1,0.69,6827.964,41.4,179.382
2026-02-27T17:35:50+00:00,37.04965503886342,-8.150068195536733,116,2026-02-27T17:33:39.400538+00:00,2316,1,0.513,6828.477,30.78,157.86
2026-02-27T17:35:51+00:00,37.04964883625507,-8.15006559714675,115,2026-02-27T17:33:39.400538+00:00,2316,1,0.727,6829.205,43.62,161.513
2026-02-27T17:35:52+00:00,37.04964078962803,-8.150062412023544,112,2026-02-27T17:33:39.400538+00:00,2316,1,0.938,6830.143,56.28,162.468
2026-02-27T17:35:53+00:00,37.049633748829365,-8.15005931071937,108,2026-02-27T17:33:39.400538+00:00,2316,1,0.83,6830.973,49.8,160.631
2026-02-27T17:35:54+00:00,37.0496267080307,-8.150069452822208,106,2026-02-27T17:33:39.400538+00:00,2316,1,1.193,6832.166,71.58,228.983
2026-02-27T17:35:55+00:00,37.049618158489466,-8.150069285184145,106,2026-02-27T17:33:39.400538+00:00,2316,1,0.951,6833.116,57.06,179.103
2026-02-27T17:35:56+00:00,37.04961187206209,-8.150067524984479,108,2026-02-27T17:33:39.400538+00:00,2316,1,0.716,6833.833,42.96,167.403
2026-02-27T17:35:57+00:00,37.04960566945374,-8.150069285184145,108,2026-02-27T17:33:39.400538+00:00,2316,1,0.707,6834.54,42.42,192.762
2026-02-27T17:35:58+00:00,37.04960022121668,-8.150069452822208,113,2026-02-27T17:33:39.400538+00:00,2316,1,0.606,6835.146,36.36,181.407
2026-02-27T17:35:59+00:00,37.04959334805608,-8.15006953664124,113,2026-02-27T17:33:39.400538+00:00,2316,1,0.764,6835.91,45.84,180.558
2026-02-27T17:36:00+00:00,37.04958806745708,-8.150067692622542,113,2026-02-27T17:33:39.400538+00:00,2316,1,0.61,6836.52,36.6,164.426
2026-02-27T17:36:01+00:00,37.04958647489548,-8.15007003955543,108,2026-02-27T17:33:39.400538+00:00,2316,1,0.273,6836.793,16.38,229.628
2026-02-27T17:36:02+00:00,37.04958228394389,-8.150071715936065,107,2026-02-27T17:33:39.400538+00:00,2316,1,0.489,6837.282,29.34,197.705
2026-02-27T17:36:03+00:00,37.04957884736359,-8.150069955736399,108,2026-02-27T17:33:39.400538+00:00,2316,1,0.413,6837.695,24.78,157.766
2026-02-27T17:36:04+00:00,37.049578092992306,-8.150061154738069,108,2026-02-27T17:33:39.400538+00:00,2316,1,0.786,6838.481,47.16,96.13
2026-02-27T17:36:05+00:00,37.049586391076446,-8.15006610006094,108,2026-02-27T17:33:39.400538+00:00,2316,1,1.022,6839.502,61.32,334.562
2026-02-27T17:36:06+00:00,37.04958555288613,-8.150072721764445,109,2026-02-27T17:33:39.400538+00:00,2316,1,0.595,6840.097,35.7,260.988
2026-02-27T17:36:07+00:00,37.04958647489548,-8.150076325982809,111,2026-02-27T17:33:39.400538+00:00,2316,1,0.336,6840.433,20.16,287.772
2026-02-27T17:36:08+00:00,37.04958429560065,-8.15007833763957,115,2026-02-27T17:33:39.400538+00:00,2316,1,0.301,6840.734,18.06,216.38
2026-02-27T17:36:09+00:00,37.04958278685808,-8.150077918544412,117,2026-02-27T17:33:39.400538+00:00,2316,1,0.172,6840.906,10.32,167.5
2026-02-27T17:36:10+00:00,37.04957943409681,-8.150074817240238,117,2026-02-27T17:33:39.400538+00:00,2316,1,0.463,6841.37,27.78,143.563
2026-02-27T17:36:11+00:00,37.049581948667765,-8.150074146687984,116,2026-02-27T17:33:39.400538+00:00,2316,1,0.286,6841.655,17.16,12.015
2026-02-27T17:36:12+00:00,37.04958806745708,-8.150070123374462,110,2026-02-27T17:33:39.400538+00:00,2316,1,0.768,6842.424,46.08,27.69
2026-02-27T17:36:13+00:00,37.04958437941968,-8.150069117546082,108,2026-02-27T17:33:39.400538+00:00,2316,1,0.42,6842.843,25.2,167.72
2026-02-27T17:36:14+00:00,37.04957985319197,-8.150068111717701,105,2026-02-27T17:33:39.400538+00:00,2316,1,0.511,6843.355,30.66,169.943
2026-02-27T17:36:15+00:00,37.0495836250484,-8.150066183879972,106,2026-02-27T17:33:39.400538+00:00,2316,1,0.453,6843.808,27.18,22.192
2026-02-27T17:36:16+00:00,37.049586307257414,-8.150063082575798,108,2026-02-27T17:33:39.400538+00:00,2316,1,0.406,6844.213,24.36,42.701
2026-02-27T17:36:17+00:00,37.04958848655224,-8.150062914937735,110,2026-02-27T17:33:39.400538+00:00,2316,1,0.243,6844.456,14.58,3.513
2026-02-27T17:36:18+00:00,37.049588738009334,-8.1500578019768,113,2026-02-27T17:33:39.400538+00:00,2316,1,0.455,6844.911,27.3,86.474
2026-02-27T17:36:19+00:00,37.04958898946643,-8.150059645995498,115,2026-02-27T17:33:39.400538+00:00,2316,1,0.166,6845.077,9.96,279.696
2026-02-27T17:36:20+00:00,37.04958915710449,-8.150052605196834,115,2026-02-27T17:33:39.400538+00:00,2316,1,0.625,6845.702,37.5,88.291
2026-02-27T17:36:21+00:00,37.04959192313254,-8.150048162788153,116,2026-02-27T17:33:39.400538+00:00,2316,1,0.5,6846.202,30.0,52.041
2026-02-27T17:36:22+00:00,37.04959058202803,-8.15004849806428,116,2026-02-27T17:33:39.400538+00:00,2316,1,0.152,6846.354,9.12,191.284
2026-02-27T17:36:23+00:00,37.049588318914175,-8.150047827512026,104,2026-02-27T17:33:39.400538+00:00,2316,1,0.259,6846.613,15.54,166.695
2026-02-27T17:36:24+00:00,37.0495836250484,-8.150044307112694,103,2026-02-27T17:33:39.400538+00:00,2316,1,0.608,6847.221,36.48,149.096
2026-02-27T17:36:25+00:00,37.0495817810297,-8.150041624903679,106,2026-02-27T17:33:39.400538+00:00,2316,1,0.314,6847.535,18.84,130.742
2026-02-27T17:36:26+00:00,37.04957926645875,-8.150041457265615,108,2026-02-27T17:33:39.400538+00:00,2316,1,0.28,6847.815,16.8,176.954
2026-02-27T17:36:27+00:00,37.04957742244005,-8.150040786713362,110,2026-02-27T17:33:39.400538+00:00,2316,1,0.214,6848.029,12.84,163.816
2026-02-27T17:36:28+00:00,37.04957817681134,-8.150039026513696,111,2026-02-27T17:33:39.400538+00:00,2316,1,0.177,6848.206,10.62,61.765
2026-02-27T17:36:29+00:00,37.049579517915845,-8.150033494457603,113,2026-02-27T17:33:39.400538+00:00,2316,1,0.513,6848.719,30.78,73.104
2026-02-27T17:36:30+00:00,37.04958220012486,-8.150027459487319,110,2026-02-27T17:33:39.400538+00:00,2316,1,0.613,6849.332,36.78,60.888
2026-02-27T17:36:31+00:00,37.04958454705775,-8.150026705116034,108,2026-02-27T17:33:39.400538+00:00,2316,1,0.269,6849.601,16.14,14.388
2026-02-27T17:36:32+00:00,37.04958287067711,-8.150019831955433,106,2026-02-27T17:33:39.400538+00:00,2316,1,0.638,6850.239,38.28,106.993
2026-02-27T17:36:33+00:00,37.04958010464907,-8.15001379698515,101,2026-02-27T17:33:39.400538+00:00,2316,1,0.618,6850.857,37.08,119.867
2026-02-27T17:36:34+00:00,37.04958111047745,-8.150012539699674,100,2026-02-27T17:33:39.400538+00:00,2316,1,0.158,6851.015,9.48,44.932
2026-02-27T17:36:35+00:00,37.04958035610616,-8.150011198595166,102,2026-02-27T17:33:39.400538+00:00,2316,1,0.146,6851.161,8.76,125.176
2026-02-27T17:36:36+00:00,37.04957884736359,-8.1500060018152,102,2026-02-27T17:33:39.400538+00:00,2316,1,0.491,6851.651,29.46,109.989
2026-02-27T17:36:37+00:00,37.04957750625909,-8.150001810863614,110,2026-02-27T17:33:39.400538+00:00,2316,1,0.401,6852.052,24.06,111.848
2026-02-27T17:36:38+00:00,37.04957666806877,-8.150001391768456,110,2026-02-27T17:33:39.400538+00:00,2316,1,0.1,6852.152,6.0,158.245
2026-02-27T17:36:39+00:00,37.04957507550717,-8.150000553578138,110,2026-02-27T17:33:39.400538+00:00,2316,1,0.192,6852.344,11.52,157.215
2026-02-27T17:36:40+00:00,37.04957381822169,-8.150001475587487,108,2026-02-27T17:33:39.400538+00:00,2316,1,0.162,6852.506,9.72,210.34
2026-02-27T17:36:41+00:00,37.04956996254623,-8.150003906339407,106,2026-02-27T17:33:39.400538+00:00,2316,1,0.48,6852.986,28.8,206.71
2026-02-27T17:36:42+00:00,37.049568705260754,-8.150007426738739,104,2026-02-27T17:33:39.400538+00:00,2316,1,0.342,6853.329,20.52,245.892
2026-02-27T17:36:43+00:00,37.04956836998463,-8.150010360404849,100,2026-02-27T17:33:39.400538+00:00,2316,1,0.263,6853.592,15.78,261.851
2026-02-27T17:36:44+00:00,37.0495611615479,-8.15001237206161,100,2026-02-27T17:33:39.400538+00:00,2316,1,0.821,6854.413,49.26,192.557
2026-02-27T17:36:45+00:00,37.04955303110182,-8.150013210251927,100,2026-02-27T17:33:39.400538+00:00,2316,1,0.907,6855.32,54.42,184.704
2026-02-27T17:36:46+00:00,37.04954707995057,-8.150015138089657,107,2026-02-27T17:33:39.400538+00:00,2316,1,0.683,6856.003,40.98,194.496
2026-02-27T17:36:47+00:00,37.049540290609,-8.150015892460942,110,2026-02-27T17:33:39.400538+00:00,2316,1,0.758,6856.761,45.48,185.068
2026-02-27T17:36:48+00:00,37.0495334174484,-8.15001622773707,114,2026-02-27T17:33:39.400538+00:00,2316,1,0.765,6857.526,45.9,182.23
2026-02-27T17:36:49+00:00,37.04952796921134,-8.15001924522221,117,2026-02-27T17:33:39.400538+00:00,2316,1,0.662,6858.189,39.72,203.847
2026-02-27T17:36:50+00:00,37.04952335916459,-8.150021843612194,118,2026-02-27T17:33:39.400538+00:00,2316,1,0.562,6858.751,33.72,204.22
2026-02-27T17:36:51+00:00,37.04951682128012,-8.150023687630892,117,2026-02-27T17:33:39.400538+00:00,2316,1,0.745,6859.496,44.7,192.686
2026-02-27T17:36:52+00:00,37.04950642772019,-8.150021005421877,115,2026-02-27T17:33:39.400538+00:00,2316,1,1.18,6860.676,70.8,168.362
2026-02-27T17:36:53+00:00,37.04949360340834,-8.150020502507687,112,2026-02-27T17:33:39.400538+00:00,2316,1,1.427,6862.102,85.62,178.207
2026-02-27T17:36:54+00:00,37.04948220402002,-8.150030393153429,111,2026-02-27T17:33:39.400538+00:00,2316,1,1.542,6863.644,92.52,214.702
2026-02-27T17:36:55+00:00,37.049480276182294,-8.150029052048922,113,2026-02-27T17:33:39.400538+00:00,2316,1,0.245,6863.889,14.7,150.96
2026-02-27T17:36:56+00:00,37.04946644604206,-8.150024525821209,114,2026-02-27T17:33:39.400538+00:00,2316,1,1.589,6865.479,95.34,165.361
2026-02-27T17:36:57+00:00,37.04945521429181,-8.150019412860274,114,2026-02-27T17:33:39.400538+00:00,2316,1,1.329,6866.808,79.74,160.033
2026-02-27T17:36:58+00:00,37.049450520426035,-8.150011533871293,115,2026-02-27T17:33:39.400538+00:00,2316,1,0.873,6867.68,52.38,126.739
2026-02-27T17:36:59+00:00,37.04944917932153,-8.150006169453263,115,2026-02-27T17:33:39.400538+00:00,2316,1,0.499,6868.179,29.94,107.393
2026-02-27T17:37:00+00:00,37.04944767057896,-8.150004828348756,115,2026-02-27T17:33:39.400538+00:00,2316,1,0.206,6868.385,12.36,144.647
2026-02-27T17:37:01+00:00,37.049448508769274,-8.14999619498849,115,2026-02-27T17:33:39.400538+00:00,2316,1,0.772,6869.157,46.32,83.064
2026-02-27T17:37:02+00:00,37.04944683238864,-8.149986388161778,114,2026-02-27T17:33:39.400538+00:00,2316,1,0.89,6870.047,53.4,102.089
2026-02-27T17:37:03+00:00,37.049441216513515,-8.149979179725051,108,2026-02-27T17:33:39.400538+00:00,2316,1,0.894,6870.941,53.64,134.308
2026-02-27T17:37:04+00:00,37.04943652264774,-8.149974988773465,107,2026-02-27T17:33:39.400538+00:00,2316,1,0.641,6871.582,38.46,144.526
2026-02-27T17:37:05+00:00,37.04942931421101,-8.149971971288323,106,2026-02-27T17:33:39.400538+00:00,2316,1,0.845,6872.427,50.7,161.526
2026-02-27T17:37:06+00:00,37.049426632002,-8.149972222745419,107,2026-02-27T17:33:39.400538+00:00,2316,1,0.299,6872.726,17.94,184.279
2026-02-27T17:37:07+00:00,37.04942034557462,-8.149971971288323,109,2026-02-27T17:33:39.400538+00:00,2316,1,0.699,6873.425,41.94,178.171
2026-02-27T17:37:08+00:00,37.049418250098825,-8.1499732285738,111,2026-02-27T17:33:39.400538+00:00,2316,1,0.258,6873.683,15.48,205.588
2026-02-27T17:37:09+00:00,37.04941741190851,-8.149973982945085,113,2026-02-27T17:33:39.400538+00:00,2316,1,0.115,6873.798,6.9,215.69
2026-02-27T17:37:10+00:00,37.049414310604334,-8.14997331239283,112,2026-02-27T17:33:39.400538+00:00,2316,1,0.35,6874.148,21.0,170.209
2026-02-27T17:37:11+00:00,37.049412885680795,-8.149973899126053,112,2026-02-27T17:33:39.400538+00:00,2316,1,0.167,6874.315,10.02,198.192
2026-02-27T17:37:12+00:00,37.04941120930016,-8.149973982945085,113,2026-02-27T17:33:39.400538+00:00,2316,1,0.187,6874.501,11.22,182.285
2026-02-27T17:37:13+00:00,37.049409030005336,-8.149974066764116,113,2026-02-27T17:33:39.400538+00:00,2316,1,0.242,6874.744,14.52,181.758
2026-02-27T17:37:14+00:00,37.049407102167606,-8.149977838620543,112,2026-02-27T17:33:39.400538+00:00,2316,1,0.397,6875.141,23.82,237.365
2026-02-27T17:37:15+00:00,37.049403665587306,-8.149983203038573,105,2026-02-27T17:33:39.400538+00:00,2316,1,0.61,6875.752,36.6,231.247
2026-02-27T17:37:16+00:00,37.04940157011151,-8.14998496323824,103,2026-02-27T17:33:39.400538+00:00,2316,1,0.281,6876.032,16.86,213.839
2026-02-27T17:37:17+00:00,37.04939989373088,-8.149989154189825,100,2026-02-27T17:33:39.400538+00:00,2316,1,0.416,6876.448,24.96,243.381
2026-02-27T17:37:18+00:00,37.04939620569348,-8.149992423132062,99,2026-02-27T17:33:39.400538+00:00,2316,1,0.502,6876.951,30.12,215.276
2026-02-27T17:37:19+00:00,37.049394780769944,-8.14999326132238,101,2026-02-27T17:33:39.400538+00:00,2316,1,0.175,6877.126,10.5,205.149
2026-02-27T17:37:20+00:00,37.0493954513222,-8.149994686245918,103,2026-02-27T17:33:39.400538+00:00,2316,1,0.147,6877.273,8.82,300.525
2026-02-27T17:37:21+00:00,37.0493951998651,-8.149998122826219,106,2026-02-27T17:33:39.400538+00:00,2316,1,0.306,6877.579,18.36,264.762
2026-02-27T17:37:22+00:00,37.04939394257963,-8.150000218302011,107,2026-02-27T17:33:39.400538+00:00,2316,1,0.233,6877.812,13.98,233.065
2026-02-27T17:37:23+00:00,37.04939151182771,-8.15000063739717,110,2026-02-27T17:33:39.400538+00:00,2316,1,0.273,6878.084,16.38,187.835
2026-02-27T17:37:24+00:00,37.049389500170946,-8.150002984330058,111,2026-02-27T17:33:39.400538+00:00,2316,1,0.306,6878.39,18.36,222.958
2026-02-27T17:37:25+00:00,37.04938715323806,-8.150005666539073,111,2026-02-27T17:33:39.400538+00:00,2316,1,0.353,6878.743,21.18,222.369
2026-02-27T17:37:26+00:00,37.04938413575291,-8.15000843256712,109,2026-02-27T17:33:39.400538+00:00,2316,1,0.416,6879.159,24.96,216.189
2026-02-27T17:37:27+00:00,37.04937877133489,-8.150012288242579,108,2026-02-27T17:33:39.400538+00:00,2316,1,0.688,6879.847,41.28,209.841
2026-02-27T17:37:28+00:00,37.04937240108848,-8.150014886632562,108,2026-02-27T17:33:39.400538+00:00,2316,1,0.745,6880.592,44.7,198.033
2026-02-27T17:37:29+00:00,37.04936804249883,-8.150017820298672,108,2026-02-27T17:33:39.400538+00:00,2316,1,0.55,6881.142,33.0,208.244
2026-02-27T17:37:30+00:00,37.04936670139432,-8.150018658488989,109,2026-02-27T17:33:39.400538+00:00,2316,1,0.167,6881.308,10.02,206.511
2026-02-27T17:37:31+00:00,37.049365863204,-8.150018574669957,110,2026-02-27T17:33:39.400538+00:00,2316,1,0.093,6881.402,5.58,175.437
2026-02-27T17:37:32+00:00,37.04936167225242,-8.150020083412528,110,2026-02-27T17:33:39.400538+00:00,2316,1,0.485,6881.887,29.1,196.031
2026-02-27T17:37:33+00:00,37.04935387708247,-8.150023519992828,109,2026-02-27T17:33:39.400538+00:00,2316,1,0.919,6882.806,55.14,199.385
2026-02-27T17:37:34+00:00,37.04934633336961,-8.150025615468621,105,2026-02-27T17:33:39.400538+00:00,2316,1,0.859,6883.665,51.54,192.5
2026-02-27T17:37:35+00:00,37.049347003921866,-8.15002167597413,102,2026-02-27T17:33:39.400538+00:00,2316,1,0.357,6884.022,21.42,77.961
2026-02-27T17:37:36+00:00,37.04934272915125,-8.150022346526384,99,2026-02-27T17:33:39.400538+00:00,2316,1,0.479,6884.501,28.74,187.136
2026-02-27T17:37:37+00:00,37.04933954402805,-8.150024274364114,97,2026-02-27T17:33:39.400538+00:00,2316,1,0.393,6884.895,23.58,205.784
2026-02-27T17:37:38+00:00,37.0493330899626,-8.15002603456378,97,2026-02-27T17:33:39.400538+00:00,2316,1,0.734,6885.629,44.04,192.28
2026-02-27T17:37:39+00:00,37.04932797700167,-8.150025447830558,97,2026-02-27T17:33:39.400538+00:00,2316,1,0.571,6886.2,34.26,174.767
2026-02-27T17:37:40+00:00,37.04931900836527,-8.150023352354765,100,2026-02-27T17:33:39.400538+00:00,2316,1,1.014,6887.214,60.84,169.437
2026-02-27T17:37:41+00:00,37.04930995590985,-8.150026202201843,104,2026-02-27T17:33:39.400538+00:00,2316,1,1.038,6888.252,62.28,194.104
2026-02-27T17:37:42+00:00,37.049301490187645,-8.150028716772795,106,2026-02-27T17:33:39.400538+00:00,2316,1,0.967,6889.22,58.02,193.337
2026-02-27T17:37:43+00:00,37.049291264265776,-8.150026453658938,107,2026-02-27T17:33:39.400538+00:00,2316,1,1.155,6890.374,69.3,169.983
2026-02-27T17:37:44+00:00,37.04928162507713,-8.150023184716702,103,2026-02-27T17:33:39.400538+00:00,2316,1,1.11,6891.485,66.6,164.855
2026-02-27T17:37:45+00:00,37.049277601763606,-8.150017317384481,100,2026-02-27T17:33:39.400538+00:00,2316,1,0.686,6892.171,41.16,130.668
2026-02-27T17:37:46+00:00,37.0492762606591,-8.150007091462612,96,2026-02-27T17:33:39.400538+00:00,2316,1,0.92,6893.091,55.2,99.332
2026-02-27T17:37:47+00:00,37.04927827231586,-8.14999870955944,94,2026-02-27T17:33:39.400538+00:00,2316,1,0.777,6893.868,46.62,73.264
2026-02-27T17:37:48+00:00,37.04928078688681,-8.149989238008857,94,2026-02-27T17:33:39.400538+00:00,2316,1,0.886,6894.754,53.16,71.601
2026-02-27T17:37:49+00:00,37.0492881629616,-8.149976916611195,94,2026-02-27T17:33:39.400538+00:00,2316,1,1.367,6896.121,82.02,53.128
2026-02-27T17:37:50+00:00,37.04930073581636,-8.14996249973774,97,2026-02-27T17:33:39.400538+00:00,2316,1,1.895,6898.016,113.7,42.464
2026-02-27T17:37:51+00:00,37.04930995590985,-8.149950429797173,102,2026-02-27T17:33:39.400538+00:00,2316,1,1.483,6899.498,88.98,46.255
2026-02-27T17:37:52+00:00,37.04931892454624,-8.149941209703684,104,2026-02-27T17:33:39.400538+00:00,2316,1,1.29,6900.788,77.4,39.369
2026-02-27T17:37:53+00:00,37.0493278093636,-8.1499351747334,110,2026-02-27T17:33:39.400538+00:00,2316,1,1.124,6901.912,67.44,28.463
2026-02-27T17:37:54+00:00,37.0493365265429,-8.149929642677307,111,2026-02-27T17:33:39.400538+00:00,2316,1,1.087,6902.999,65.22,26.862
2026-02-27T17:37:55+00:00,37.04934465698898,-8.14992193132639,112,2026-02-27T17:33:39.400538+00:00,2316,1,1.134,6904.133,68.04,37.125
2026-02-27T17:37:56+00:00,37.0493537094444,-8.149913717061281,112,2026-02-27T17:33:39.400538+00:00,2316,1,1.243,6905.375,74.58,35.913
2026-02-27T17:37:57+00:00,37.04936561174691,-8.149901982396841,112,2026-02-27T17:33:39.400538+00:00,2316,1,1.684,6907.06,101.04,38.198
2026-02-27T17:37:58+00:00,37.049380196258426,-8.149893851950765,112,2026-02-27T17:33:39.400538+00:00,2316,1,1.775,6908.835,106.5,23.986
2026-02-27T17:37:59+00:00,37.04939947463572,-8.149881279096007,111,2026-02-27T17:33:39.400538+00:00,2316,1,2.417,6911.251,145.02,27.497
2026-02-27T17:38:00+00:00,37.049416741356254,-8.149872897192836,111,2026-02-27T17:33:39.400538+00:00,2316,1,2.059,6913.31,123.54,21.178
2026-02-27T17:38:01+00:00,37.04943425953388,-8.149868370965123,111,2026-02-27T17:33:39.400538+00:00,2316,1,1.989,6915.299,119.34,11.652
2026-02-27T17:38:02+00:00,37.04944892786443,-8.149864012375474,111,2026-02-27T17:33:39.400538+00:00,2316,1,1.676,6916.975,100.56,13.341
2026-02-27T17:38:03+00:00,37.049461249262094,-8.149857893586159,112,2026-02-27T17:33:39.400538+00:00,2316,1,1.474,6918.449,88.44,21.621
2026-02-27T17:38:04+00:00,37.049473989754915,-8.149847080931067,113,2026-02-27T17:33:39.400538+00:00,2316,1,1.711,6920.16,102.66,34.112
2026-02-27T17:38:05+00:00,37.04948681406677,-8.149842554703355,114,2026-02-27T17:33:39.400538+00:00,2316,1,1.481,6921.642,88.86,15.732
2026-02-27T17:38:06+00:00,37.04950315877795,-8.149837022647262,114,2026-02-27T17:33:39.400538+00:00,2316,1,1.883,6923.524,112.98,15.117
2026-02-27T17:38:07+00:00,37.04951925203204,-8.14982914365828,113,2026-02-27T17:33:39.400538+00:00,2316,1,1.921,6925.446,115.26,21.343
2026-02-27T17:38:08+00:00,37.049555629491806,-8.149823192507029,111,2026-02-27T17:33:39.400538+00:00,2316,1,4.079,6929.525,244.74,7.439
2026-02-27T17:38:09+00:00,37.049576584249735,-8.149814642965794,109,2026-02-27T17:33:39.400538+00:00,2316,1,2.45,6931.975,147.0,18.037
2026-02-27T17:38:10+00:00,37.04959770664573,-8.149806093424559,109,2026-02-27T17:33:39.400538+00:00,2316,1,2.468,6934.444,148.08,17.903
2026-02-27T17:38:11+00:00,37.04961706884205,-8.149800058454275,110,2026-02-27T17:33:39.400538+00:00,2316,1,2.219,6936.662,133.14,13.97
2026-02-27T17:38:12+00:00,37.049635676667094,-8.14979494549334,111,2026-02-27T17:33:39.400538+00:00,2316,1,2.118,6938.781,127.08,12.369
2026-02-27T17:38:13+00:00,37.049654284492135,-8.149789832532406,112,2026-02-27T17:33:39.400538+00:00,2316,1,2.118,6940.899,127.08,12.369
2026-02-27T17:38:14+00:00,37.04967649653554,-8.149783881381154,113,2026-02-27T17:33:39.400538+00:00,2316,1,2.526,6943.424,151.56,12.07
2026-02-27T17:38:15+00:00,37.049699714407325,-8.14977541565895,113,2026-02-27T17:33:39.400538+00:00,2316,1,2.689,6946.113,161.34,16.225
2026-02-27T17:38:16+00:00,37.04972452484071,-8.149763597175479,113,2026-02-27T17:33:39.400538+00:00,2316,1,2.951,6949.065,177.06,20.816
2026-02-27T17:38:17+00:00,37.04973944462836,-8.149757394567132,113,2026-02-27T17:33:39.400538+00:00,2316,1,1.748,6950.813,104.88,18.356
2026-02-27T17:38:18+00:00,37.0497527718544,-8.149751862511039,112,2026-02-27T17:33:39.400538+00:00,2316,1,1.561,6952.374,93.66,18.33
2026-02-27T17:38:19+00:00,37.04978152178228,-8.1497470010072,112,2026-02-27T17:33:39.400538+00:00,2316,1,3.226,6955.6,193.56,7.686
2026-02-27T17:38:20+00:00,37.04980071634054,-8.149743815883994,112,2026-02-27T17:33:39.400538+00:00,2316,1,2.153,6957.753,129.18,7.544
2026-02-27T17:38:21+00:00,37.049816055223346,-8.149739038199186,114,2026-02-27T17:33:39.400538+00:00,2316,1,1.758,6959.51,105.48,13.96
2026-02-27T17:38:22+00:00,37.04983198083937,-8.149732919409871,116,2026-02-27T17:33:39.400538+00:00,2316,1,1.852,6961.362,111.12,17.048
2026-02-27T17:38:23+00:00,37.04984899610281,-8.149724872782826,118,2026-02-27T17:33:39.400538+00:00,2316,1,2.022,6963.385,121.32,20.678
2026-02-27T17:38:24+00:00,37.04986425116658,-8.149716490879655,119,2026-02-27T17:33:39.400538+00:00,2316,1,1.852,6965.237,111.12,23.679
2026-02-27T17:38:25+00:00,37.04988285899162,-8.14970450475812,119,2026-02-27T17:33:39.400538+00:00,2316,1,2.327,6967.563,139.62,27.208
2026-02-27T17:38:26+00:00,37.04990389756858,-8.14968941733241,117,2026-02-27T17:33:39.400538+00:00,2316,1,2.695,6970.259,161.7,29.785
2026-02-27T17:38:27+00:00,37.04992610961199,-8.149676006287336,116,2026-02-27T17:33:39.400538+00:00,2316,1,2.742,6973.0,164.52,25.728
2026-02-27T17:38:28+00:00,37.04995016567409,-8.149661589413881,116,2026-02-27T17:33:39.400538+00:00,2316,1,2.965,6975.966,177.9,25.562
2026-02-27T17:38:29+00:00,37.04997246153653,-8.149647004902363,116,2026-02-27T17:33:39.400538+00:00,2316,1,2.797,6978.762,167.82,27.568
2026-02-27T17:38:30+00:00,37.04999467357993,-8.149628397077322,116,2026-02-27T17:33:39.400538+00:00,2316,1,2.971,6981.733,178.26,33.767
2026-02-27T17:38:31+00:00,37.050017388537526,-8.149608867242932,116,2026-02-27T17:33:39.400538+00:00,2316,1,3.063,6984.797,183.78,34.458
2026-02-27T17:38:32+00:00,37.05003775656223,-8.149592773988843,114,2026-02-27T17:33:39.400538+00:00,2316,1,2.678,6987.474,160.68,32.236
2026-02-27T17:38:33+00:00,37.05005653202534,-8.149577183648944,113,2026-02-27T17:33:39.400538+00:00,2316,1,2.505,6989.979,150.3,33.533
2026-02-27T17:38:34+00:00,37.05007581040263,-8.149558324366808,111,2026-02-27T17:33:39.400538+00:00,2316,1,2.72,6992.698,163.2,37.981
2026-02-27T17:38:35+00:00,37.050096932798624,-8.149537621065974,108,2026-02-27T17:33:39.400538+00:00,2316,1,2.982,6995.68,178.92,38.035
2026-02-27T17:38:36+00:00,37.05011612735689,-8.14951783977449,104,2026-02-27T17:33:39.400538+00:00,2316,1,2.764,6998.444,165.84,39.437
2026-02-27T17:38:37+00:00,37.05013180151582,-8.149500656872988,105,2026-02-27T17:33:39.400538+00:00,2316,1,2.316,7000.76,138.96,41.184
2026-02-27T17:38:38+00:00,37.05014915205538,-8.149483809247613,107,2026-02-27T17:33:39.400538+00:00,2316,1,2.441,7003.201,146.46,37.775
2026-02-27T17:38:39+00:00,37.05016708932817,-8.149469057098031,109,2026-02-27T17:33:39.400538+00:00,2316,1,2.386,7005.586,143.16,33.28
2026-02-27T17:38:40+00:00,37.050186870619655,-8.149452125653625,110,2026-02-27T17:33:39.400538+00:00,2316,1,2.664,7008.25,159.84,34.338
2026-02-27T17:38:41+00:00,37.05020572990179,-8.149433517828584,109,2026-02-27T17:33:39.400538+00:00,2316,1,2.669,7010.919,160.14,38.219
2026-02-27T17:38:42+00:00,37.050225511193275,-8.149412646889687,107,2026-02-27T17:33:39.400538+00:00,2316,1,2.876,7013.795,172.56,40.1
2026-02-27T17:38:43+00:00,37.050247052684426,-8.149390434846282,106,2026-02-27T17:33:39.400538+00:00,2316,1,3.102,7016.897,186.12,39.453
2026-02-27T17:38:44+00:00,37.05026683397591,-8.149367636069655,104,2026-02-27T17:33:39.400538+00:00,2316,1,2.989,7019.886,179.34,42.609
2026-02-27T17:38:45+00:00,37.05028426833451,-8.149347100406885,102,2026-02-27T17:33:39.400538+00:00,2316,1,2.661,7022.546,159.66,43.231
2026-02-27T17:38:46+00:00,37.050303714349866,-8.149326229467988,101,2026-02-27T17:33:39.400538+00:00,2316,1,2.847,7025.394,170.82,40.583
2026-02-27T17:38:47+00:00,37.05032165162265,-8.149308124557137,100,2026-02-27T17:33:39.400538+00:00,2316,1,2.561,7027.955,153.66,38.854
2026-02-27T17:38:48+00:00,37.0503434445709,-8.149290774017572,103,2026-02-27T17:33:39.400538+00:00,2316,1,2.871,7030.826,172.26,32.433
2026-02-27T17:38:49+00:00,37.050368590280414,-8.14927501603961,105,2026-02-27T17:33:39.400538+00:00,2316,1,3.126,7033.952,187.56,26.572
2026-02-27T17:38:50+00:00,37.050393149256706,-8.149261269718409,111,2026-02-27T17:33:39.400538+00:00,2316,1,2.991,7036.943,179.46,24.071
2026-02-27T17:38:51+00:00,37.05042097717523,-8.14924718812108,111,2026-02-27T17:33:39.400538+00:00,2316,1,3.337,7040.28,200.22,21.992
2026-02-27T17:38:52+00:00,37.05044922418893,-8.149232771247625,110,2026-02-27T17:33:39.400538+00:00,2316,1,3.392,7043.672,203.52,22.163
2026-02-27T17:38:53+00:00,37.050473280251026,-8.149216007441282,106,2026-02-27T17:33:39.400538+00:00,2316,1,3.061,7046.733,183.66,29.082
2026-02-27T17:38:54+00:00,37.05049633048475,-8.149192370474339,102,2026-02-27T17:33:39.400538+00:00,2316,1,3.312,7050.045,198.72,39.298
2026-02-27T17:38:55+00:00,37.05051887780428,-8.149164710193872,97,2026-02-27T17:33:39.400538+00:00,2316,1,3.509,7053.553,210.54,44.395
2026-02-27T17:38:56+00:00,37.05054100602865,-8.149137469008565,96,2026-02-27T17:33:39.400538+00:00,2316,1,3.449,7057.003,206.94,44.495
2026-02-27T17:38:57+00:00,37.050564140081406,-8.149111401289701,96,2026-02-27T17:33:39.400538+00:00,2316,1,3.46,7060.462,207.6,41.965
2026-02-27T17:38:58+00:00,37.05058886669576,-8.1490873452276,99,2026-02-27T17:33:39.400538+00:00,2316,1,3.481,7063.943,208.86,37.828
2026-02-27T17:38:59+00:00,37.05061418004334,-8.149063792079687,102,2026-02-27T17:33:39.400538+00:00,2316,1,3.506,7067.449,210.36,36.598
2026-02-27T17:39:00+00:00,37.05063907429576,-8.149035545065999,102,2026-02-27T17:33:39.400538+00:00,2316,1,3.734,7071.184,224.04,42.164
2026-02-27T17:39:01+00:00,37.050663297995925,-8.149002939462662,103,2026-02-27T17:33:39.400538+00:00,2316,1,3.953,7075.137,237.18,47.05
2026-02-27T17:39:02+00:00,37.050687773153186,-8.14896421507001,101,2026-02-27T17:33:39.400538+00:00,2316,1,4.384,7079.521,263.04,51.624
2026-02-27T17:39:03+00:00,37.050716523081064,-8.148929011076689,100,2026-02-27T17:33:39.400538+00:00,2316,1,4.47,7083.991,268.2,44.341
2026-02-27T17:39:04+00:00,37.050744937732816,-8.14889682456851,100,2026-02-27T17:33:39.400538+00:00,2316,1,4.259,7088.25,255.54,42.115
2026-02-27T17:39:05+00:00,37.05077410675585,-8.148857597261667,99,2026-02-27T17:33:39.400538+00:00,2316,1,4.758,7093.008,285.48,47.025
2026-02-27T17:39:06+00:00,37.050803527235985,-8.148813424631953,99,2026-02-27T17:33:39.400538+00:00,2316,1,5.106,7098.114,306.36,50.154
2026-02-27T17:39:07+00:00,37.050834288820624,-8.148771682754159,100,2026-02-27T17:33:39.400538+00:00,2316,1,5.042,7103.156,302.52,47.281
2026-02-27T17:39:08+00:00,37.05086572095752,-8.148736143484712,103,2026-02-27T17:33:39.400538+00:00,2316,1,4.708,7107.864,282.48,42.063
2026-02-27T17:39:09+00:00,37.05089556053281,-8.148704711347818,105,2026-02-27T17:33:39.400538+00:00,2316,1,4.335,7112.198,260.1,40.054
2026-02-27T17:39:10+00:00,37.05092305317521,-8.148676548153162,109,2026-02-27T17:33:39.400538+00:00,2316,1,3.949,7116.147,236.94,39.268
2026-02-27T17:39:11+00:00,37.05095523968339,-8.148645786568522,111,2026-02-27T17:33:39.400538+00:00,2316,1,4.501,7120.648,270.06,37.335
2026-02-27T17:39:12+00:00,37.05098667182028,-8.148614270612597,110,2026-02-27T17:33:39.400538+00:00,2316,1,4.476,7125.125,268.56,38.668
2026-02-27T17:39:13+00:00,37.051014080643654,-8.148579988628626,107,2026-02-27T17:33:39.400538+00:00,2316,1,4.306,7129.431,258.36,44.949
2026-02-27T17:39:14+00:00,37.05103914253414,-8.148547550663352,104,2026-02-27T17:33:39.400538+00:00,2316,1,4.007,7133.438,240.42,45.93
2026-02-27T17:39:15+00:00,37.05106512643397,-8.148516034707427,104,2026-02-27T17:33:39.400538+00:00,2316,1,4.021,7137.459,241.26,44.069
2026-02-27T17:39:16+00:00,37.0510945469141,-8.14848535694182,102,2026-02-27T17:33:39.400538+00:00,2316,1,4.256,7141.715,255.36,39.767
2026-02-27T17:39:17+00:00,37.05112589523196,-8.148454343900084,103,2026-02-27T17:33:39.400538+00:00,2316,1,4.441,7146.156,266.46,38.293
2026-02-27T17:39:18+00:00,37.05115959048271,-8.148420983925462,103,2026-02-27T17:33:39.400538+00:00,2316,1,4.775,7150.932,286.5,38.314
2026-02-27T17:39:19+00:00,37.05119085498154,-8.148385025560856,104,2026-02-27T17:33:39.400538+00:00,2316,1,4.719,7155.651,283.14,42.549
2026-02-27T17:39:20+00:00,37.05122681334615,-8.148346301168203,106,2026-02-27T17:33:39.400538+00:00,2316,1,5.272,7160.923,316.32,40.679
2026-02-27T17:39:21+00:00,37.05126008950174,-8.148305146023631,107,2026-02-27T17:33:39.400538+00:00,2316,1,5.199,7166.122,311.94,44.627
2026-02-27T17:39:22+00:00,37.051290683448315,-8.14826449379325,106,2026-02-27T17:33:39.400538+00:00,2316,1,4.959,7171.081,297.54,46.681
2026-02-27T17:39:23+00:00,37.05131943337619,-8.148222332820296,104,2026-02-27T17:33:39.400538+00:00,2316,1,4.921,7176.002,295.26,49.489
2026-02-27T17:39:24+00:00,37.05134860239923,-8.148180674761534,103,2026-02-27T17:33:39.400538+00:00,2316,1,4.918,7180.92,295.08,48.738
2026-02-27T17:39:25+00:00,37.05138045363128,-8.148142788559198,104,2026-02-27T17:33:39.400538+00:00,2316,1,4.883,7185.803,292.98,43.511
2026-02-27T17:39:26+00:00,37.051410879939795,-8.148106075823307,106,2026-02-27T17:33:39.400538+00:00,2316,1,4.697,7190.5,281.82,43.92
2026-02-27T17:39:27+00:00,37.05143870785832,-8.148069782182574,107,2026-02-27T17:33:39.400538+00:00,2316,1,4.466,7194.967,267.96,46.148
2026-02-27T17:39:28+00:00,37.05146729014814,-8.148032985627651,107,2026-02-27T17:33:39.400538+00:00,2316,1,4.557,7199.523,273.42,45.776
2026-02-27T17:39:29+00:00,37.05149922519922,-8.147997613996267,107,2026-02-27T17:33:39.400538+00:00,2316,1,4.74,7204.263,284.4,41.476
2026-02-27T17:39:30+00:00,37.05152755603194,-8.14795721322298,105,2026-02-27T17:33:39.400538+00:00,2316,1,4.773,7209.036,286.38,48.696
2026-02-27T17:39:31+00:00,37.051550690084696,-8.147915052250028,102,2026-02-27T17:33:39.400538+00:00,2316,1,4.541,7213.576,272.46,55.491
2026-02-27T17:39:32+00:00,37.05157281830907,-8.147874316200614,102,2026-02-27T17:33:39.400538+00:00,2316,1,4.373,7217.949,262.38,55.759
2026-02-27T17:39:33+00:00,37.05160257406533,-8.147834334522486,101,2026-02-27T17:33:39.400538+00:00,2316,1,4.851,7222.801,291.06,47.0
2026-02-27T17:39:34+00:00,37.05163450911641,-8.14779644832015,100,2026-02-27T17:33:39.400538+00:00,2316,1,4.89,7227.691,293.4,43.435
2026-02-27T17:39:35+00:00,37.051668455824256,-8.147756299003959,102,2026-02-27T17:33:39.400538+00:00,2316,1,5.191,7232.882,311.46,43.347
2026-02-27T17:39:36+00:00,37.05169804394245,-8.147718496620655,106,2026-02-27T17:33:39.400538+00:00,2316,1,4.699,7237.58,281.94,45.558
2026-02-27T17:39:37+00:00,37.05172788351774,-8.147681700065732,107,2026-02-27T17:33:39.400538+00:00,2316,1,4.655,7242.236,279.3,44.543
2026-02-27T17:39:38+00:00,37.051757806912065,-8.147644400596619,108,2026-02-27T17:33:39.400538+00:00,2316,1,4.693,7246.929,281.58,44.851
2026-02-27T17:39:39+00:00,37.0517888199538,-8.147605760022998,108,2026-02-27T17:33:39.400538+00:00,2316,1,4.863,7251.792,291.78,44.838
2026-02-27T17:39:40+00:00,37.05181874334812,-8.147569801658392,107,2026-02-27T17:33:39.400538+00:00,2316,1,4.61,7256.403,276.6,43.803
2026-02-27T17:39:41+00:00,37.05184665508568,-8.14753644168377,106,2026-02-27T17:33:39.400538+00:00,2316,1,4.289,7260.692,257.34,43.648
2026-02-27T17:39:42+00:00,37.05187439918518,-8.147504003718495,99,2026-02-27T17:33:39.400538+00:00,2316,1,4.219,7264.911,253.14,43.018
2026-02-27T17:39:43+00:00,37.05190767534077,-8.147472403943539,96,2026-02-27T17:33:39.400538+00:00,2316,1,4.643,7269.554,278.58,37.158
2026-02-27T17:39:44+00:00,37.05194338224828,-8.147440552711487,94,2026-02-27T17:33:39.400538+00:00,2316,1,4.874,7274.428,292.44,35.447
2026-02-27T17:39:45+00:00,37.05197833478451,-8.14740845002234,93,2026-02-27T17:33:39.400538+00:00,2316,1,4.819,7279.247,289.14,36.242
2026-02-27T17:39:46+00:00,37.05200926400721,-8.147376012057066,94,2026-02-27T17:33:39.400538+00:00,2316,1,4.485,7283.732,269.1,39.93
2026-02-27T17:39:47+00:00,37.052038768306375,-8.147339383140206,98,2026-02-27T17:33:39.400538+00:00,2316,1,4.618,7288.35,277.08,44.735
2026-02-27T17:39:48+00:00,37.052067182958126,-8.147300155833364,100,2026-02-27T17:33:39.400538+00:00,2316,1,4.701,7293.051,282.06,47.773
2026-02-27T17:39:49+00:00,37.05209467560053,-8.147272327914834,101,2026-02-27T17:33:39.400538+00:00,2316,1,3.93,7296.981,235.8,38.932
2026-02-27T17:39:50+00:00,37.05211873166263,-8.147247098386288,104,2026-02-27T17:33:39.400538+00:00,2316,1,3.488,7300.469,209.28,39.93
2026-02-27T17:39:51+00:00,37.052144799381495,-8.147216839715838,108,2026-02-27T17:33:39.400538+00:00,2316,1,3.951,7304.421,237.06,42.812
2026-02-27T17:39:52+00:00,37.05217195674777,-8.147186664864421,110,2026-02-27T17:33:39.400538+00:00,2316,1,4.036,7308.457,242.16,41.565
2026-02-27T17:39:53+00:00,37.05220439471304,-8.147158417850733,109,2026-02-27T17:33:39.400538+00:00,2316,1,4.392,7312.849,263.52,34.798
2026-02-27T17:39:54+00:00,37.05223792232573,-8.147128745913506,107,2026-02-27T17:33:39.400538+00:00,2316,1,4.564,7317.413,273.84,35.234
2026-02-27T17:39:55+00:00,37.05226801335811,-8.147095553576946,102,2026-02-27T17:33:39.400538+00:00,2316,1,4.458,7321.871,267.48,41.359
2026-02-27T17:39:56+00:00,37.05229642800987,-8.147065630182624,103,2026-02-27T17:33:39.400538+00:00,2316,1,4.127,7325.998,247.62,40.046
2026-02-27T17:39:57+00:00,37.052325094118714,-8.147035874426365,103,2026-02-27T17:33:39.400538+00:00,2316,1,4.139,7330.138,248.34,39.639
2026-02-27T17:39:58+00:00,37.05235325731337,-8.147006202489138,103,2026-02-27T17:33:39.400538+00:00,2316,1,4.092,7334.229,245.52,40.058
2026-02-27T17:39:59+00:00,37.05238410271704,-8.146970579400659,103,2026-02-27T17:33:39.400538+00:00,2316,1,4.665,7338.894,279.9,42.667
2026-02-27T17:40:00+00:00,37.052413607016206,-8.146935375407338,100,2026-02-27T17:33:39.400538+00:00,2316,1,4.53,7343.424,271.8,43.599
