timestamp_utc,latitude,longitude,heart_rate,finish_time_utc,elapsed_race_time_s,finished_flag,seg_dist_m,dist_from_start_m,SOG_raw_mpm,COG_raw_deg,geom_leg_id,geom_from_mark,geom_to_mark,geom_leg_bearing_deg,target_lat_deg,target_lon_deg,dist_to_target_m,bearing_to_target_deg,COG_deg,ATB_angle_deg,ATB_offset_deg
2026-01-23T12:53:05+00:00,37.05665987916291,-8.16429689526558,128,2026-01-23T13:03:23.760033+00:00,619,1,0.0,0.0,0.0,0.0,1,Start,1,273,37.0567059,-8.1664512,191,272,330,58,20
2026-01-23T12:53:06+00:00,37.05667722970247,-8.164312443695962,129,2026-01-23T13:03:23.760033+00:00,619,1,2.372,2.372,142.32,324.429,1,Start,1,273,37.0567059,-8.1664512,190,271,329,58,20
2026-01-23T12:53:07+00:00,37.05669458024204,-8.164327992126346,130,2026-01-23T13:03:23.760033+00:00,619,1,2.372,4.744,142.32,324.429,1,Start,1,273,37.0567059,-8.1664512,188,270,328,58,20
2026-01-23T12:53:08+00:00,37.05671121831983,-8.164344588294625,132,2026-01-23T13:03:23.760033+00:00,619,1,2.365,7.108,141.9,321.479,1,Start,1,273,37.0567059,-8.1664512,187,270,327,57,19
2026-01-23T12:53:09+00:00,37.05672785639763,-8.164361184462905,133,2026-01-23T13:03:23.760033+00:00,619,1,2.365,9.473,141.9,321.479,1,Start,1,273,37.0567059,-8.1664512,185,269,327,58,20
2026-01-23T12:53:10+00:00,37.056744494475424,-8.164377780631185,134,2026-01-23T13:03:23.760033+00:00,619,1,2.365,11.838,141.9,321.479,1,Start,1,273,37.0567059,-8.1664512,184,269,323,54,16
2026-01-23T12:53:11+00:00,37.05676113255322,-8.164394376799464,136,2026-01-23T13:03:23.760033+00:00,619,1,2.365,14.202,141.9,321.479,1,Start,1,273,37.0567059,-8.1664512,183,268,323,55,17
2026-01-23T12:53:12+00:00,37.0567777287215,-8.164410218596458,138,2026-01-23T13:03:23.760033+00:00,619,1,2.32,16.522,139.2,322.701,1,Start,1,273,37.0567059,-8.1664512,181,267,322,55,17
2026-01-23T12:53:13+00:00,37.056801449507475,-8.164429999887943,141,2026-01-23T13:03:23.760033+00:00,619,1,3.168,19.691,190.08,326.356,1,Start,1,273,37.0567059,-8.1664512,180,267,323,56,18
2026-01-23T12:53:14+00:00,37.05682005733251,-8.164448230527341,143,2026-01-23T13:03:23.760033+00:00,619,1,2.626,22.317,157.56,321.98,1,Start,1,273,37.0567059,-8.1664512,178,266,324,58,20
2026-01-23T12:53:15+00:00,37.05683866515756,-8.16446646116674,145,2026-01-23T13:03:23.760033+00:00,619,1,2.626,24.944,157.56,321.98,1,Start,1,273,37.0567059,-8.1664512,177,265,324,59,21
2026-01-23T12:53:16+00:00,37.05685859313235,-8.164483413565904,146,2026-01-23T13:03:23.760033+00:00,619,1,2.678,27.622,160.68,325.828,1,Start,1,273,37.0567059,-8.1664512,175,264,325,61,23
2026-01-23T12:53:17+00:00,37.05687852110714,-8.164500365965068,147,2026-01-23T13:03:23.760033+00:00,619,1,2.678,30.3,160.68,325.828,1,Start,1,273,37.0567059,-8.1664512,174,264,325,61,23
2026-01-23T12:53:18+00:00,37.05689844908193,-8.164517318364233,148,2026-01-23T13:03:23.760033+00:00,619,1,2.678,32.978,160.68,325.828,1,Start,1,273,37.0567059,-8.1664512,173,263,326,63,25
2026-01-23T12:53:19+00:00,37.05691837705672,-8.164534270763397,149,2026-01-23T13:03:23.760033+00:00,619,1,2.678,35.657,160.68,325.828,1,Start,1,273,37.0567059,-8.1664512,172,262,327,65,27
2026-01-23T12:53:20+00:00,37.05693958327174,-8.164550866931677,150,2026-01-23T13:03:23.760033+00:00,619,1,2.78,38.437,166.8,328.013,1,Start,1,273,37.0567059,-8.1664512,171,261,327,66,28
2026-01-23T12:53:21+00:00,37.056960789486766,-8.164567463099957,150,2026-01-23T13:03:23.760033+00:00,619,1,2.78,41.217,166.8,328.013,1,Start,1,273,37.0567059,-8.1664512,170,260,327,67,29
2026-01-23T12:53:22+00:00,37.05698065459728,-8.164583221077919,150,2026-01-23T13:03:23.760033+00:00,619,1,2.614,43.831,156.84,327.664,1,Start,1,273,37.0567059,-8.1664512,169,260,327,67,29
2026-01-23T12:53:23+00:00,37.05699836136773,-8.164597931317985,150,2026-01-23T13:03:23.760033+00:00,619,1,2.362,46.193,141.72,326.456,1,Start,1,273,37.0567059,-8.1664512,168,259,328,69,31
2026-01-23T12:53:24+00:00,37.05701606813818,-8.164612641558051,151,2026-01-23T13:03:23.760033+00:00,619,1,2.362,48.556,141.72,326.456,1,Start,1,273,37.0567059,-8.1664512,167,258,328,70,32
2026-01-23T12:53:25+00:00,37.05703377490863,-8.164627351798117,152,2026-01-23T13:03:23.760033+00:00,619,1,2.362,50.918,141.72,326.456,1,Start,1,273,37.0567059,-8.1664512,166,257,328,71,33
2026-01-23T12:53:26+00:00,37.05705148167908,-8.164642062038183,152,2026-01-23T13:03:23.760033+00:00,619,1,2.362,53.28,141.72,326.456,1,Start,1,273,37.0567059,-8.1664512,165,257,329,72,34
2026-01-23T12:53:27+00:00,37.05707194749266,-8.164655333384871,152,2026-01-23T13:03:23.760033+00:00,619,1,2.562,55.843,153.72,332.639,1,Start,1,273,37.0567059,-8.1664512,164,256,330,74,36
2026-01-23T12:53:28+00:00,37.05709241330624,-8.16466860473156,152,2026-01-23T13:03:23.760033+00:00,619,1,2.562,58.405,153.72,332.639,1,Start,1,273,37.0567059,-8.1664512,164,255,330,75,37
2026-01-23T12:53:29+00:00,37.05711287911981,-8.164681876078248,152,2026-01-23T13:03:23.760033+00:00,619,1,2.562,60.967,153.72,332.639,1,Start,1,273,37.0567059,-8.1664512,163,254,332,78,40
2026-01-23T12:53:30+00:00,37.05713334493339,-8.164695147424936,153,2026-01-23T13:03:23.760033+00:00,619,1,2.562,63.53,153.72,332.639,1,Start,1,273,37.0567059,-8.1664512,163,253,332,79,41
2026-01-23T12:53:31+00:00,37.05715381074697,-8.164708418771625,153,2026-01-23T13:03:23.760033+00:00,619,1,2.562,66.092,153.72,332.639,1,Start,1,273,37.0567059,-8.1664512,162,252,332,80,42
2026-01-23T12:53:32+00:00,37.057174276560545,-8.164721690118313,153,2026-01-23T13:03:23.760033+00:00,619,1,2.562,68.655,153.72,332.639,1,Start,1,273,37.0567059,-8.1664512,162,251,331,80,42
2026-01-23T12:53:33+00:00,37.05719418358058,-8.164736819453537,153,2026-01-23T13:03:23.760033+00:00,619,1,2.589,71.243,155.34,328.763,1,Start,1,273,37.0567059,-8.1664512,162,250,331,81,43
2026-01-23T12:53:34+00:00,37.05721409060061,-8.164751948788762,153,2026-01-23T13:03:23.760033+00:00,619,1,2.589,73.832,155.34,328.763,1,Start,1,273,37.0567059,-8.1664512,161,249,331,82,44
2026-01-23T12:53:35+00:00,37.057237504050136,-8.164768069982529,153,2026-01-23T13:03:23.760033+00:00,619,1,2.971,76.803,178.26,331.212,1,Start,1,273,37.0567059,-8.1664512,161,248,330,82,44
2026-01-23T12:53:36+00:00,37.05726091749966,-8.164784191176295,153,2026-01-23T13:03:23.760033+00:00,619,1,2.971,79.774,178.26,331.212,1,Start,1,273,37.0567059,-8.1664512,160,247,329,82,44
2026-01-23T12:53:37+00:00,37.05728433094919,-8.164800312370062,153,2026-01-23T13:03:23.760033+00:00,619,1,2.971,82.744,178.26,331.212,1,Start,1,273,37.0567059,-8.1664512,160,246,328,82,44
2026-01-23T12:53:38+00:00,37.0573024568148,-8.164816154167056,153,2026-01-23T13:03:23.760033+00:00,619,1,2.457,85.201,147.42,325.105,1,Start,1,273,37.0567059,-8.1664512,160,245,328,83,45
2026-01-23T12:53:39+00:00,37.0573205826804,-8.16483199596405,154,2026-01-23T13:03:23.760033+00:00,619,1,2.457,87.659,147.42,325.105,1,Start,1,273,37.0567059,-8.1664512,159,245,326,81,43
2026-01-23T12:53:40+00:00,37.05733870854601,-8.164847837761045,154,2026-01-23T13:03:23.760033+00:00,619,1,2.457,90.116,147.42,325.105,1,Start,1,273,37.0567059,-8.1664512,159,244,324,80,42
2026-01-23T12:53:41+00:00,37.05735683441162,-8.164863679558039,154,2026-01-23T13:03:23.760033+00:00,619,1,2.457,92.573,147.42,325.105,1,Start,1,273,37.0567059,-8.1664512,158,243,323,80,42
2026-01-23T12:53:42+00:00,37.05737535841763,-8.164884271100163,154,2026-01-23T13:03:23.760033+00:00,619,1,2.753,95.327,165.18,318.424,1,Start,1,273,37.0567059,-8.1664512,158,242,321,79,41
2026-01-23T12:53:43+00:00,37.05739388242364,-8.164904862642288,153,2026-01-23T13:03:23.760033+00:00,619,1,2.753,98.08,165.18,318.424,1,Start,1,273,37.0567059,-8.1664512,157,241,320,79,41
2026-01-23T12:53:44+00:00,37.05741240642965,-8.164925454184413,153,2026-01-23T13:03:23.760033+00:00,619,1,2.753,100.834,165.18,318.424,1,Start,1,273,37.0567059,-8.1664512,157,240,318,78,40
2026-01-23T12:53:45+00:00,37.05743109807372,-8.16494794562459,152,2026-01-23T13:03:23.760033+00:00,619,1,2.882,103.715,172.92,316.161,1,Start,1,273,37.0567059,-8.1664512,156,239,317,78,40
2026-01-23T12:53:46+00:00,37.05744978971779,-8.164970437064767,152,2026-01-23T13:03:23.760033+00:00,619,1,2.882,106.597,172.92,316.161,1,Start,1,273,37.0567059,-8.1664512,155,238,318,80,42
2026-01-23T12:53:47+00:00,37.057468481361866,-8.164992928504944,151,2026-01-23T13:03:23.760033+00:00,619,1,2.882,109.478,172.92,316.161,1,Start,1,273,37.0567059,-8.1664512,155,237,318,81,43
2026-01-23T12:53:48+00:00,37.057486083358526,-8.165013045072556,150,2026-01-23T13:03:23.760033+00:00,619,1,2.649,112.127,158.94,317.634,1,Start,1,273,37.0567059,-8.1664512,154,236,319,83,45
2026-01-23T12:53:49+00:00,37.05750245600939,-8.165029808878899,150,2026-01-23T13:03:23.760033+00:00,619,1,2.351,114.478,141.06,320.748,1,Start,1,273,37.0567059,-8.1664512,154,235,319,84,46
2026-01-23T12:53:50+00:00,37.05751882866025,-8.165046572685242,149,2026-01-23T13:03:23.760033+00:00,619,1,2.351,116.829,141.06,320.748,1,Start,1,273,37.0567059,-8.1664512,154,234,320,86,48
2026-01-23T12:53:51+00:00,37.05753520131111,-8.165063336491585,149,2026-01-23T13:03:23.760033+00:00,619,1,2.351,119.18,141.06,320.748,1,Start,1,273,37.0567059,-8.1664512,154,233,320,87,49
2026-01-23T12:53:52+00:00,37.05755471717566,-8.165083550848067,149,2026-01-23T13:03:23.760033+00:00,619,1,2.815,121.996,168.9,320.423,1,Start,1,273,37.0567059,-8.1664512,154,232,320,88,50
2026-01-23T12:53:53+00:00,37.057574233040214,-8.165103765204549,150,2026-01-23T13:03:23.760033+00:00,619,1,2.815,124.811,168.9,320.423,1,Start,1,273,37.0567059,-8.1664512,154,231,321,90,52
2026-01-23T12:53:54+00:00,37.057593748904765,-8.16512397956103,150,2026-01-23T13:03:23.760033+00:00,619,1,2.815,127.627,168.9,320.423,1,Start,1,273,37.0567059,-8.1664512,154,230,320,90,52
2026-01-23T12:53:55+00:00,37.05761326476931,-8.165144193917513,150,2026-01-23T13:03:23.760033+00:00,619,1,2.815,130.442,168.9,320.423,1,Start,1,273,37.0567059,-8.1664512,154,229,320,91,53
2026-01-23T12:53:56+00:00,37.05763278063387,-8.165164408273995,151,2026-01-23T13:03:23.760033+00:00,619,1,2.815,133.258,168.9,320.423,1,Start,1,273,37.0567059,-8.1664512,154,228,320,92,54
2026-01-23T12:53:57+00:00,37.05765229649842,-8.165184622630477,151,2026-01-23T13:03:23.760033+00:00,619,1,2.815,136.073,168.9,320.423,1,Start,1,273,37.0567059,-8.1664512,154,227,319,92,54
2026-01-23T12:53:58+00:00,37.05767341889441,-8.165209097787738,152,2026-01-23T13:03:23.760033+00:00,619,1,3.199,139.272,191.94,317.24,1,Start,1,273,37.0567059,-8.1664512,154,226,319,93,55
2026-01-23T12:53:59+00:00,37.05769201274961,-8.165230136364698,152,2026-01-23T13:03:23.760033+00:00,619,1,2.786,142.058,167.16,317.919,1,Start,1,273,37.0567059,-8.1664512,154,225,319,94,56
2026-01-23T12:54:00+00:00,37.057710606604815,-8.165251174941659,151,2026-01-23T13:03:23.760033+00:00,619,1,2.786,144.843,167.16,317.919,1,Start,1,273,37.0567059,-8.1664512,154,224,318,94,56
2026-01-23T12:54:01+00:00,37.05772920046002,-8.16527221351862,151,2026-01-23T13:03:23.760033+00:00,619,1,2.786,147.629,167.16,317.919,1,Start,1,273,37.0567059,-8.1664512,155,223,318,95,57
2026-01-23T12:54:02+00:00,37.05774779431522,-8.16529325209558,151,2026-01-23T13:03:23.760033+00:00,619,1,2.786,150.415,167.16,317.919,1,Start,1,273,37.0567059,-8.1664512,155,222,318,96,58
2026-01-23T12:54:03+00:00,37.05776638817042,-8.16531429067254,150,2026-01-23T13:03:23.760033+00:00,619,1,2.786,153.2,167.16,317.919,1,Start,1,273,37.0567059,-8.1664512,155,221,317,96,58
2026-01-23T12:54:04+00:00,37.05778498202562,-8.165335329249501,150,2026-01-23T13:03:23.760033+00:00,619,1,2.786,155.986,167.16,317.919,1,Start,1,273,37.0567059,-8.1664512,156,220,315,95,57
2026-01-23T12:54:05+00:00,37.05780643969774,-8.165361061692238,151,2026-01-23T13:03:23.760033+00:00,619,1,3.303,159.289,198.18,316.258,1,Start,1,273,37.0567059,-8.1664512,156,218,314,96,58
2026-01-23T12:54:06+00:00,37.05781813245267,-8.165378286503255,151,2026-01-23T13:03:23.760033+00:00,619,1,2.007,161.295,120.42,310.386,1,Start,1,273,37.0567059,-8.1664512,156,218,313,95,57
2026-01-23T12:54:07+00:00,37.05782982520759,-8.165395511314273,151,2026-01-23T13:03:23.760033+00:00,619,1,2.007,163.302,120.42,310.386,1,Start,1,273,37.0567059,-8.1664512,156,217,312,95,57
2026-01-23T12:54:08+00:00,37.057841517962515,-8.16541273612529,150,2026-01-23T13:03:23.760033+00:00,619,1,2.007,165.309,120.42,310.386,1,Start,1,273,37.0567059,-8.1664512,156,216,302,86,48
2026-01-23T12:54:09+00:00,37.05785321071744,-8.165429960936308,150,2026-01-23T13:03:23.760033+00:00,619,1,2.007,167.315,120.42,310.386,1,Start,1,273,37.0567059,-8.1664512,156,215,294,79,41
2026-01-23T12:54:10+00:00,37.05786490347237,-8.165447185747325,150,2026-01-23T13:03:23.760033+00:00,619,1,2.007,169.322,120.42,310.386,1,Start,1,273,37.0567059,-8.1664512,157,215,285,70,32
2026-01-23T12:54:11+00:00,37.05787659622729,-8.165464410558343,150,2026-01-23T13:03:23.760033+00:00,619,1,2.007,171.329,120.42,310.386,1,Start,1,273,37.0567059,-8.1664512,157,214,276,62,24
2026-01-23T12:54:12+00:00,37.057886403054,-8.165480000898242,150,2026-01-23T13:03:23.760033+00:00,619,1,1.762,173.09,105.72,308.246,1,Start,1,273,37.0567059,-8.1664512,157,213,270,57,19
2026-01-23T12:54:13+00:00,37.057883511297405,-8.165491609834135,150,2026-01-23T13:03:23.760033+00:00,619,1,1.079,174.169,64.74,252.665,1,Start,1,273,37.0567059,-8.1664512,156,213,265,52,14
2026-01-23T12:54:14+00:00,37.05788061954081,-8.165503218770027,150,2026-01-23T13:03:23.760033+00:00,619,1,1.079,175.248,64.74,252.665,1,Start,1,273,37.0567059,-8.1664512,155,213,265,52,14
2026-01-23T12:54:15+00:00,37.057867019902915,-8.165514953434467,150,2026-01-23T13:03:23.760033+00:00,619,1,1.836,177.085,110.16,214.551,1,Start,1,273,37.0567059,-8.1664512,154,213,255,42,4
2026-01-23T12:54:16+00:00,37.05785342026502,-8.165526688098907,150,2026-01-23T13:03:23.760033+00:00,619,1,1.836,178.921,110.16,214.551,1,Start,1,273,37.0567059,-8.1664512,152,213,245,32,-6
2026-01-23T12:54:17+00:00,37.05783982062712,-8.165538422763348,150,2026-01-23T13:03:23.760033+00:00,619,1,1.836,180.757,110.16,214.551,1,Start,1,273,37.0567059,-8.1664512,150,213,239,26,-12
2026-01-23T12:54:18+00:00,37.05782622098923,-8.165550157427788,150,2026-01-23T13:03:23.760033+00:00,619,1,1.836,182.593,110.16,214.551,1,Start,1,273,37.0567059,-8.1664512,148,213,231,18,-20
2026-01-23T12:54:19+00:00,37.05780623015016,-8.165569854900241,150,2026-01-23T13:03:23.760033+00:00,619,1,2.828,185.42,169.68,218.179,1,Start,1,273,37.0567059,-8.1664512,145,213,218,5,-33
2026-01-23T12:54:20+00:00,37.0577862393111,-8.165589552372694,151,2026-01-23T13:03:23.760033+00:00,619,1,2.828,188.248,169.68,218.179,1,Start,1,273,37.0567059,-8.1664512,142,212,218,6,-32
2026-01-23T12:54:21+00:00,37.05776779912412,-8.165610255673528,151,2026-01-23T13:03:23.760033+00:00,619,1,2.753,191.001,165.18,221.859,1,Start,1,273,37.0567059,-8.1664512,140,212,219,7,-31
2026-01-23T12:54:22+00:00,37.05775212496519,-8.165629785507917,153,2026-01-23T13:03:23.760033+00:00,619,1,2.458,193.459,147.48,224.837,1,Start,1,273,37.0567059,-8.1664512,137,212,220,8,-30
2026-01-23T12:54:23+00:00,37.0577331148088,-8.165648996829987,153,2026-01-23T13:03:23.760033+00:00,619,1,2.716,196.175,162.96,218.885,1,Start,1,273,37.0567059,-8.1664512,135,212,220,8,-30
2026-01-23T12:54:24+00:00,37.057714104652405,-8.165668208152056,153,2026-01-23T13:03:23.760033+00:00,619,1,2.716,198.89,162.96,218.885,1,Start,1,273,37.0567059,-8.1664512,132,212,220,8,-30
2026-01-23T12:54:25+00:00,37.05769509449601,-8.165687419474125,153,2026-01-23T13:03:23.760033+00:00,619,1,2.716,201.606,162.96,218.885,1,Start,1,273,37.0567059,-8.1664512,129,212,219,7,-31
2026-01-23T12:54:26+00:00,37.05767608433962,-8.165706630796194,153,2026-01-23T13:03:23.760033+00:00,619,1,2.716,204.322,162.96,218.885,1,Start,1,273,37.0567059,-8.1664512,127,211,218,7,-31
2026-01-23T12:54:27+00:00,37.057657074183226,-8.165725842118263,153,2026-01-23T13:03:23.760033+00:00,619,1,2.716,207.037,162.96,218.885,1,Start,1,273,37.0567059,-8.1664512,124,211,218,7,-31
2026-01-23T12:54:28+00:00,37.05763678997755,-8.165745036676526,153,2026-01-23T13:03:23.760033+00:00,619,1,2.826,209.863,169.56,217.059,1,Start,1,273,37.0567059,-8.1664512,121,211,218,7,-31
2026-01-23T12:54:29+00:00,37.057616505771875,-8.165764231234789,152,2026-01-23T13:03:23.760033+00:00,619,1,2.826,212.69,169.56,217.059,1,Start,1,273,37.0567059,-8.1664512,118,211,218,7,-31
2026-01-23T12:54:30+00:00,37.0575962215662,-8.165783425793052,152,2026-01-23T13:03:23.760033+00:00,619,1,2.826,215.516,169.56,217.059,1,Start,1,273,37.0567059,-8.1664512,115,211,217,6,-32
2026-01-23T12:54:31+00:00,37.05757660791278,-8.165801893919706,152,2026-01-23T13:03:23.760033+00:00,619,1,2.728,218.244,163.68,216.922,1,Start,1,273,37.0567059,-8.1664512,113,211,217,6,-32
2026-01-23T12:54:32+00:00,37.05755699425936,-8.165820362046361,152,2026-01-23T13:03:23.760033+00:00,619,1,2.728,220.972,163.68,216.922,1,Start,1,273,37.0567059,-8.1664512,110,211,217,6,-32
2026-01-23T12:54:33+00:00,37.057537380605936,-8.165838830173016,152,2026-01-23T13:03:23.760033+00:00,619,1,2.728,223.7,163.68,216.922,1,Start,1,273,37.0567059,-8.1664512,107,210,217,7,-31
2026-01-23T12:54:34+00:00,37.057517766952515,-8.16585729829967,151,2026-01-23T13:03:23.760033+00:00,619,1,2.728,226.428,163.68,216.922,1,Start,1,273,37.0567059,-8.1664512,105,210,216,6,-32
2026-01-23T12:54:35+00:00,37.05749815329909,-8.165875766426325,151,2026-01-23T13:03:23.760033+00:00,619,1,2.728,229.156,163.68,216.922,1,Start,1,273,37.0567059,-8.1664512,102,210,215,5,-33
2026-01-23T12:54:36+00:00,37.05747853964567,-8.16589423455298,151,2026-01-23T13:03:23.760033+00:00,619,1,2.728,231.884,163.68,216.922,1,Start,1,273,37.0567059,-8.1664512,99,210,214,4,-34
2026-01-23T12:54:37+00:00,37.057458478957415,-8.165908204391599,150,2026-01-23T13:03:23.760033+00:00,619,1,2.552,234.436,153.12,209.062,1,Start,1,273,37.0567059,-8.1664512,97,210,213,3,-35
2026-01-23T12:54:38+00:00,37.05743841826916,-8.165922174230218,149,2026-01-23T13:03:23.760033+00:00,619,1,2.552,236.988,153.12,209.062,1,Start,1,273,37.0567059,-8.1664512,94,210,212,2,-36
2026-01-23T12:54:39+00:00,37.0574183575809,-8.165936144068837,148,2026-01-23T13:03:23.760033+00:00,619,1,2.552,239.54,153.12,209.062,1,Start,1,273,37.0567059,-8.1664512,91,210,211,1,-37
2026-01-23T12:54:40+00:00,37.05739715136587,-8.165952628478408,148,2026-01-23T13:03:23.760033+00:00,619,1,2.775,242.315,166.5,211.813,1,Start,1,273,37.0567059,-8.1664512,89,210,211,1,-37
2026-01-23T12:54:41+00:00,37.05737594515085,-8.165969112887979,148,2026-01-23T13:03:23.760033+00:00,619,1,2.775,245.09,166.5,211.813,1,Start,1,273,37.0567059,-8.1664512,86,210,211,1,-37
2026-01-23T12:54:42+00:00,37.05735473893583,-8.16598559729755,148,2026-01-23T13:03:23.760033+00:00,619,1,2.775,247.865,166.5,211.813,1,Start,1,273,37.0567059,-8.1664512,83,210,212,2,-36
2026-01-23T12:54:43+00:00,37.057335753925145,-8.166000922210515,148,2026-01-23T13:03:23.760033+00:00,619,1,2.511,250.376,150.66,212.789,1,Start,1,273,37.0567059,-8.1664512,81,210,212,2,-36
2026-01-23T12:54:44+00:00,37.05731676891446,-8.16601624712348,148,2026-01-23T13:03:23.760033+00:00,619,1,2.511,252.887,150.66,212.789,1,Start,1,273,37.0567059,-8.1664512,78,210,213,3,-35
2026-01-23T12:54:45+00:00,37.05729778390378,-8.166031572036445,148,2026-01-23T13:03:23.760033+00:00,619,1,2.511,255.398,150.66,212.789,1,Start,1,273,37.0567059,-8.1664512,76,210,213,3,-35
2026-01-23T12:54:46+00:00,37.057278798893094,-8.16604689694941,148,2026-01-23T13:03:23.760033+00:00,619,1,2.511,257.91,150.66,212.789,1,Start,1,273,37.0567059,-8.1664512,73,209,214,5,-33
2026-01-23T12:54:47+00:00,37.05725981388241,-8.166062221862376,148,2026-01-23T13:03:23.760033+00:00,619,1,2.511,260.421,150.66,212.789,1,Start,1,273,37.0567059,-8.1664512,71,209,214,5,-33
2026-01-23T12:54:48+00:00,37.05724082887173,-8.166077546775341,148,2026-01-23T13:03:23.760033+00:00,619,1,2.511,262.932,150.66,212.789,1,Start,1,273,37.0567059,-8.1664512,68,209,214,5,-33
2026-01-23T12:54:49+00:00,37.05722423270345,-8.166093807667494,148,2026-01-23T13:03:23.760033+00:00,619,1,2.343,265.274,140.58,218.022,1,Start,1,273,37.0567059,-8.1664512,66,209,214,5,-33
2026-01-23T12:54:50+00:00,37.05720364116132,-8.166111828759313,148,2026-01-23T13:03:23.760033+00:00,619,1,2.793,268.067,167.58,214.931,1,Start,1,273,37.0567059,-8.1664512,63,209,215,6,-32
2026-01-23T12:54:51+00:00,37.0571830496192,-8.166129849851131,148,2026-01-23T13:03:23.760033+00:00,619,1,2.793,270.86,167.58,214.931,1,Start,1,273,37.0567059,-8.1664512,60,208,216,8,-30
2026-01-23T12:54:52+00:00,37.05716245807707,-8.16614787094295,148,2026-01-23T13:03:23.760033+00:00,619,1,2.793,273.653,167.58,214.931,1,Start,1,273,37.0567059,-8.1664512,57,208,218,10,-28
2026-01-23T12:54:53+00:00,37.05714567331597,-8.16616536816582,148,2026-01-23T13:03:23.760033+00:00,619,1,2.428,276.081,145.68,219.757,1,Start,1,273,37.0567059,-8.1664512,55,207,217,10,-28
2026-01-23T12:54:54+00:00,37.05712888855487,-8.166182865388691,147,2026-01-23T13:03:23.760033+00:00,619,1,2.428,278.508,145.68,219.757,1,Start,1,273,37.0567059,-8.1664512,53,207,216,9,-29
2026-01-23T12:54:55+00:00,37.05711210379377,-8.166200362611562,146,2026-01-23T13:03:23.760033+00:00,619,1,2.428,280.936,145.68,219.757,1,Start,1,273,37.0567059,-8.1664512,50,206,216,10,-28
2026-01-23T12:54:56+00:00,37.05709531903267,-8.166217859834433,146,2026-01-23T13:03:23.760033+00:00,619,1,2.428,283.364,145.68,219.757,1,Start,1,273,37.0567059,-8.1664512,48,206,216,10,-28
2026-01-23T12:54:57+00:00,37.05707568442449,-8.166232423391193,146,2026-01-23T13:03:23.760033+00:00,619,1,2.537,285.901,152.22,210.622,1,Start,1,273,37.0567059,-8.1664512,45,205,215,10,-28
2026-01-23T12:54:58+00:00,37.05705604981631,-8.166246986947954,145,2026-01-23T13:03:23.760033+00:00,619,1,2.537,288.438,152.22,210.622,1,Start,1,273,37.0567059,-8.1664512,43,205,214,9,-29
2026-01-23T12:54:59+00:00,37.05703641520813,-8.166261550504714,144,2026-01-23T13:03:23.760033+00:00,619,1,2.537,290.975,152.22,210.622,1,Start,1,273,37.0567059,-8.1664512,40,205,213,8,-30
2026-01-23T12:55:00+00:00,37.05701678059995,-8.166276114061475,144,2026-01-23T13:03:23.760033+00:00,619,1,2.537,293.512,152.22,210.622,1,Start,1,273,37.0567059,-8.1664512,38,204,212,8,-30
2026-01-23T12:55:01+00:00,37.05699715297669,-8.166292109526694,144,2026-01-23T13:03:23.760033+00:00,619,1,2.603,296.116,156.18,213.038,1,Start,1,273,37.0567059,-8.1664512,35,204,212,8,-30
2026-01-23T12:55:02+00:00,37.05697752535343,-8.166308104991913,144,2026-01-23T13:03:23.760033+00:00,619,1,2.603,298.719,156.18,213.038,1,Start,1,273,37.0567059,-8.1664512,33,203,212,9,-29
2026-01-23T12:55:03+00:00,37.05695789773017,-8.166324100457132,144,2026-01-23T13:03:23.760033+00:00,619,1,2.603,301.323,156.18,213.038,1,Start,1,273,37.0567059,-8.1664512,30,202,213,11,-27
2026-01-23T12:55:04+00:00,37.05693827010691,-8.16634009592235,145,2026-01-23T13:03:23.760033+00:00,619,1,2.603,303.926,156.18,213.038,1,Start,1,273,37.0567059,-8.1664512,28,201,214,13,-25
2026-01-23T12:55:05+00:00,37.05691864248365,-8.16635609138757,145,2026-01-23T13:03:23.760033+00:00,619,1,2.603,306.53,156.18,213.038,1,Start,1,273,37.0567059,-8.1664512,25,200,213,13,-25
2026-01-23T12:55:06+00:00,37.05689901486039,-8.166372086852789,145,2026-01-23T13:03:23.760033+00:00,619,1,2.603,309.133,156.18,213.038,1,Start,1,273,37.0567059,-8.1664512,23,198,212,14,-24
2026-01-23T12:55:07+00:00,37.05687428824603,-8.166397735476494,145,2026-01-23T13:03:23.760033+00:00,619,1,3.569,312.702,214.14,219.618,1,Start,1,273,37.0567059,-8.1664512,19,194,210,16,-22
2026-01-23T12:55:08+00:00,37.056851531378925,-8.166410936973989,145,2026-01-23T13:03:23.760033+00:00,619,1,2.788,315.491,167.28,204.842,1,Start,1,273,37.0567059,-8.1664512,17,192,209,17,-21
2026-01-23T12:55:09+00:00,37.056828774511814,-8.166424138471484,145,2026-01-23T13:03:23.760033+00:00,619,1,2.788,318.279,167.28,204.842,1,Start,1,273,37.0567059,-8.1664512,14,190,208,18,-20
2026-01-23T12:55:10+00:00,37.0568060176447,-8.16643733996898,145,2026-01-23T13:03:23.760033+00:00,619,1,2.788,321.068,167.28,204.842,2,1,2,83,37.0587796,-8.1441298,1992,84,207,123,
2026-01-23T12:55:11+00:00,37.05678326077759,-8.166450541466475,145,2026-01-23T13:03:23.760033+00:00,619,1,2.788,323.856,167.28,204.842,2,1,2,83,37.0587796,-8.1441298,1993,84,203,119,
2026-01-23T12:55:12+00:00,37.05676050391048,-8.16646374296397,145,2026-01-23T13:03:23.760033+00:00,619,1,2.788,326.645,167.28,204.842,2,1,2,83,37.0587796,-8.1441298,1995,84,198,114,
2026-01-23T12:55:13+00:00,37.05673774704337,-8.166476944461465,145,2026-01-23T13:03:23.760033+00:00,619,1,2.788,329.433,167.28,204.842,2,1,2,83,37.0587796,-8.1441298,1996,83,190,107,
2026-01-23T12:55:14+00:00,37.05671628937125,-8.166483985260129,145,2026-01-23T13:03:23.760033+00:00,619,1,2.466,331.899,147.96,194.674,2,1,2,83,37.0587796,-8.1441298,1997,83,180,97,
2026-01-23T12:55:15+00:00,37.05669868737459,-8.16647962667048,146,2026-01-23T13:03:23.760033+00:00,619,1,1.995,333.895,119.7,168.822,2,1,2,83,37.0587796,-8.1441298,1997,83,175,92,
2026-01-23T12:55:16+00:00,37.0566725358367,-8.166450415737927,146,2026-01-23T13:03:23.760033+00:00,619,1,3.896,337.79,233.76,138.286,2,1,2,83,37.0587796,-8.1441298,1994,83,159,76,
2026-01-23T12:55:17+00:00,37.0566463842988,-8.166421204805374,147,2026-01-23T13:03:23.760033+00:00,619,1,3.896,341.686,233.76,138.286,2,1,2,83,37.0587796,-8.1441298,1992,83,139,56,
2026-01-23T12:55:18+00:00,37.05663640983403,-8.166385916993022,149,2026-01-23T13:03:23.760033+00:00,619,1,3.322,345.008,199.32,109.504,2,1,2,83,37.0587796,-8.1441298,1989,83,110,27,
2026-01-23T12:55:19+00:00,37.0566376671195,-8.166330847889185,149,2026-01-23T13:03:23.760033+00:00,619,1,4.889,349.896,293.34,88.361,2,1,2,83,37.0587796,-8.1441298,1984,83,95,12,
2026-01-23T12:55:20+00:00,37.056646049022675,-8.166291452944279,150,2026-01-23T13:03:23.760033+00:00,619,1,3.618,353.514,217.08,75.072,2,1,2,83,37.0587796,-8.1441298,1981,83,80,3,
2026-01-23T12:55:21+00:00,37.05666390247643,-8.166243257001042,152,2026-01-23T13:03:23.760033+00:00,619,1,4.715,358.229,282.9,65.1,2,1,2,83,37.0587796,-8.1441298,1976,83,73,10,
2026-01-23T12:55:22+00:00,37.056681755930185,-8.166195061057806,153,2026-01-23T13:03:23.760033+00:00,619,1,4.715,362.944,282.9,65.1,2,1,2,83,37.0587796,-8.1441298,1972,83,70,13,
2026-01-23T12:55:23+00:00,37.056696033105254,-8.166142255067825,153,2026-01-23T13:03:23.760033+00:00,619,1,4.948,367.892,296.88,71.284,2,1,2,83,37.0587796,-8.1441298,1967,83,69,14,
2026-01-23T12:55:24+00:00,37.05671031028032,-8.166089449077845,153,2026-01-23T13:03:23.760033+00:00,619,1,4.948,372.84,296.88,71.284,2,1,2,83,37.0587796,-8.1441298,1962,83,72,11,
2026-01-23T12:55:25+00:00,37.05672458745539,-8.166036643087864,153,2026-01-23T13:03:23.760033+00:00,619,1,4.948,377.787,296.88,71.284,2,1,2,83,37.0587796,-8.1441298,1957,83,75,8,
2026-01-23T12:55:26+00:00,37.05672986805439,-8.166000483557582,153,2026-01-23T13:03:23.760033+00:00,619,1,3.262,381.049,195.72,79.63,2,1,2,83,37.0587796,-8.1441298,1954,83,77,6,
2026-01-23T12:55:27+00:00,37.05673514865339,-8.1659643240273,152,2026-01-23T13:03:23.760033+00:00,619,1,3.262,384.311,195.72,79.63,2,1,2,83,37.0587796,-8.1441298,1951,83,78,5,
2026-01-23T12:55:28+00:00,37.056740429252386,-8.165928164497018,152,2026-01-23T13:03:23.760033+00:00,619,1,3.262,387.573,195.72,79.63,2,1,2,83,37.0587796,-8.1441298,1948,83,78,5,
2026-01-23T12:55:29+00:00,37.056745709851384,-8.165892004966736,151,2026-01-23T13:03:23.760033+00:00,619,1,3.262,390.835,195.72,79.63,2,1,2,83,37.0587796,-8.1441298,1944,83,77,6,
2026-01-23T12:55:30+00:00,37.05675099045038,-8.165855845436454,151,2026-01-23T13:03:23.760033+00:00,619,1,3.262,394.097,195.72,79.63,2,1,2,83,37.0587796,-8.1441298,1941,83,74,9,
2026-01-23T12:55:31+00:00,37.05676882714033,-8.16581135429442,151,2026-01-23T13:03:23.760033+00:00,619,1,4.418,398.515,265.08,63.327,2,1,2,83,37.0587796,-8.1441298,1937,83,70,13,
2026-01-23T12:55:32+00:00,37.05678666383028,-8.165766863152385,151,2026-01-23T13:03:23.760033+00:00,619,1,4.418,402.934,265.08,63.327,2,1,2,83,37.0587796,-8.1441298,1933,83,67,16,
2026-01-23T12:55:33+00:00,37.05680450052023,-8.16572237201035,150,2026-01-23T13:03:23.760033+00:00,619,1,4.418,407.352,265.08,63.327,2,1,2,83,37.0587796,-8.1441298,1929,83,63,20,
2026-01-23T12:55:34+00:00,37.05682233721018,-8.165677880868316,150,2026-01-23T13:03:23.760033+00:00,619,1,4.418,411.77,265.08,63.327,2,1,2,83,37.0587796,-8.1441298,1924,83,61,22,
2026-01-23T12:55:35+00:00,37.05684017390013,-8.165633389726281,150,2026-01-23T13:03:23.760033+00:00,619,1,4.418,416.188,265.08,63.327,2,1,2,83,37.0587796,-8.1441298,1920,84,60,24,
2026-01-23T12:55:36+00:00,37.056865906342864,-8.165588853880763,151,2026-01-23T13:03:23.760033+00:00,619,1,4.879,421.067,292.74,54.095,2,1,2,83,37.0587796,-8.1441298,1916,84,58,26,
2026-01-23T12:55:37+00:00,37.0568916387856,-8.165544318035245,151,2026-01-23T13:03:23.760033+00:00,619,1,4.879,425.946,292.74,54.095,2,1,2,83,37.0587796,-8.1441298,1912,84,61,23,
2026-01-23T12:55:38+00:00,37.05691737122834,-8.165499782189727,152,2026-01-23T13:03:23.760033+00:00,619,1,4.879,430.825,292.74,54.095,2,1,2,83,37.0587796,-8.1441298,1908,84,65,19,
2026-01-23T12:55:39+00:00,37.05692349001765,-8.16544886212796,153,2026-01-23T13:03:23.760033+00:00,619,1,4.569,435.395,274.14,81.437,2,1,2,83,37.0587796,-8.1441298,1903,84,74,10,
2026-01-23T12:55:40+00:00,37.05692960880697,-8.165397942066193,154,2026-01-23T13:03:23.760033+00:00,619,1,4.569,439.964,274.14,81.437,2,1,2,83,37.0587796,-8.1441298,1898,84,84,0,
2026-01-23T12:55:41+00:00,37.056921436451375,-8.16534454934299,154,2026-01-23T13:03:23.760033+00:00,619,1,4.824,444.789,289.44,100.857,2,1,2,83,37.0587796,-8.1441298,1894,84,88,4,
2026-01-23T12:55:42+00:00,37.05691326409578,-8.165291156619787,155,2026-01-23T13:03:23.760033+00:00,619,1,4.824,449.613,289.44,100.857,2,1,2,83,37.0587796,-8.1441298,1889,84,90,6,
2026-01-23T12:55:43+00:00,37.05692269373685,-8.16523579414934,156,2026-01-23T13:03:23.760033+00:00,619,1,5.023,454.636,301.38,77.952,2,1,2,83,37.0587796,-8.1441298,1884,84,87,3,
2026-01-23T12:55:44+00:00,37.05693212337792,-8.165180431678891,156,2026-01-23T13:03:23.760033+00:00,619,1,5.023,459.66,301.38,77.952,2,1,2,83,37.0587796,-8.1441298,1879,84,78,6,
2026-01-23T12:55:45+00:00,37.05694008618593,-8.165135700255632,157,2026-01-23T13:03:23.760033+00:00,619,1,4.067,463.727,244.02,77.425,2,1,2,83,37.0587796,-8.1441298,1875,84,78,6,
2026-01-23T12:55:46+00:00,37.056948048993945,-8.165090968832374,157,2026-01-23T13:03:23.760033+00:00,619,1,4.067,467.794,244.02,77.425,2,1,2,83,37.0587796,-8.1441298,1871,84,74,10,
2026-01-23T12:55:47+00:00,37.05695601180196,-8.165046237409115,158,2026-01-23T13:03:23.760033+00:00,619,1,4.067,471.861,244.02,77.425,2,1,2,83,37.0587796,-8.1441298,1867,84,71,13,
2026-01-23T12:55:48+00:00,37.056973753497005,-8.165006646886468,158,2026-01-23T13:03:23.760033+00:00,619,1,4.029,475.89,241.74,60.684,2,1,2,83,37.0587796,-8.1441298,1863,84,67,17,
2026-01-23T12:55:49+00:00,37.05699149519205,-8.164967056363821,159,2026-01-23T13:03:23.760033+00:00,619,1,4.029,479.919,241.74,60.684,2,1,2,83,37.0587796,-8.1441298,1860,84,63,21,
2026-01-23T12:55:50+00:00,37.0570092368871,-8.164927465841174,159,2026-01-23T13:03:23.760033+00:00,619,1,4.029,483.948,241.74,60.684,2,1,2,83,37.0587796,-8.1441298,1856,84,58,26,
2026-01-23T12:55:51+00:00,37.05703407526016,-8.164883349090815,158,2026-01-23T13:03:23.760033+00:00,619,1,4.791,488.739,287.46,54.797,2,1,2,83,37.0587796,-8.1441298,1852,84,57,27,
2026-01-23T12:55:52+00:00,37.05705891363323,-8.164839232340455,156,2026-01-23T13:03:23.760033+00:00,619,1,4.791,493.53,287.46,54.797,2,1,2,83,37.0587796,-8.1441298,1848,84,59,25,
2026-01-23T12:55:53+00:00,37.05708375200629,-8.164795115590096,155,2026-01-23T13:03:23.760033+00:00,619,1,4.791,498.321,287.46,54.797,2,1,2,83,37.0587796,-8.1441298,1843,84,61,23,
2026-01-23T12:55:54+00:00,37.05709661822766,-8.164752745069563,154,2026-01-23T13:03:23.760033+00:00,619,1,4.023,502.344,241.38,69.168,2,1,2,83,37.0587796,-8.1441298,1840,84,70,14,
2026-01-23T12:55:55+00:00,37.05710948444903,-8.164710374549031,152,2026-01-23T13:03:23.760033+00:00,619,1,4.023,506.367,241.38,69.168,2,1,2,83,37.0587796,-8.1441298,1836,84,79,5,
2026-01-23T12:55:56+00:00,37.05710076726973,-8.164660439360887,152,2026-01-23T13:03:23.760033+00:00,619,1,4.536,510.903,272.16,102.339,2,1,2,83,37.0587796,-8.1441298,1831,84,89,5,
2026-01-23T12:55:57+00:00,37.05709205009043,-8.164610504172742,152,2026-01-23T13:03:23.760033+00:00,619,1,4.536,515.439,272.16,102.339,2,1,2,83,37.0587796,-8.1441298,1827,84,96,12,
2026-01-23T12:55:58+00:00,37.057083332911134,-8.164560568984598,151,2026-01-23T13:03:23.760033+00:00,619,1,4.536,519.975,272.16,102.339,2,1,2,83,37.0587796,-8.1441298,1823,84,98,14,
2026-01-23T12:55:59+00:00,37.057074615731835,-8.164510633796453,151,2026-01-23T13:03:23.760033+00:00,619,1,4.536,524.51,272.16,102.339,2,1,2,83,37.0587796,-8.1441298,1818,84,95,11,
2026-01-23T12:56:00+00:00,37.05707937665284,-8.1644626557827,151,2026-01-23T13:03:23.760033+00:00,619,1,4.29,528.801,257.4,82.912,2,1,2,83,37.0587796,-8.1441298,1814,84,91,7,
2026-01-23T12:56:01+00:00,37.05708413757384,-8.164414677768946,151,2026-01-23T13:03:23.760033+00:00,619,1,4.29,533.091,257.4,82.912,2,1,2,83,37.0587796,-8.1441298,1810,84,87,3,
2026-01-23T12:56:02+00:00,37.05708889849484,-8.164366699755192,152,2026-01-23T13:03:23.760033+00:00,619,1,4.29,537.381,257.4,82.912,2,1,2,83,37.0587796,-8.1441298,1806,84,83,1,
2026-01-23T12:56:03+00:00,37.05709365941584,-8.164318721741438,152,2026-01-23T13:03:23.760033+00:00,619,1,4.29,541.671,257.4,82.912,2,1,2,83,37.0587796,-8.1441298,1801,84,83,1,
2026-01-23T12:56:04+00:00,37.05709842033684,-8.164270743727684,152,2026-01-23T13:03:23.760033+00:00,619,1,4.29,545.962,257.4,82.912,2,1,2,83,37.0587796,-8.1441298,1797,84,77,7,
2026-01-23T12:56:05+00:00,37.05712576210499,-8.164214769378304,152,2026-01-23T13:03:23.760033+00:00,619,1,5.824,551.785,349.44,58.53,2,1,2,83,37.0587796,-8.1441298,1792,84,67,17,
2026-01-23T12:56:06+00:00,37.057153103873134,-8.164158795028925,152,2026-01-23T13:03:23.760033+00:00,619,1,5.824,557.609,349.44,58.53,2,1,2,83,37.0587796,-8.1441298,1786,84,59,25,
2026-01-23T12:56:07+00:00,37.05718044564128,-8.164102820679545,153,2026-01-23T13:03:23.760033+00:00,619,1,5.824,563.432,349.44,58.53,2,1,2,83,37.0587796,-8.1441298,1781,84,59,25,
2026-01-23T12:56:08+00:00,37.057207787409425,-8.164046846330166,153,2026-01-23T13:03:23.760033+00:00,619,1,5.824,569.256,349.44,58.53,2,1,2,83,37.0587796,-8.1441298,1776,84,59,25,
2026-01-23T12:56:09+00:00,37.05723512917757,-8.163990871980786,153,2026-01-23T13:03:23.760033+00:00,619,1,5.824,575.08,349.44,58.53,2,1,2,83,37.0587796,-8.1441298,1771,84,72,12,
2026-01-23T12:56:10+00:00,37.05724426545203,-8.163938988000154,152,2026-01-23T13:03:23.760033+00:00,619,1,4.715,579.794,282.9,77.557,2,1,2,83,37.0587796,-8.1441298,1766,84,77,7,
2026-01-23T12:56:11+00:00,37.0572423376143,-8.163901939988136,151,2026-01-23T13:03:23.760033+00:00,619,1,3.295,583.089,197.7,93.731,2,1,2,83,37.0587796,-8.1441298,1763,84,77,7,
2026-01-23T12:56:12+00:00,37.05725125037134,-8.163849133998156,151,2026-01-23T13:03:23.760033+00:00,619,1,4.79,587.878,287.4,78.058,2,1,2,83,37.0587796,-8.1441298,1758,84,81,3,
2026-01-23T12:56:13+00:00,37.057260163128376,-8.163796328008175,152,2026-01-23T13:03:23.760033+00:00,619,1,4.79,592.668,287.4,78.058,2,1,2,83,37.0587796,-8.1441298,1753,84,81,3,
2026-01-23T12:56:14+00:00,37.057269075885415,-8.163743522018194,152,2026-01-23T13:03:23.760033+00:00,619,1,4.79,597.458,287.4,78.058,2,1,2,83,37.0587796,-8.1441298,1749,84,78,6,
2026-01-23T12:56:15+00:00,37.05728022381663,-8.163686748594046,152,2026-01-23T13:03:23.760033+00:00,619,1,5.188,602.646,311.28,76.177,2,1,2,83,37.0587796,-8.1441298,1743,85,77,8,
2026-01-23T12:56:16+00:00,37.05729137174785,-8.163629975169897,152,2026-01-23T13:03:23.760033+00:00,619,1,5.188,607.834,311.28,76.177,2,1,2,83,37.0587796,-8.1441298,1738,85,76,9,
2026-01-23T12:56:17+00:00,37.05730251967907,-8.163573201745749,152,2026-01-23T13:03:23.760033+00:00,619,1,5.188,613.022,311.28,76.177,2,1,2,83,37.0587796,-8.1441298,1733,85,75,10,
2026-01-23T12:56:18+00:00,37.05731802619994,-8.163514863699675,152,2026-01-23T13:03:23.760033+00:00,619,1,5.456,618.478,327.36,71.578,2,1,2,83,37.0587796,-8.1441298,1728,85,71,14,
2026-01-23T12:56:19+00:00,37.05733680166304,-8.163462309166789,152,2026-01-23T13:03:23.760033+00:00,619,1,5.11,623.588,306.6,65.883,2,1,2,83,37.0587796,-8.1441298,1723,85,65,20,
2026-01-23T12:56:20+00:00,37.057355577126145,-8.163409754633904,153,2026-01-23T13:03:23.760033+00:00,619,1,5.11,628.697,306.6,65.883,2,1,2,83,37.0587796,-8.1441298,1718,85,59,26,
2026-01-23T12:56:21+00:00,37.057379968464375,-8.163364408537745,153,2026-01-23T13:03:23.760033+00:00,619,1,4.853,633.55,291.18,56.019,2,1,2,83,37.0587796,-8.1441298,1714,85,57,28,
2026-01-23T12:56:22+00:00,37.057405365630984,-8.163326857611537,153,2026-01-23T13:03:23.760033+00:00,619,1,4.368,637.918,262.08,49.718,2,1,2,83,37.0587796,-8.1441298,1710,85,54,31,
2026-01-23T12:56:23+00:00,37.0574355404824,-8.163288803771138,153,2026-01-23T13:03:23.760033+00:00,619,1,4.76,642.678,285.6,45.183,2,1,2,83,37.0587796,-8.1441298,1707,85,52,33,
2026-01-23T12:56:24+00:00,37.057455950416625,-8.163252552039921,152,2026-01-23T13:03:23.760033+00:00,619,1,3.937,646.615,236.22,54.797,2,1,2,83,37.0587796,-8.1441298,1703,85,52,33,
2026-01-23T12:56:25+00:00,37.05747636035085,-8.163216300308704,152,2026-01-23T13:03:23.760033+00:00,619,1,3.937,650.552,236.22,54.797,2,1,2,83,37.0587796,-8.1441298,1700,85,53,32,
2026-01-23T12:56:26+00:00,37.05749677028507,-8.163180048577487,151,2026-01-23T13:03:23.760033+00:00,619,1,3.937,654.489,236.22,54.797,2,1,2,83,37.0587796,-8.1441298,1696,85,56,29,
2026-01-23T12:56:27+00:00,37.05751718021929,-8.16314379684627,150,2026-01-23T13:03:23.760033+00:00,619,1,3.937,658.426,236.22,54.797,2,1,2,83,37.0587796,-8.1441298,1693,85,57,28,
2026-01-23T12:56:28+00:00,37.0575381629169,-8.163091605529189,150,2026-01-23T13:03:23.760033+00:00,619,1,5.186,663.612,311.16,63.262,2,1,2,83,37.0587796,-8.1441298,1688,85,59,26,
2026-01-23T12:56:29+00:00,37.057559145614505,-8.163039414212108,151,2026-01-23T13:03:23.760033+00:00,619,1,5.186,668.797,311.16,63.262,2,1,2,83,37.0587796,-8.1441298,1683,85,69,16,
2026-01-23T12:56:30+00:00,37.05758012831211,-8.162987222895026,151,2026-01-23T13:03:23.760033+00:00,619,1,5.186,673.983,311.16,63.262,2,1,2,83,37.0587796,-8.1441298,1679,85,74,11,
2026-01-23T12:56:31+00:00,37.05758276861161,-8.162948372773826,151,2026-01-23T13:03:23.760033+00:00,619,1,3.46,677.443,207.6,85.132,2,1,2,83,37.0587796,-8.1441298,1675,85,78,7,
2026-01-23T12:56:32+00:00,37.05758540891111,-8.162909522652626,151,2026-01-23T13:03:23.760033+00:00,619,1,3.46,680.903,207.6,85.132,2,1,2,83,37.0587796,-8.1441298,1672,85,85,0,
2026-01-23T12:56:33+00:00,37.057582475245,-8.162867068313062,152,2026-01-23T13:03:23.760033+00:00,619,1,3.781,684.684,226.86,94.949,2,1,2,83,37.0587796,-8.1441298,1668,85,86,1,
2026-01-23T12:56:34+00:00,37.05757954157889,-8.162824613973498,152,2026-01-23T13:03:23.760033+00:00,619,1,3.781,688.466,226.86,94.949,2,1,2,83,37.0587796,-8.1441298,1664,85,82,3,
2026-01-23T12:56:35+00:00,37.05759659875184,-8.162773190997541,152,2026-01-23T13:03:23.760033+00:00,619,1,4.942,693.407,296.52,67.43,2,1,2,83,37.0587796,-8.1441298,1660,85,78,7,
2026-01-23T12:56:36+00:00,37.0576136559248,-8.162721768021584,151,2026-01-23T13:03:23.760033+00:00,619,1,4.942,698.349,296.52,67.43,2,1,2,83,37.0587796,-8.1441298,1655,86,72,14,
2026-01-23T12:56:37+00:00,37.05763104837388,-8.162672189064324,150,2026-01-23T13:03:23.760033+00:00,619,1,4.806,703.155,288.36,66.27,2,1,2,83,37.0587796,-8.1441298,1650,86,67,19,
2026-01-23T12:56:38+00:00,37.05764844082296,-8.162622610107064,150,2026-01-23T13:03:23.760033+00:00,619,1,4.806,707.96,288.36,66.27,2,1,2,83,37.0587796,-8.1441298,1646,86,67,19,
2026-01-23T12:56:39+00:00,37.057670345529914,-8.162559634074569,150,2026-01-23T13:03:23.760033+00:00,619,1,6.096,714.056,365.76,66.45,2,1,2,83,37.0587796,-8.1441298,1640,86,66,20,
2026-01-23T12:56:40+00:00,37.05769225023687,-8.162496658042073,151,2026-01-23T13:03:23.760033+00:00,619,1,6.096,720.153,365.76,66.45,2,1,2,83,37.0587796,-8.1441298,1634,86,66,20,
2026-01-23T12:56:41+00:00,37.057714154943824,-8.162433682009578,151,2026-01-23T13:03:23.760033+00:00,619,1,6.096,726.249,365.76,66.45,2,1,2,83,37.0587796,-8.1441298,1629,86,67,19,
2026-01-23T12:56:42+00:00,37.057740138843656,-8.162353467196226,151,2026-01-23T13:03:23.760033+00:00,619,1,7.682,733.931,460.92,67.907,2,1,2,83,37.0587796,-8.1441298,1621,86,74,12,
2026-01-23T12:56:43+00:00,37.05774787813425,-8.16229890100658,152,2026-01-23T13:03:23.760033+00:00,619,1,4.918,738.849,295.08,79.922,2,1,2,83,37.0587796,-8.1441298,1616,86,77,9,
2026-01-23T12:56:44+00:00,37.057755617424846,-8.162244334816933,152,2026-01-23T13:03:23.760033+00:00,619,1,4.918,743.766,295.08,79.922,2,1,2,83,37.0587796,-8.1441298,1611,86,85,1,
2026-01-23T12:56:45+00:00,37.05776335671544,-8.162189768627286,153,2026-01-23T13:03:23.760033+00:00,619,1,4.918,748.684,295.08,79.922,2,1,2,83,37.0587796,-8.1441298,1607,86,96,10,
2026-01-23T12:56:46+00:00,37.05774452537298,-8.162148892879486,153,2026-01-23T13:03:23.760033+00:00,619,1,4.188,752.873,251.28,119.998,2,1,2,83,37.0587796,-8.1441298,1603,86,104,18,
2026-01-23T12:56:47+00:00,37.05772569403052,-8.162108017131686,152,2026-01-23T13:03:23.760033+00:00,619,1,4.188,757.061,251.28,119.998,2,1,2,83,37.0587796,-8.1441298,1600,86,111,25,
2026-01-23T12:56:48+00:00,37.057706862688065,-8.162067141383886,152,2026-01-23T13:03:23.760033+00:00,619,1,4.188,761.249,251.28,119.998,2,1,2,83,37.0587796,-8.1441298,1596,86,114,28,
2026-01-23T12:56:49+00:00,37.05769060179591,-8.16201995126903,154,2026-01-23T13:03:23.760033+00:00,619,1,4.561,765.81,273.66,113.354,2,1,2,83,37.0587796,-8.1441298,1592,86,104,18,
2026-01-23T12:56:50+00:00,37.05768741667271,-8.161966977640986,154,2026-01-23T13:03:23.760033+00:00,619,1,4.714,770.524,282.84,94.309,2,1,2,83,37.0587796,-8.1441298,1587,86,93,7,
2026-01-23T12:56:51+00:00,37.0576990256086,-8.161927373148501,154,2026-01-23T13:03:23.760033+00:00,619,1,3.744,774.268,224.64,69.831,2,1,2,83,37.0587796,-8.1441298,1584,86,82,4,
2026-01-23T12:56:52+00:00,37.05771063454449,-8.161887768656015,155,2026-01-23T13:03:23.760033+00:00,619,1,3.744,778.012,224.64,69.831,2,1,2,83,37.0587796,-8.1441298,1580,86,72,14,
2026-01-23T12:56:53+00:00,37.05772929824889,-8.16183915361762,154,2026-01-23T13:03:23.760033+00:00,619,1,4.787,782.799,287.22,64.309,2,1,2,83,37.0587796,-8.1441298,1576,86,67,19,
2026-01-23T12:56:54+00:00,37.05774796195328,-8.161790538579226,153,2026-01-23T13:03:23.760033+00:00,619,1,4.787,787.586,287.22,64.309,2,1,2,83,37.0587796,-8.1441298,1571,86,67,19,
2026-01-23T12:56:55+00:00,37.05776662565768,-8.16174192354083,152,2026-01-23T13:03:23.760033+00:00,619,1,4.787,792.374,287.22,64.309,2,1,2,83,37.0587796,-8.1441298,1567,86,67,19,
2026-01-23T12:56:56+00:00,37.057778276503086,-8.16170206759125,152,2026-01-23T13:03:23.760033+00:00,619,1,3.766,796.14,225.96,69.882,2,1,2,83,37.0587796,-8.1441298,1563,86,68,18,
2026-01-23T12:56:57+00:00,37.057789927348495,-8.16166221164167,152,2026-01-23T13:03:23.760033+00:00,619,1,3.766,799.907,225.96,69.882,2,1,2,83,37.0587796,-8.1441298,1560,86,69,17,
2026-01-23T12:56:58+00:00,37.05780194699764,-8.161616764962673,151,2026-01-23T13:03:23.760033+00:00,619,1,4.248,804.155,254.88,71.664,2,1,2,83,37.0587796,-8.1441298,1556,86,71,15,
2026-01-23T12:56:59+00:00,37.05781396664679,-8.161571318283677,151,2026-01-23T13:03:23.760033+00:00,619,1,4.248,808.404,254.88,71.664,2,1,2,83,37.0587796,-8.1441298,1551,86,71,15,
2026-01-23T12:57:00+00:00,37.05782598629594,-8.161525871604681,150,2026-01-23T13:03:23.760033+00:00,619,1,4.248,812.652,254.88,71.664,2,1,2,83,37.0587796,-8.1441298,1547,86,72,14,
2026-01-23T12:57:01+00:00,37.05783800594509,-8.161480424925685,150,2026-01-23T13:03:23.760033+00:00,619,1,4.248,816.901,254.88,71.664,2,1,2,83,37.0587796,-8.1441298,1543,86,75,11,
2026-01-23T12:57:02+00:00,37.057850025594234,-8.161434978246689,149,2026-01-23T13:03:23.760033+00:00,619,1,4.248,821.149,254.88,71.664,2,1,2,83,37.0587796,-8.1441298,1539,86,76,10,
2026-01-23T12:57:03+00:00,37.05785036087036,-8.161373371258378,149,2026-01-23T13:03:23.760033+00:00,619,1,5.467,826.616,328.02,89.609,2,1,2,83,37.0587796,-8.1441298,1534,86,81,5,
2026-01-23T12:57:04+00:00,37.05785069614649,-8.161311764270067,149,2026-01-23T13:03:23.760033+00:00,619,1,5.467,832.083,328.02,89.609,2,1,2,83,37.0587796,-8.1441298,1528,86,87,1,
2026-01-23T12:57:05+00:00,37.05785695463419,-8.161255354061723,149,2026-01-23T13:03:23.760033+00:00,619,1,5.054,837.137,303.24,82.085,2,1,2,83,37.0587796,-8.1441298,1523,86,85,1,
2026-01-23T12:57:06+00:00,37.05786321312189,-8.161198943853378,149,2026-01-23T13:03:23.760033+00:00,619,1,5.054,842.19,303.24,82.085,2,1,2,83,37.0587796,-8.1441298,1518,86,84,2,
2026-01-23T12:57:07+00:00,37.05786947160959,-8.161142533645034,149,2026-01-23T13:03:23.760033+00:00,619,1,5.054,847.244,303.24,82.085,2,1,2,83,37.0587796,-8.1441298,1513,86,86,0,
2026-01-23T12:57:08+00:00,37.05786916427314,-8.16109512001276,149,2026-01-23T13:03:23.760033+00:00,619,1,4.207,851.452,252.42,90.465,2,1,2,83,37.0587796,-8.1441298,1509,86,87,1,
2026-01-23T12:57:09+00:00,37.05786885693669,-8.161047706380486,150,2026-01-23T13:03:23.760033+00:00,619,1,4.207,855.659,252.42,90.465,2,1,2,83,37.0587796,-8.1441298,1505,86,86,0,
2026-01-23T12:57:10+00:00,37.05786854960024,-8.161000292748213,150,2026-01-23T13:03:23.760033+00:00,619,1,4.207,859.867,252.42,90.465,2,1,2,83,37.0587796,-8.1441298,1500,86,84,2,
2026-01-23T12:57:11+00:00,37.057875925675035,-8.160954946652055,150,2026-01-23T13:03:23.760033+00:00,619,1,4.107,863.973,246.42,78.479,2,1,2,83,37.0587796,-8.1441298,1496,86,80,6,
2026-01-23T12:57:12+00:00,37.05788944847882,-8.160908035933971,150,2026-01-23T13:03:23.760033+00:00,619,1,4.426,868.399,265.56,70.139,2,1,2,83,37.0587796,-8.1441298,1492,86,76,10,
2026-01-23T12:57:13+00:00,37.0579029712826,-8.160861125215888,150,2026-01-23T13:03:23.760033+00:00,619,1,4.426,872.825,265.56,70.139,2,1,2,83,37.0587796,-8.1441298,1488,86,76,10,
2026-01-23T12:57:14+00:00,37.057916494086385,-8.160814214497805,150,2026-01-23T13:03:23.760033+00:00,619,1,4.426,877.251,265.56,70.139,2,1,2,83,37.0587796,-8.1441298,1484,86,78,8,
2026-01-23T12:57:15+00:00,37.05791636835784,-8.160767569206655,150,2026-01-23T13:03:23.760033+00:00,619,1,4.139,881.39,248.34,90.194,2,1,2,83,37.0587796,-8.1441298,1479,86,83,3,
2026-01-23T12:57:16+00:00,37.05791624262929,-8.160720923915505,151,2026-01-23T13:03:23.760033+00:00,619,1,4.139,885.529,248.34,90.194,2,1,2,83,37.0587796,-8.1441298,1475,86,89,3,
2026-01-23T12:57:17+00:00,37.0579112553969,-8.160665603354573,152,2026-01-23T13:03:23.760033+00:00,619,1,4.94,890.47,296.4,96.445,2,1,2,83,37.0587796,-8.1441298,1470,86,93,7,
2026-01-23T12:57:18+00:00,37.057906268164515,-8.160610282793641,152,2026-01-23T13:03:23.760033+00:00,619,1,4.94,895.41,296.4,96.445,2,1,2,83,37.0587796,-8.1441298,1466,86,94,8,
2026-01-23T12:57:19+00:00,37.05790413077921,-8.160542557016015,154,2026-01-23T13:03:23.760033+00:00,619,1,6.014,901.424,360.84,92.265,2,1,2,83,37.0587796,-8.1441298,1460,86,94,8,
2026-01-23T12:57:20+00:00,37.0579019933939,-8.160474831238389,156,2026-01-23T13:03:23.760033+00:00,619,1,6.014,907.439,360.84,92.265,2,1,2,83,37.0587796,-8.1441298,1454,86,92,6,
2026-01-23T12:57:21+00:00,37.05790019128472,-8.160415780730546,158,2026-01-23T13:03:23.760033+00:00,619,1,5.244,912.682,314.64,92.19,2,1,2,83,37.0587796,-8.1441298,1448,86,88,2,
2026-01-23T12:57:22+00:00,37.057898389175534,-8.160356730222702,159,2026-01-23T13:03:23.760033+00:00,619,1,5.244,917.926,314.64,92.19,2,1,2,83,37.0587796,-8.1441298,1443,86,82,4,
2026-01-23T12:57:23+00:00,37.05790878273547,-8.160310043022037,160,2026-01-23T13:03:23.760033+00:00,619,1,4.301,922.227,258.06,74.413,2,1,2,83,37.0587796,-8.1441298,1439,86,82,4,
2026-01-23T12:57:24+00:00,37.05792571417987,-8.16025061532855,160,2026-01-23T13:03:23.760033+00:00,619,1,5.599,927.827,335.94,70.353,2,1,2,83,37.0587796,-8.1441298,1434,86,76,10,
2026-01-23T12:57:25+00:00,37.05794425494969,-8.160195428878069,160,2026-01-23T13:03:23.760033+00:00,619,1,5.313,933.14,318.78,67.169,2,1,2,83,37.0587796,-8.1441298,1429,86,68,18,
2026-01-23T12:57:26+00:00,37.057962795719504,-8.160140242427588,160,2026-01-23T13:03:23.760033+00:00,619,1,5.313,938.453,318.78,67.169,2,1,2,83,37.0587796,-8.1441298,1424,86,67,19,
2026-01-23T12:57:27+00:00,37.05798133648932,-8.160085055977106,161,2026-01-23T13:03:23.760033+00:00,619,1,5.313,943.767,318.78,67.169,2,1,2,83,37.0587796,-8.1441298,1419,86,67,19,
2026-01-23T12:57:28+00:00,37.057999877259135,-8.160029869526625,161,2026-01-23T13:03:23.760033+00:00,619,1,5.313,949.08,318.78,67.169,2,1,2,83,37.0587796,-8.1441298,1414,86,75,11,
2026-01-23T12:57:29+00:00,37.05801841802895,-8.159974683076143,161,2026-01-23T13:03:23.760033+00:00,619,1,5.313,954.393,318.78,67.169,2,1,2,83,37.0587796,-8.1441298,1409,87,84,3,
2026-01-23T12:57:30+00:00,37.05801183823496,-8.159929211251438,161,2026-01-23T13:03:23.760033+00:00,619,1,4.101,958.494,246.06,100.277,2,1,2,83,37.0587796,-8.1441298,1405,87,90,3,
2026-01-23T12:57:31+00:00,37.05800525844097,-8.159883739426732,161,2026-01-23T13:03:23.760033+00:00,619,1,4.101,962.595,246.06,100.277,2,1,2,83,37.0587796,-8.1441298,1401,86,100,14,
2026-01-23T12:57:32+00:00,37.05798765644431,-8.159837555140257,161,2026-01-23T13:03:23.760033+00:00,619,1,4.542,967.136,272.52,115.528,2,1,2,83,37.0587796,-8.1441298,1397,86,105,19,
2026-01-23T12:57:33+00:00,37.05796846188605,-8.159786509349942,161,2026-01-23T13:03:23.760033+00:00,619,1,5.007,972.144,300.42,115.23,2,1,2,83,37.0587796,-8.1441298,1392,86,103,17,
2026-01-23T12:57:34+00:00,37.05796452239156,-8.1597316917032,161,2026-01-23T13:03:23.760033+00:00,619,1,4.884,977.028,293.04,95.146,2,1,2,83,37.0587796,-8.1441298,1387,86,100,14,
2026-01-23T12:57:35+00:00,37.05796645022929,-8.159682909026742,160,2026-01-23T13:03:23.760033+00:00,619,1,4.334,981.362,260.04,87.165,2,1,2,83,37.0587796,-8.1441298,1383,86,96,10,
2026-01-23T12:57:36+00:00,37.05796837806702,-8.159634126350284,160,2026-01-23T13:03:23.760033+00:00,619,1,4.334,985.696,260.04,87.165,2,1,2,83,37.0587796,-8.1441298,1379,86,86,0,
2026-01-23T12:57:37+00:00,37.057982040569186,-8.159571513533592,160,2026-01-23T13:03:23.760033+00:00,619,1,5.76,991.456,345.6,74.707,2,1,2,83,37.0587796,-8.1441298,1373,86,77,9,
2026-01-23T12:57:38+00:00,37.057998657692224,-8.159514139406383,159,2026-01-23T13:03:23.760033+00:00,619,1,5.416,996.872,324.96,70.053,2,1,2,83,37.0587796,-8.1441298,1368,86,72,14,
2026-01-23T12:57:39+00:00,37.05801527481526,-8.159456765279174,158,2026-01-23T13:03:23.760033+00:00,619,1,5.416,1002.288,324.96,70.053,2,1,2,83,37.0587796,-8.1441298,1363,86,70,16,
2026-01-23T12:57:40+00:00,37.0580318919383,-8.159399391151965,158,2026-01-23T13:03:23.760033+00:00,619,1,5.416,1007.704,324.96,70.053,2,1,2,83,37.0587796,-8.1441298,1358,86,70,16,
2026-01-23T12:57:41+00:00,37.05804850906134,-8.159342017024755,157,2026-01-23T13:03:23.760033+00:00,619,1,5.416,1013.12,324.96,70.053,2,1,2,83,37.0587796,-8.1441298,1352,87,75,12,
2026-01-23T12:57:42+00:00,37.05805345438421,-8.15927286632359,157,2026-01-23T13:03:23.760033+00:00,619,1,6.161,1019.281,369.66,84.879,2,1,2,83,37.0587796,-8.1441298,1346,87,83,4,
2026-01-23T12:57:43+00:00,37.05804959870875,-8.1592205632478,157,2026-01-23T13:03:23.760033+00:00,619,1,4.661,1023.942,279.66,95.278,2,1,2,83,37.0587796,-8.1441298,1342,87,86,1,
2026-01-23T12:57:44+00:00,37.05805404111743,-8.159177689813077,158,2026-01-23T13:03:23.760033+00:00,619,1,3.836,1027.779,230.16,82.602,2,1,2,83,37.0587796,-8.1441298,1338,87,82,5,
2026-01-23T12:57:45+00:00,37.05805848352611,-8.159134816378355,158,2026-01-23T13:03:23.760033+00:00,619,1,3.836,1031.615,230.16,82.602,2,1,2,83,37.0587796,-8.1441298,1334,87,77,10,
2026-01-23T12:57:46+00:00,37.05807818099856,-8.159087877720594,158,2026-01-23T13:03:23.760033+00:00,619,1,4.706,1036.321,282.36,62.262,2,1,2,83,37.0587796,-8.1441298,1330,87,70,17,
2026-01-23T12:57:47+00:00,37.05809787847102,-8.159040939062834,157,2026-01-23T13:03:23.760033+00:00,619,1,4.706,1041.027,282.36,62.262,2,1,2,83,37.0587796,-8.1441298,1325,87,67,20,
2026-01-23T12:57:48+00:00,37.05811757594347,-8.158994000405073,157,2026-01-23T13:03:23.760033+00:00,619,1,4.706,1045.733,282.36,62.262,2,1,2,83,37.0587796,-8.1441298,1321,87,64,23,
2026-01-23T12:57:49+00:00,37.058134633116424,-8.158931848593056,156,2026-01-23T13:03:23.760033+00:00,619,1,5.832,1051.565,349.92,71.022,2,1,2,83,37.0587796,-8.1441298,1315,87,68,19,
2026-01-23T12:57:50+00:00,37.05815169028938,-8.15886969678104,156,2026-01-23T13:03:23.760033+00:00,619,1,5.832,1057.397,349.92,71.022,2,1,2,83,37.0587796,-8.1441298,1310,87,73,14,
2026-01-23T12:57:51+00:00,37.058162963949144,-8.158816932700574,156,2026-01-23T13:03:23.760033+00:00,619,1,4.847,1062.244,290.82,75.011,2,1,2,83,37.0587796,-8.1441298,1305,87,80,7,
2026-01-23T12:57:52+00:00,37.05817423760891,-8.15876416862011,155,2026-01-23T13:03:23.760033+00:00,619,1,4.847,1067.091,290.82,75.011,2,1,2,83,37.0587796,-8.1441298,1300,87,83,4,
2026-01-23T12:57:53+00:00,37.05816816072911,-8.15870993770659,155,2026-01-23T13:03:23.760033+00:00,619,1,4.859,1071.95,291.54,97.993,2,1,2,83,37.0587796,-8.1441298,1296,87,94,7,
2026-01-23T12:57:54+00:00,37.05816208384931,-8.15865570679307,155,2026-01-23T13:03:23.760033+00:00,619,1,4.859,1076.81,291.54,97.993,2,1,2,83,37.0587796,-8.1441298,1291,87,103,16,
2026-01-23T12:57:55+00:00,37.05814142245799,-8.15861585084349,156,2026-01-23T13:03:23.760033+00:00,619,1,4.217,1081.027,253.02,123.008,2,1,2,83,37.0587796,-8.1441298,1287,87,113,26,
2026-01-23T12:57:56+00:00,37.058120761066675,-8.158575994893909,156,2026-01-23T13:03:23.760033+00:00,619,1,4.217,1085.245,253.02,123.008,2,1,2,83,37.0587796,-8.1441298,1284,87,118,31,
2026-01-23T12:57:57+00:00,37.05810009967536,-8.158536138944328,157,2026-01-23T13:03:23.760033+00:00,619,1,4.217,1089.462,253.02,123.008,2,1,2,83,37.0587796,-8.1441298,1281,87,119,32,
2026-01-23T12:57:58+00:00,37.05807943828404,-8.158496282994747,158,2026-01-23T13:03:23.760033+00:00,619,1,4.217,1093.679,253.02,123.008,2,1,2,83,37.0587796,-8.1441298,1277,87,115,28,
2026-01-23T12:57:59+00:00,37.05806870944798,-8.158442722633481,159,2026-01-23T13:03:23.760033+00:00,619,1,4.9,1098.58,294.0,104.091,2,1,2,83,37.0587796,-8.1441298,1273,86,105,19,
2026-01-23T12:58:00+00:00,37.05805798061192,-8.158389162272215,160,2026-01-23T13:03:23.760033+00:00,619,1,4.9,1103.48,294.0,104.091,2,1,2,83,37.0587796,-8.1441298,1268,86,94,8,
2026-01-23T12:58:01+00:00,37.05806979909539,-8.15834641456604,160,2026-01-23T13:03:23.760033+00:00,619,1,4.014,1107.494,240.84,70.892,2,1,2,83,37.0587796,-8.1441298,1264,86,86,0,
2026-01-23T12:58:02+00:00,37.058091005310416,-8.158288160338998,161,2026-01-23T13:03:23.760033+00:00,619,1,5.682,1113.176,340.92,65.479,2,1,2,83,37.0587796,-8.1441298,1259,87,77,10,
2026-01-23T12:58:03+00:00,37.058113971725106,-8.158215684816241,160,2026-01-23T13:03:23.760033+00:00,619,1,6.92,1120.096,415.2,68.343,2,1,2,83,37.0587796,-8.1441298,1252,87,67,20,
2026-01-23T12:58:04+00:00,37.05813693813979,-8.158143209293485,160,2026-01-23T13:03:23.760033+00:00,619,1,6.92,1127.015,415.2,68.343,2,1,2,83,37.0587796,-8.1441298,1246,87,68,19,
2026-01-23T12:58:05+00:00,37.058159904554486,-8.158070733770728,159,2026-01-23T13:03:23.760033+00:00,619,1,6.92,1133.935,415.2,68.343,2,1,2,83,37.0587796,-8.1441298,1239,87,69,18,
2026-01-23T12:58:06+00:00,37.05817800946534,-8.158004391007125,157,2026-01-23T13:03:23.760033+00:00,619,1,6.222,1140.157,373.32,71.121,2,1,2,83,37.0587796,-8.1441298,1233,87,70,17,
2026-01-23T12:58:07+00:00,37.05819611437619,-8.157938048243523,155,2026-01-23T13:03:23.760033+00:00,619,1,6.222,1146.378,373.32,71.121,2,1,2,83,37.0587796,-8.1441298,1227,87,71,16,
2026-01-23T12:58:08+00:00,37.058211830444634,-8.157878117635846,155,2026-01-23T13:03:23.760033+00:00,619,1,5.598,1151.976,335.88,71.809,2,1,2,83,37.0587796,-8.1441298,1222,87,72,15,
2026-01-23T12:58:09+00:00,37.05822754651308,-8.15781818702817,156,2026-01-23T13:03:23.760033+00:00,619,1,5.598,1157.574,335.88,71.809,2,1,2,83,37.0587796,-8.1441298,1216,87,72,15,
2026-01-23T12:58:10+00:00,37.05824326258153,-8.157758256420493,156,2026-01-23T13:03:23.760033+00:00,619,1,5.598,1163.172,335.88,71.809,2,1,2,83,37.0587796,-8.1441298,1211,87,72,15,
2026-01-23T12:58:11+00:00,37.058258978649974,-8.157698325812817,156,2026-01-23T13:03:23.760033+00:00,619,1,5.598,1168.77,335.88,71.809,2,1,2,83,37.0587796,-8.1441298,1205,87,71,16,
2026-01-23T12:58:12+00:00,37.058279206976295,-8.157635349780321,156,2026-01-23T13:03:23.760033+00:00,619,1,6.024,1174.793,361.44,68.075,2,1,2,83,37.0587796,-8.1441298,1200,87,69,18,
2026-01-23T12:58:13+00:00,37.058299435302615,-8.157572373747826,157,2026-01-23T13:03:23.760033+00:00,619,1,6.024,1180.817,361.44,68.075,2,1,2,83,37.0587796,-8.1441298,1194,87,68,19,
2026-01-23T12:58:14+00:00,37.058319663628936,-8.15750939771533,157,2026-01-23T13:03:23.760033+00:00,619,1,6.024,1186.841,361.44,68.075,2,1,2,83,37.0587796,-8.1441298,1188,88,67,21,
2026-01-23T12:58:15+00:00,37.0583422947675,-8.157447162084281,157,2026-01-23T13:03:23.760033+00:00,619,1,6.069,1192.91,364.14,65.503,2,1,2,83,37.0587796,-8.1441298,1183,88,66,22,
2026-01-23T12:58:16+00:00,37.05836492590606,-8.157384926453233,157,2026-01-23T13:03:23.760033+00:00,619,1,6.069,1198.979,364.14,65.503,2,1,2,83,37.0587796,-8.1441298,1177,88,68,20,
2026-01-23T12:58:17+00:00,37.05838152207434,-8.157321391627192,158,2026-01-23T13:03:23.760033+00:00,619,1,5.932,1204.911,355.92,71.875,2,1,2,83,37.0587796,-8.1441298,1171,88,68,20,
2026-01-23T12:58:18+00:00,37.058400926180184,-8.157261754386127,159,2026-01-23T13:03:23.760033+00:00,619,1,5.715,1210.626,342.9,67.818,2,1,2,83,37.0587796,-8.1441298,1166,88,69,19,
2026-01-23T12:58:19+00:00,37.058420330286026,-8.157202117145061,160,2026-01-23T13:03:23.760033+00:00,619,1,5.715,1216.341,342.9,67.818,2,1,2,83,37.0587796,-8.1441298,1161,88,65,23,
2026-01-23T12:58:20+00:00,37.05844581127167,-8.15714679658413,160,2026-01-23T13:03:23.760033+00:00,619,1,5.668,1222.009,340.08,60.007,2,1,2,83,37.0587796,-8.1441298,1156,88,63,25,
2026-01-23T12:58:21+00:00,37.05847129225731,-8.157091476023197,161,2026-01-23T13:03:23.760033+00:00,619,1,5.668,1227.677,340.08,60.007,2,1,2,83,37.0587796,-8.1441298,1151,88,62,26,
2026-01-23T12:58:22+00:00,37.05848855897784,-8.15704713575542,162,2026-01-23T13:03:23.760033+00:00,619,1,4.378,1232.055,262.68,63.989,2,1,2,83,37.0587796,-8.1441298,1147,88,68,20,
2026-01-23T12:58:23+00:00,37.058505825698376,-8.157002795487642,162,2026-01-23T13:03:23.760033+00:00,619,1,4.378,1236.433,262.68,63.989,2,1,2,83,37.0587796,-8.1441298,1143,88,72,16,
2026-01-23T12:58:24+00:00,37.05850842408836,-8.156959586776793,161,2026-01-23T13:03:23.760033+00:00,619,1,3.845,1240.278,230.7,85.691,2,1,2,83,37.0587796,-8.1441298,1139,88,76,12,
2026-01-23T12:58:25+00:00,37.05851102247834,-8.156916378065944,160,2026-01-23T13:03:23.760033+00:00,619,1,3.845,1244.123,230.7,85.691,2,1,2,83,37.0587796,-8.1441298,1135,88,78,10,
2026-01-23T12:58:26+00:00,37.05851694010198,-8.156882716342807,160,2026-01-23T13:03:23.760033+00:00,619,1,3.059,1247.182,183.54,77.577,2,1,2,83,37.0587796,-8.1441298,1132,89,80,9,
2026-01-23T12:58:27+00:00,37.05852285772562,-8.15684905461967,160,2026-01-23T13:03:23.760033+00:00,619,1,3.059,1250.24,183.54,77.577,2,1,2,83,37.0587796,-8.1441298,1129,89,80,9,
2026-01-23T12:58:28+00:00,37.05852877534926,-8.156815392896533,159,2026-01-23T13:03:23.760033+00:00,619,1,3.059,1253.299,183.54,77.577,2,1,2,83,37.0587796,-8.1441298,1126,89,79,10,
2026-01-23T12:58:29+00:00,37.0585346929729,-8.156781731173396,159,2026-01-23T13:03:23.760033+00:00,619,1,3.059,1256.358,183.54,77.577,2,1,2,83,37.0587796,-8.1441298,1123,89,80,9,
2026-01-23T12:58:30+00:00,37.05854061059654,-8.15674806945026,159,2026-01-23T13:03:23.760033+00:00,619,1,3.059,1259.416,183.54,77.577,2,1,2,83,37.0587796,-8.1441298,1120,89,82,7,
2026-01-23T12:58:31+00:00,37.05853886716068,-8.156694626435637,159,2026-01-23T13:03:23.760033+00:00,619,1,4.746,1264.162,284.76,92.341,2,1,2,83,37.0587796,-8.1441298,1115,89,86,3,
2026-01-23T12:58:32+00:00,37.05853712372482,-8.156641183421016,159,2026-01-23T13:03:23.760033+00:00,619,1,4.746,1268.909,284.76,92.341,2,1,2,83,37.0587796,-8.1441298,1111,89,89,0,
2026-01-23T12:58:33+00:00,37.05853538028896,-8.156587740406394,160,2026-01-23T13:03:23.760033+00:00,619,1,4.746,1273.655,284.76,92.341,2,1,2,83,37.0587796,-8.1441298,1106,89,92,3,
2026-01-23T12:58:34+00:00,37.0585336368531,-8.156534297391772,160,2026-01-23T13:03:23.760033+00:00,619,1,4.746,1278.401,284.76,92.341,2,1,2,83,37.0587796,-8.1441298,1101,89,92,3,
2026-01-23T12:58:35+00:00,37.05853189341724,-8.15648085437715,160,2026-01-23T13:03:23.760033+00:00,619,1,4.746,1283.148,284.76,92.341,2,1,2,83,37.0587796,-8.1441298,1096,89,91,2,
2026-01-23T12:58:36+00:00,37.05853321356699,-8.156426539644599,160,2026-01-23T13:03:23.760033+00:00,619,1,4.822,1287.969,289.32,88.255,2,1,2,83,37.0587796,-8.1441298,1092,89,90,1,
2026-01-23T12:58:37+00:00,37.05853453371674,-8.156372224912047,160,2026-01-23T13:03:23.760033+00:00,619,1,4.822,1292.791,289.32,88.255,2,1,2,83,37.0587796,-8.1441298,1087,89,89,0,
2026-01-23T12:58:38+00:00,37.05853585386649,-8.156317910179496,159,2026-01-23T13:03:23.760033+00:00,619,1,4.822,1297.613,289.32,88.255,2,1,2,83,37.0587796,-8.1441298,1082,89,88,1,
2026-01-23T12:58:39+00:00,37.05853717401624,-8.156263595446944,159,2026-01-23T13:03:23.760033+00:00,619,1,4.822,1302.435,289.32,88.255,2,1,2,83,37.0587796,-8.1441298,1077,89,87,2,
2026-01-23T12:58:40+00:00,37.058540219441056,-8.156216209754348,159,2026-01-23T13:03:23.760033+00:00,619,1,4.218,1306.654,253.08,85.396,2,1,2,83,37.0587796,-8.1441298,1073,89,87,2,
2026-01-23T12:58:41+00:00,37.058543264865875,-8.156168824061751,159,2026-01-23T13:03:23.760033+00:00,619,1,4.218,1310.872,253.08,85.396,2,1,2,83,37.0587796,-8.1441298,1069,89,85,4,
2026-01-23T12:58:42+00:00,37.058546310290694,-8.156121438369155,159,2026-01-23T13:03:23.760033+00:00,619,1,4.218,1315.09,253.08,85.396,2,1,2,83,37.0587796,-8.1441298,1064,89,84,5,
2026-01-23T12:58:43+00:00,37.05855060601607,-8.156081896740943,159,2026-01-23T13:03:23.760033+00:00,619,1,3.541,1318.631,212.46,82.248,2,1,2,83,37.0587796,-8.1441298,1061,89,84,5,
2026-01-23T12:58:44+00:00,37.058554901741445,-8.156042355112731,158,2026-01-23T13:03:23.760033+00:00,619,1,3.541,1322.173,212.46,82.248,2,1,2,83,37.0587796,-8.1441298,1057,89,83,6,
2026-01-23T12:58:45+00:00,37.05855919746682,-8.15600281348452,158,2026-01-23T13:03:23.760033+00:00,619,1,3.541,1325.714,212.46,82.248,2,1,2,83,37.0587796,-8.1441298,1054,89,84,5,
2026-01-23T12:58:46+00:00,37.05856349319219,-8.155963271856308,158,2026-01-23T13:03:23.760033+00:00,619,1,3.541,1329.255,212.46,82.248,2,1,2,83,37.0587796,-8.1441298,1050,89,86,3,
2026-01-23T12:58:47+00:00,37.05856064334512,-8.155902922153473,156,2026-01-23T13:03:23.760033+00:00,619,1,5.365,1334.619,321.9,93.386,2,1,2,83,37.0587796,-8.1441298,1045,89,88,1,
2026-01-23T12:58:48+00:00,37.05856009852141,-8.155851191841066,156,2026-01-23T13:03:23.760033+00:00,619,1,4.591,1339.21,275.46,90.756,2,1,2,83,37.0587796,-8.1441298,1040,89,90,1,
2026-01-23T12:58:49+00:00,37.058559553697705,-8.155799461528659,156,2026-01-23T13:03:23.760033+00:00,619,1,4.591,1343.801,275.46,90.756,2,1,2,83,37.0587796,-8.1441298,1036,89,91,2,
2026-01-23T12:58:50+00:00,37.058559008874,-8.155747731216252,156,2026-01-23T13:03:23.760033+00:00,619,1,4.591,1348.392,275.46,90.756,2,1,2,83,37.0587796,-8.1441298,1031,89,91,2,
2026-01-23T12:58:51+00:00,37.05855846405029,-8.155696000903845,155,2026-01-23T13:03:23.760033+00:00,619,1,4.591,1352.982,275.46,90.756,2,1,2,83,37.0587796,-8.1441298,1027,89,91,2,
2026-01-23T12:58:52+00:00,37.05855791922659,-8.155644270591438,155,2026-01-23T13:03:23.760033+00:00,619,1,4.591,1357.573,275.46,90.756,2,1,2,83,37.0587796,-8.1441298,1022,89,89,0,
2026-01-23T12:58:53+00:00,37.05855737440288,-8.15559254027903,155,2026-01-23T13:03:23.760033+00:00,619,1,4.591,1362.164,275.46,90.756,2,1,2,83,37.0587796,-8.1441298,1017,89,88,1,
2026-01-23T12:58:54+00:00,37.05856407992542,-8.155542919412255,155,2026-01-23T13:03:23.760033+00:00,619,1,4.466,1366.63,267.96,80.389,2,1,2,83,37.0587796,-8.1441298,1013,89,82,7,
2026-01-23T12:58:55+00:00,37.05858589382842,-8.155485796742141,155,2026-01-23T13:03:23.760033+00:00,619,1,5.619,1372.249,337.14,64.427,2,1,2,83,37.0587796,-8.1441298,1008,89,70,19,
2026-01-23T12:58:56+00:00,37.058607707731426,-8.155428674072027,154,2026-01-23T13:03:23.760033+00:00,619,1,5.619,1377.868,337.14,64.427,2,1,2,83,37.0587796,-8.1441298,1003,89,64,25,
2026-01-23T12:58:57+00:00,37.05862952163443,-8.155371551401913,154,2026-01-23T13:03:23.760033+00:00,619,1,5.619,1383.487,337.14,64.427,2,1,2,83,37.0587796,-8.1441298,998,89,64,25,
2026-01-23T12:58:58+00:00,37.058651335537434,-8.1553144287318,154,2026-01-23T13:03:23.760033+00:00,619,1,5.619,1389.107,337.14,64.427,2,1,2,83,37.0587796,-8.1441298,993,89,67,22,
2026-01-23T12:58:59+00:00,37.05866466276347,-8.155258689075708,153,2026-01-23T13:03:23.760033+00:00,619,1,5.163,1394.27,309.78,73.321,2,1,2,83,37.0587796,-8.1441298,988,89,75,14,
2026-01-23T12:59:00+00:00,37.058670949190855,-8.15520303323865,152,2026-01-23T13:03:23.760033+00:00,619,1,4.988,1399.258,299.28,81.944,2,1,2,83,37.0587796,-8.1441298,983,89,79,10,
2026-01-23T12:59:01+00:00,37.058677235618234,-8.15514737740159,152,2026-01-23T13:03:23.760033+00:00,619,1,4.988,1404.246,299.28,81.944,2,1,2,83,37.0587796,-8.1441298,978,89,77,12,
2026-01-23T12:59:02+00:00,37.05868477933109,-8.155104964971542,152,2026-01-23T13:03:23.760033+00:00,619,1,3.856,1408.102,231.36,77.435,2,1,2,83,37.0587796,-8.1441298,974,89,76,13,
2026-01-23T12:59:03+00:00,37.05869854660705,-8.155061609577388,152,2026-01-23T13:03:23.760033+00:00,619,1,4.141,1412.242,248.46,68.302,2,1,2,83,37.0587796,-8.1441298,970,89,73,16,
2026-01-23T12:59:04+00:00,37.05871231388301,-8.155018254183233,152,2026-01-23T13:03:23.760033+00:00,619,1,4.141,1416.383,248.46,68.302,2,1,2,83,37.0587796,-8.1441298,966,90,70,20,
2026-01-23T12:59:05+00:00,37.058726081158966,-8.154974898789078,151,2026-01-23T13:03:23.760033+00:00,619,1,4.141,1420.523,248.46,68.302,2,1,2,83,37.0587796,-8.1441298,962,90,67,23,
2026-01-23T12:59:06+00:00,37.058739848434925,-8.154931543394923,151,2026-01-23T13:03:23.760033+00:00,619,1,4.141,1424.664,248.46,68.302,2,1,2,83,37.0587796,-8.1441298,959,90,65,25,
2026-01-23T12:59:07+00:00,37.058757240884006,-8.154892567545176,150,2026-01-23T13:03:23.760033+00:00,619,1,3.963,1428.626,237.78,60.787,2,1,2,83,37.0587796,-8.1441298,955,90,65,25,
2026-01-23T12:59:08+00:00,37.05877463333309,-8.154853591695428,149,2026-01-23T13:03:23.760033+00:00,619,1,3.963,1432.589,237.78,60.787,2,1,2,83,37.0587796,-8.1441298,952,90,64,26,
2026-01-23T12:59:09+00:00,37.05879055894911,-8.154811304993927,146,2026-01-23T13:03:23.760033+00:00,619,1,4.149,1436.738,248.94,64.736,2,1,2,83,37.0587796,-8.1441298,948,90,63,27,
2026-01-23T12:59:10+00:00,37.05880648456514,-8.154769018292427,143,2026-01-23T13:03:23.760033+00:00,619,1,4.149,1440.887,248.94,64.736,2,1,2,83,37.0587796,-8.1441298,944,90,63,27,
2026-01-23T12:59:11+00:00,37.05882236827165,-8.15473205409944,142,2026-01-23T13:03:23.760033+00:00,619,1,3.725,1444.613,223.5,61.699,2,1,2,83,37.0587796,-8.1441298,941,90,67,23,
2026-01-23T12:59:12+00:00,37.05883825197816,-8.154695089906454,140,2026-01-23T13:03:23.760033+00:00,619,1,3.725,1448.338,223.5,61.699,2,1,2,83,37.0587796,-8.1441298,938,90,73,17,
2026-01-23T12:59:13+00:00,37.05884145805612,-8.154657748527825,141,2026-01-23T13:03:23.760033+00:00,619,1,3.333,1451.671,199.98,83.859,2,1,2,83,37.0587796,-8.1441298,934,90,77,13,
2026-01-23T12:59:14+00:00,37.058844664134085,-8.154620407149196,142,2026-01-23T13:03:23.760033+00:00,619,1,3.333,1455.003,199.98,83.859,2,1,2,83,37.0587796,-8.1441298,931,90,79,11,
2026-01-23T12:59:15+00:00,37.05884787021205,-8.154583065770566,142,2026-01-23T13:03:23.760033+00:00,619,1,3.333,1458.336,199.98,83.859,2,1,2,83,37.0587796,-8.1441298,928,90,84,6,
2026-01-23T12:59:16+00:00,37.05885107629001,-8.154545724391937,143,2026-01-23T13:03:23.760033+00:00,619,1,3.333,1461.669,199.98,83.859,2,1,2,83,37.0587796,-8.1441298,924,90,92,2,
2026-01-23T12:59:17+00:00,37.05883724614978,-8.154493169859052,144,2026-01-23T13:03:23.760033+00:00,619,1,4.91,1466.579,294.6,108.251,2,1,2,83,37.0587796,-8.1441298,920,90,100,10,
2026-01-23T12:59:18+00:00,37.05882282927632,-8.154440866783261,146,2026-01-23T13:03:23.760033+00:00,619,1,4.91,1471.489,294.6,109.055,2,1,2,83,37.0587796,-8.1441298,915,90,107,17,
2026-01-23T12:59:19+00:00,37.058803089894354,-8.154392587020993,148,2026-01-23T13:03:23.760033+00:00,619,1,4.814,1476.303,288.84,117.128,2,1,2,83,37.0587796,-8.1441298,911,90,114,24,
2026-01-23T12:59:20+00:00,37.058783350512385,-8.154344307258725,149,2026-01-23T13:03:23.760033+00:00,619,1,4.814,1481.117,288.84,117.128,2,1,2,83,37.0587796,-8.1441298,906,90,116,26,
2026-01-23T12:59:21+00:00,37.05876348540187,-8.154296739958227,150,2026-01-23T13:03:23.760033+00:00,619,1,4.764,1485.881,285.84,117.624,2,1,2,83,37.0587796,-8.1441298,902,90,117,27,
2026-01-23T12:59:22+00:00,37.05874362029135,-8.154249172657728,152,2026-01-23T13:03:23.760033+00:00,619,1,4.764,1490.644,285.84,117.624,2,1,2,83,37.0587796,-8.1441298,898,90,118,28,
2026-01-23T12:59:23+00:00,37.058729538694024,-8.154214723035693,154,2026-01-23T13:03:23.760033+00:00,619,1,3.435,1494.079,206.1,117.122,2,1,2,83,37.0587796,-8.1441298,895,90,118,28,
2026-01-23T12:59:24+00:00,37.05871316604316,-8.154178359545767,154,2026-01-23T13:03:23.760033+00:00,619,1,3.705,1497.784,222.3,119.432,2,1,2,83,37.0587796,-8.1441298,892,90,119,29,
2026-01-23T12:59:25+00:00,37.0586967933923,-8.154141996055841,154,2026-01-23T13:03:23.760033+00:00,619,1,3.705,1501.489,222.3,119.432,2,1,2,83,37.0587796,-8.1441298,888,89,119,30,
2026-01-23T12:59:26+00:00,37.05868042074144,-8.154105632565916,154,2026-01-23T13:03:23.760033+00:00,619,1,3.705,1505.194,222.3,119.432,2,1,2,83,37.0587796,-8.1441298,885,89,119,30,
2026-01-23T12:59:27+00:00,37.05866404809058,-8.15406926907599,153,2026-01-23T13:03:23.760033+00:00,619,1,3.705,1508.899,222.3,119.432,2,1,2,83,37.0587796,-8.1441298,882,89,119,30,
2026-01-23T12:59:28+00:00,37.058647675439715,-8.154032905586064,153,2026-01-23T13:03:23.760033+00:00,619,1,3.705,1512.604,222.3,119.432,2,1,2,83,37.0587796,-8.1441298,879,89,123,34,
2026-01-23T12:59:29+00:00,37.058631302788854,-8.153996542096138,153,2026-01-23T13:03:23.760033+00:00,619,1,3.705,1516.308,222.3,119.432,2,1,2,83,37.0587796,-8.1441298,876,89,126,37,
2026-01-23T12:59:30+00:00,37.05860895104706,-8.153970446437597,153,2026-01-23T13:03:23.760033+00:00,619,1,3.397,1519.705,203.82,137.025,2,1,2,83,37.0587796,-8.1441298,873,89,130,41,
2026-01-23T12:59:31+00:00,37.05858659930527,-8.153944350779057,152,2026-01-23T13:03:23.760033+00:00,619,1,3.397,1523.102,203.82,137.025,2,1,2,83,37.0587796,-8.1441298,871,89,134,45,
2026-01-23T12:59:32+00:00,37.05856424756348,-8.153918255120516,152,2026-01-23T13:03:23.760033+00:00,619,1,3.397,1526.499,203.82,137.025,2,1,2,83,37.0587796,-8.1441298,869,88,137,49,
2026-01-23T12:59:33+00:00,37.05854189582169,-8.153892159461975,152,2026-01-23T13:03:23.760033+00:00,619,1,3.397,1529.896,203.82,137.025,2,1,2,83,37.0587796,-8.1441298,867,88,137,49,
2026-01-23T12:59:34+00:00,37.0585195440799,-8.153866063803434,151,2026-01-23T13:03:23.760033+00:00,619,1,3.397,1533.293,203.82,137.025,2,1,2,83,37.0587796,-8.1441298,864,88,136,48,
2026-01-23T12:59:35+00:00,37.05849719233811,-8.153839968144894,151,2026-01-23T13:03:23.760033+00:00,619,1,3.397,1536.69,203.82,137.025,2,1,2,83,37.0587796,-8.1441298,862,88,136,48,
2026-01-23T12:59:36+00:00,37.058473052456975,-8.153808221686631,150,2026-01-23T13:03:23.760033+00:00,619,1,3.891,1540.581,233.46,133.617,2,1,2,83,37.0587796,-8.1441298,859,88,135,47,
2026-01-23T12:59:37+00:00,37.05844891257584,-8.15377647522837,148,2026-01-23T13:03:23.760033+00:00,619,1,3.891,1544.472,233.46,133.617,2,1,2,83,37.0587796,-8.1441298,857,88,134,46,
2026-01-23T12:59:38+00:00,37.05842477269471,-8.153744728770107,147,2026-01-23T13:03:23.760033+00:00,619,1,3.891,1548.364,233.46,133.617,2,1,2,83,37.0587796,-8.1441298,854,87,131,44,
2026-01-23T12:59:39+00:00,37.05840063281357,-8.153712982311845,146,2026-01-23T13:03:23.760033+00:00,619,1,3.891,1552.255,233.46,133.617,2,1,2,83,37.0587796,-8.1441298,851,87,129,42,
2026-01-23T12:59:40+00:00,37.058377834036946,-8.153659757226706,144,2026-01-23T13:03:23.760033+00:00,619,1,5.36,1557.615,321.6,118.225,2,1,2,83,37.0587796,-8.1441298,847,87,127,40,
2026-01-23T12:59:41+00:00,37.058359645307064,-8.153626279905438,144,2026-01-23T13:03:23.760033+00:00,619,1,3.594,1561.209,215.64,124.248,2,1,2,83,37.0587796,-8.1441298,844,87,125,38,
2026-01-23T12:59:42+00:00,37.05834145657718,-8.153592802584171,144,2026-01-23T13:03:23.760033+00:00,619,1,3.594,1564.803,215.64,124.248,2,1,2,83,37.0587796,-8.1441298,841,87,123,36,
2026-01-23T12:59:43+00:00,37.0583232678473,-8.153559325262904,144,2026-01-23T13:03:23.760033+00:00,619,1,3.594,1568.396,215.64,124.248,2,1,2,83,37.0587796,-8.1441298,838,87,124,37,
2026-01-23T12:59:44+00:00,37.05830507911742,-8.153525847941637,144,2026-01-23T13:03:23.760033+00:00,619,1,3.594,1571.99,215.64,124.248,2,1,2,83,37.0587796,-8.1441298,835,86,123,37,
2026-01-23T12:59:45+00:00,37.058286890387535,-8.15349237062037,144,2026-01-23T13:03:23.760033+00:00,619,1,3.594,1575.584,215.64,124.248,2,1,2,83,37.0587796,-8.1441298,833,86,121,35,
2026-01-23T12:59:46+00:00,37.05827242322266,-8.153455775231123,144,2026-01-23T13:03:23.760033+00:00,619,1,3.624,1579.208,217.44,116.353,2,1,2,83,37.0587796,-8.1441298,829,86,120,34,
2026-01-23T12:59:47+00:00,37.05825795605779,-8.153419179841876,144,2026-01-23T13:03:23.760033+00:00,619,1,3.624,1582.832,217.44,116.353,2,1,2,83,37.0587796,-8.1441298,826,86,118,32,
2026-01-23T12:59:48+00:00,37.05824348889291,-8.153382584452629,143,2026-01-23T13:03:23.760033+00:00,619,1,3.624,1586.456,217.44,116.353,2,1,2,83,37.0587796,-8.1441298,823,86,116,30,
2026-01-23T12:59:49+00:00,37.05822902172804,-8.153345989063382,143,2026-01-23T13:03:23.760033+00:00,619,1,3.624,1590.08,217.44,116.353,2,1,2,83,37.0587796,-8.1441298,820,86,120,34,
2026-01-23T12:59:50+00:00,37.058214554563165,-8.153309393674135,143,2026-01-23T13:03:23.760033+00:00,619,1,3.624,1593.704,217.44,116.353,2,1,2,83,37.0587796,-8.1441298,817,86,124,38,
2026-01-23T12:59:51+00:00,37.05819318071008,-8.153282760176808,143,2026-01-23T13:03:23.760033+00:00,619,1,3.352,1597.055,201.12,135.161,2,1,2,83,37.0587796,-8.1441298,815,85,128,43,
2026-01-23T12:59:52+00:00,37.05817180685699,-8.15325612667948,143,2026-01-23T13:03:23.760033+00:00,619,1,3.352,1600.407,201.12,135.161,2,1,2,83,37.0587796,-8.1441298,813,85,131,46,
2026-01-23T12:59:53+00:00,37.0581504330039,-8.153229493182153,143,2026-01-23T13:03:23.760033+00:00,619,1,3.352,1603.759,201.12,135.161,2,1,2,83,37.0587796,-8.1441298,810,85,135,50,
2026-01-23T12:59:54+00:00,37.058129059150815,-8.153202859684825,143,2026-01-23T13:03:23.760033+00:00,619,1,3.352,1607.111,201.12,135.161,2,1,2,83,37.0587796,-8.1441298,808,85,136,51,
2026-01-23T12:59:55+00:00,37.05810542218387,-8.153174947947264,142,2026-01-23T13:03:23.760033+00:00,619,1,3.611,1610.722,216.66,136.7,2,1,2,83,37.0587796,-8.1441298,806,85,132,47,
2026-01-23T12:59:56+00:00,37.05808178521693,-8.153147036209702,142,2026-01-23T13:03:23.760033+00:00,619,1,3.611,1614.333,216.66,136.7,2,1,2,83,37.0587796,-8.1441298,804,84,128,44,
2026-01-23T12:59:57+00:00,37.058067955076694,-8.153109708800912,141,2026-01-23T13:03:23.760033+00:00,619,1,3.652,1617.985,219.12,114.905,2,1,2,83,37.0587796,-8.1441298,801,84,124,40,
2026-01-23T12:59:58+00:00,37.05805412493646,-8.153072381392121,140,2026-01-23T13:03:23.760033+00:00,619,1,3.652,1621.637,219.12,114.905,2,1,2,83,37.0587796,-8.1441298,798,84,121,37,
2026-01-23T12:59:59+00:00,37.05804029479623,-8.15303505398333,139,2026-01-23T13:03:23.760033+00:00,619,1,3.652,1625.289,219.12,114.905,2,1,2,83,37.0587796,-8.1441298,794,84,119,35,
2026-01-23T13:00:00+00:00,37.05802017822862,-8.15299834124744,139,2026-01-23T13:03:23.760033+00:00,619,1,3.952,1629.241,237.12,124.474,2,1,2,83,37.0587796,-8.1441298,791,84,121,37,
2026-01-23T13:00:01+00:00,37.057999189943075,-8.152959952130914,140,2026-01-23T13:03:23.760033+00:00,619,1,4.129,1633.37,247.74,124.415,2,1,2,83,37.0587796,-8.1441298,788,84,123,39,
2026-01-23T13:00:02+00:00,37.057978201657534,-8.152921563014388,140,2026-01-23T13:03:23.760033+00:00,619,1,4.129,1637.499,247.74,124.415,2,1,2,83,37.0587796,-8.1441298,785,83,124,41,
2026-01-23T13:00:03+00:00,37.05795721337199,-8.152883173897862,141,2026-01-23T13:03:23.760033+00:00,619,1,4.129,1641.629,247.74,124.415,2,1,2,83,37.0587796,-8.1441298,782,83,124,41,
2026-01-23T13:00:04+00:00,37.05793622508645,-8.152844784781337,141,2026-01-23T13:03:23.760033+00:00,619,1,4.129,1645.758,247.74,124.415,2,1,2,83,37.0587796,-8.1441298,779,83,115,32,
2026-01-23T13:00:05+00:00,37.05791523680091,-8.152806395664811,142,2026-01-23T13:03:23.760033+00:00,619,1,4.129,1649.887,247.74,124.415,2,1,2,83,37.0587796,-8.1441298,776,83,104,21,
2026-01-23T13:00:06+00:00,37.057921942323446,-8.152774041518569,141,2026-01-23T13:03:23.760033+00:00,619,1,2.966,1652.853,177.96,75.441,2,1,2,83,37.0587796,-8.1441298,773,83,91,8,
2026-01-23T13:00:07+00:00,37.0579375885427,-8.152727074921131,140,2026-01-23T13:03:23.760033+00:00,619,1,4.516,1657.37,270.96,67.342,2,1,2,83,37.0587796,-8.1441298,769,83,80,3,
2026-01-23T13:00:08+00:00,37.05795323476195,-8.152680108323693,140,2026-01-23T13:03:23.760033+00:00,619,1,4.516,1661.886,270.96,67.342,2,1,2,83,37.0587796,-8.1441298,764,83,71,12,
2026-01-23T13:00:09+00:00,37.05796888098121,-8.152633141726255,139,2026-01-23T13:03:23.760033+00:00,619,1,4.516,1666.402,270.96,67.342,2,1,2,83,37.0587796,-8.1441298,760,83,69,14,
2026-01-23T13:00:10+00:00,37.05798061564565,-8.152575306594372,136,2026-01-23T13:03:23.760033+00:00,619,1,5.295,1671.697,317.7,75.735,2,1,2,83,37.0587796,-8.1441298,755,83,71,12,
2026-01-23T13:00:11+00:00,37.05799505347386,-8.15250611398369,136,2026-01-23T13:03:23.760033+00:00,619,1,6.346,1678.044,380.76,75.347,2,1,2,83,37.0587796,-8.1441298,748,83,75,8,
2026-01-23T13:00:12+00:00,37.05800949130207,-8.15243692137301,136,2026-01-23T13:03:23.760033+00:00,619,1,6.346,1684.39,380.76,75.347,2,1,2,83,37.0587796,-8.1441298,742,83,75,8,
2026-01-23T13:00:13+00:00,37.058023929130286,-8.152367728762329,135,2026-01-23T13:03:23.760033+00:00,619,1,6.346,1690.736,380.76,75.347,2,1,2,83,37.0587796,-8.1441298,736,83,75,8,
2026-01-23T13:00:14+00:00,37.0580383669585,-8.152298536151648,135,2026-01-23T13:03:23.760033+00:00,619,1,6.346,1697.083,380.76,75.347,2,1,2,83,37.0587796,-8.1441298,730,84,78,6,
2026-01-23T13:00:15+00:00,37.05804507248104,-8.152230307459831,135,2026-01-23T13:03:23.760033+00:00,619,1,6.1,1703.183,366.0,82.979,2,1,2,83,37.0587796,-8.1441298,723,84,80,4,
2026-01-23T13:00:16+00:00,37.05805264413357,-8.15217325463891,135,2026-01-23T13:03:23.760033+00:00,619,1,5.132,1708.315,307.92,80.558,2,1,2,83,37.0587796,-8.1441298,718,84,81,3,
2026-01-23T13:00:17+00:00,37.0580602157861,-8.15211620181799,135,2026-01-23T13:03:23.760033+00:00,619,1,5.132,1713.447,307.92,80.558,2,1,2,83,37.0587796,-8.1441298,713,84,79,5,
2026-01-23T13:00:18+00:00,37.05806778743863,-8.152059148997068,135,2026-01-23T13:03:23.760033+00:00,619,1,5.132,1718.579,307.92,80.558,2,1,2,83,37.0587796,-8.1441298,708,84,76,8,
2026-01-23T13:00:19+00:00,37.05807709135115,-8.152021178975701,136,2026-01-23T13:03:23.760033+00:00,619,1,3.525,1722.104,211.5,72.931,2,1,2,83,37.0587796,-8.1441298,705,84,75,9,
2026-01-23T13:00:20+00:00,37.058090368285775,-8.151976151391864,136,2026-01-23T13:03:23.760033+00:00,619,1,4.26,1726.364,255.6,69.721,2,1,2,83,37.0587796,-8.1441298,700,84,73,11,
2026-01-23T13:00:21+00:00,37.0581036452204,-8.151931123808026,135,2026-01-23T13:03:23.760033+00:00,619,1,4.26,1730.623,255.6,69.721,2,1,2,83,37.0587796,-8.1441298,696,84,70,14,
2026-01-23T13:00:22+00:00,37.05811692215502,-8.151886096224189,135,2026-01-23T13:03:23.760033+00:00,619,1,4.26,1734.883,255.6,69.721,2,1,2,83,37.0587796,-8.1441298,692,84,70,14,
2026-01-23T13:00:23+00:00,37.058130199089646,-8.151841068640351,134,2026-01-23T13:03:23.760033+00:00,619,1,4.26,1739.142,255.6,69.721,2,1,2,83,37.0587796,-8.1441298,688,84,70,14,
2026-01-23T13:00:24+00:00,37.05814347602427,-8.151796041056514,134,2026-01-23T13:03:23.760033+00:00,619,1,4.26,1743.402,255.6,69.721,2,1,2,83,37.0587796,-8.1441298,684,84,76,8,
2026-01-23T13:00:25+00:00,37.058156384155154,-8.151745665818453,133,2026-01-23T13:03:23.760033+00:00,619,1,4.695,1748.097,281.7,72.199,2,1,2,83,37.0587796,-8.1441298,679,84,82,2,
2026-01-23T13:00:26+00:00,37.05814993008971,-8.151696687564254,134,2026-01-23T13:03:23.760033+00:00,619,1,4.405,1752.502,264.3,99.376,2,1,2,83,37.0587796,-8.1441298,675,84,88,4,
2026-01-23T13:00:27+00:00,37.05814347602427,-8.151647709310055,135,2026-01-23T13:03:23.760033+00:00,619,1,4.405,1756.907,264.3,99.376,2,1,2,83,37.0587796,-8.1441298,671,84,93,9,
2026-01-23T13:00:28+00:00,37.05813702195883,-8.151598731055856,136,2026-01-23T13:03:23.760033+00:00,619,1,4.405,1761.312,264.3,99.376,2,1,2,83,37.0587796,-8.1441298,667,84,97,13,
2026-01-23T13:00:29+00:00,37.05813454929739,-8.15155133139342,137,2026-01-23T13:03:23.760033+00:00,619,1,4.215,1765.527,252.9,93.74,2,1,2,83,37.0587796,-8.1441298,662,84,91,7,
2026-01-23T13:00:30+00:00,37.05813207663596,-8.151503931730986,138,2026-01-23T13:03:23.760033+00:00,619,1,4.215,1769.742,252.9,93.74,2,1,2,83,37.0587796,-8.1441298,658,84,84,0,
2026-01-23T13:00:31+00:00,37.05814896617085,-8.151453472673893,138,2026-01-23T13:03:23.760033+00:00,619,1,4.855,1774.597,291.3,67.245,2,1,2,83,37.0587796,-8.1441298,654,84,80,4,
2026-01-23T13:00:32+00:00,37.05816585570574,-8.1514030136168,139,2026-01-23T13:03:23.760033+00:00,619,1,4.855,1779.453,291.3,67.245,2,1,2,83,37.0587796,-8.1441298,649,84,76,8,
2026-01-23T13:00:33+00:00,37.058175913989544,-8.151352722197771,140,2026-01-23T13:03:23.760033+00:00,619,1,4.601,1784.054,276.06,75.93,2,1,2,83,37.0587796,-8.1441298,644,84,76,8,
2026-01-23T13:00:34+00:00,37.05818597227335,-8.151302430778742,141,2026-01-23T13:03:23.760033+00:00,619,1,4.601,1788.654,276.06,75.93,2,1,2,83,37.0587796,-8.1441298,640,84,81,3,
2026-01-23T13:00:35+00:00,37.05818354152143,-8.151260940358043,140,2026-01-23T13:03:23.760033+00:00,619,1,3.692,1792.346,221.52,94.199,2,1,2,83,37.0587796,-8.1441298,636,84,85,1,
2026-01-23T13:00:36+00:00,37.05818111076951,-8.151219449937344,140,2026-01-23T13:03:23.760033+00:00,619,1,3.692,1796.037,221.52,94.199,2,1,2,83,37.0587796,-8.1441298,633,84,89,5,
2026-01-23T13:00:37+00:00,37.05818463116884,-8.151182904839516,137,2026-01-23T13:03:23.760033+00:00,619,1,3.266,1799.304,195.96,83.117,2,1,2,83,37.0587796,-8.1441298,629,84,93,9,
2026-01-23T13:00:38+00:00,37.0581812504679,-8.151140185073018,136,2026-01-23T13:03:23.760033+00:00,619,1,3.809,1803.113,228.54,95.663,2,1,2,83,37.0587796,-8.1441298,626,84,93,9,
2026-01-23T13:00:39+00:00,37.05817786976695,-8.15109746530652,136,2026-01-23T13:03:23.760033+00:00,619,1,3.809,1806.923,228.54,95.663,2,1,2,83,37.0587796,-8.1441298,622,84,98,14,
2026-01-23T13:00:40+00:00,37.058174489066005,-8.151054745540023,135,2026-01-23T13:03:23.760033+00:00,619,1,3.809,1810.732,228.54,95.663,2,1,2,83,37.0587796,-8.1441298,618,84,105,21,
2026-01-23T13:00:41+00:00,37.05815311521292,-8.151009986177087,135,2026-01-23T13:03:23.760033+00:00,619,1,4.629,1815.361,277.74,120.896,2,1,2,83,37.0587796,-8.1441298,614,83,110,27,
2026-01-23T13:00:42+00:00,37.05813336186111,-8.150965254753828,135,2026-01-23T13:03:23.760033+00:00,619,1,4.536,1819.897,272.16,118.959,2,1,2,83,37.0587796,-8.1441298,611,83,115,32,
2026-01-23T13:00:43+00:00,37.0581136085093,-8.15092052333057,136,2026-01-23T13:03:23.760033+00:00,619,1,4.537,1824.434,272.22,118.959,2,1,2,83,37.0587796,-8.1441298,607,83,117,34,
2026-01-23T13:00:44+00:00,37.058093855157495,-8.15087579190731,136,2026-01-23T13:03:23.760033+00:00,619,1,4.537,1828.97,272.22,118.959,2,1,2,83,37.0587796,-8.1441298,603,83,114,31,
2026-01-23T13:00:45+00:00,37.05808418802917,-8.150837905704975,137,2026-01-23T13:03:23.760033+00:00,619,1,3.53,1832.5,211.8,107.731,2,1,2,83,37.0587796,-8.1441298,600,83,112,29,
2026-01-23T13:00:46+00:00,37.058074520900846,-8.15080001950264,138,2026-01-23T13:03:23.760033+00:00,619,1,3.53,1836.029,211.8,107.731,2,1,2,83,37.0587796,-8.1441298,597,82,113,31,
2026-01-23T13:00:47+00:00,37.05806485377252,-8.150762133300304,139,2026-01-23T13:03:23.760033+00:00,619,1,3.53,1839.559,211.8,107.731,2,1,2,83,37.0587796,-8.1441298,594,82,113,31,
2026-01-23T13:00:48+00:00,37.05804536584765,-8.150721774436533,140,2026-01-23T13:03:23.760033+00:00,619,1,4.186,1843.745,251.16,121.177,2,1,2,83,37.0587796,-8.1441298,591,82,116,34,
2026-01-23T13:00:49+00:00,37.05802587792277,-8.150681415572762,141,2026-01-23T13:03:23.760033+00:00,619,1,4.186,1847.93,251.16,121.177,2,1,2,83,37.0587796,-8.1441298,587,82,119,37,
2026-01-23T13:00:50+00:00,37.058002701960504,-8.150633827317506,140,2026-01-23T13:03:23.760033+00:00,619,1,4.947,1852.878,296.82,121.394,2,1,2,83,37.0587796,-8.1441298,584,81,121,40,
2026-01-23T13:00:51+00:00,37.057979525998235,-8.15058623906225,140,2026-01-23T13:03:23.760033+00:00,619,1,4.947,1857.825,296.82,121.394,2,1,2,83,37.0587796,-8.1441298,580,81,121,40,
2026-01-23T13:00:52+00:00,37.057956350035965,-8.150538650806993,139,2026-01-23T13:03:23.760033+00:00,619,1,4.947,1862.772,296.82,121.394,2,1,2,83,37.0587796,-8.1441298,576,81,119,38,
2026-01-23T13:00:53+00:00,37.057933174073696,-8.150491062551737,138,2026-01-23T13:03:23.760033+00:00,619,1,4.947,1867.719,296.82,121.394,2,1,2,83,37.0587796,-8.1441298,572,81,117,36,
2026-01-23T13:00:54+00:00,37.05792051739991,-8.150450745597482,137,2026-01-23T13:03:23.760033+00:00,619,1,3.844,1871.563,230.64,111.474,2,1,2,83,37.0587796,-8.1441298,569,80,113,33,
2026-01-23T13:00:55+00:00,37.05790786072612,-8.150410428643227,136,2026-01-23T13:03:23.760033+00:00,619,1,3.844,1875.408,230.64,111.474,2,1,2,83,37.0587796,-8.1441298,566,80,110,30,
2026-01-23T13:00:56+00:00,37.05789975821972,-8.150361254811287,136,2026-01-23T13:03:23.760033+00:00,619,1,4.456,1879.863,267.36,101.666,2,1,2,83,37.0587796,-8.1441298,562,80,106,26,
2026-01-23T13:00:57+00:00,37.05789165571332,-8.150312080979347,137,2026-01-23T13:03:23.760033+00:00,619,1,4.456,1884.319,267.36,101.666,2,1,2,83,37.0587796,-8.1441298,557,80,101,21,
2026-01-23T13:00:58+00:00,37.05788355320692,-8.150262907147408,137,2026-01-23T13:03:23.760033+00:00,619,1,4.456,1888.774,267.36,101.666,2,1,2,83,37.0587796,-8.1441298,553,80,97,17,
2026-01-23T13:00:59+00:00,37.0578837627545,-8.15021248999983,136,2026-01-23T13:03:23.760033+00:00,619,1,4.474,1893.248,268.44,89.702,2,1,2,83,37.0587796,-8.1441298,549,80,94,14,
2026-01-23T13:01:00+00:00,37.05788397230208,-8.150162072852254,136,2026-01-23T13:03:23.760033+00:00,619,1,4.474,1897.722,268.44,89.702,2,1,2,83,37.0587796,-8.1441298,544,79,91,12,
2026-01-23T13:01:01+00:00,37.05788531340659,-8.150112577714026,137,2026-01-23T13:03:23.760033+00:00,619,1,4.395,1902.117,263.7,88.055,2,1,2,83,37.0587796,-8.1441298,540,79,93,14,
2026-01-23T13:01:02+00:00,37.057886654511094,-8.150063082575798,138,2026-01-23T13:03:23.760033+00:00,619,1,4.395,1906.511,263.7,88.055,2,1,2,83,37.0587796,-8.1441298,536,79,100,21,
2026-01-23T13:01:03+00:00,37.05787626095116,-8.15003109164536,138,2026-01-23T13:03:23.760033+00:00,619,1,3.065,1909.576,183.9,112.152,2,1,2,83,37.0587796,-8.1441298,533,79,102,23,
2026-01-23T13:01:04+00:00,37.05786586739123,-8.149999100714922,139,2026-01-23T13:03:23.760033+00:00,619,1,3.065,1912.641,183.9,112.152,2,1,2,83,37.0587796,-8.1441298,531,79,104,25,
2026-01-23T13:01:05+00:00,37.057855473831296,-8.149967109784484,139,2026-01-23T13:03:23.760033+00:00,619,1,3.065,1915.706,183.9,112.152,2,1,2,83,37.0587796,-8.1441298,528,79,102,23,
2026-01-23T13:01:06+00:00,37.0578517857939,-8.149926122277975,140,2026-01-23T13:03:23.760033+00:00,619,1,3.66,1919.366,219.6,96.433,2,1,2,83,37.0587796,-8.1441298,525,79,102,23,
2026-01-23T13:01:07+00:00,37.05785140860826,-8.149885679595172,140,2026-01-23T13:03:23.760033+00:00,619,1,3.589,1922.955,215.34,90.67,2,1,2,83,37.0587796,-8.1441298,521,79,100,21,
2026-01-23T13:01:08+00:00,37.057851031422615,-8.14984523691237,139,2026-01-23T13:03:23.760033+00:00,619,1,3.589,1926.544,215.34,90.67,2,1,2,83,37.0587796,-8.1441298,518,78,100,22,
2026-01-23T13:01:09+00:00,37.05783750861883,-8.149801287800074,138,2026-01-23T13:03:23.760033+00:00,619,1,4.18,1930.724,250.8,111.085,2,1,2,83,37.0587796,-8.1441298,514,78,103,25,
2026-01-23T13:01:10+00:00,37.05782398581505,-8.149757338687778,137,2026-01-23T13:03:23.760033+00:00,619,1,4.18,1934.904,250.8,111.085,2,1,2,83,37.0587796,-8.1441298,511,78,107,29,
2026-01-23T13:01:11+00:00,37.057810463011265,-8.149713389575481,136,2026-01-23T13:03:23.760033+00:00,619,1,4.18,1939.084,250.8,111.085,2,1,2,83,37.0587796,-8.1441298,507,78,108,30,
2026-01-23T13:01:12+00:00,37.05779445357621,-8.149665780365467,136,2026-01-23T13:03:23.760033+00:00,619,1,4.584,1943.668,275.04,112.849,2,1,2,83,37.0587796,-8.1441298,503,77,105,28,
2026-01-23T13:01:13+00:00,37.057790614664555,-8.149617249146104,135,2026-01-23T13:03:23.760033+00:00,619,1,4.328,1947.996,259.68,95.661,2,1,2,83,37.0587796,-8.1441298,499,77,102,25,
2026-01-23T13:01:14+00:00,37.0577867757529,-8.14956871792674,135,2026-01-23T13:03:23.760033+00:00,619,1,4.328,1952.323,259.68,95.661,2,1,2,83,37.0587796,-8.1441298,495,77,99,22,
2026-01-23T13:01:15+00:00,37.05778293684125,-8.149520186707377,134,2026-01-23T13:03:23.760033+00:00,619,1,4.328,1956.651,259.68,95.661,2,1,2,83,37.0587796,-8.1441298,491,77,96,19,
2026-01-23T13:01:16+00:00,37.0577790979296,-8.149471655488014,134,2026-01-23T13:03:23.760033+00:00,619,1,4.328,1960.978,259.68,95.661,2,1,2,83,37.0587796,-8.1441298,487,77,94,17,
2026-01-23T13:01:17+00:00,37.057775259017944,-8.149423124268651,133,2026-01-23T13:03:23.760033+00:00,619,1,4.328,1965.306,259.68,95.661,2,1,2,83,37.0587796,-8.1441298,483,77,93,16,
2026-01-23T13:01:18+00:00,37.05777598544955,-8.149374537169933,132,2026-01-23T13:03:23.760033+00:00,619,1,4.312,1969.618,258.72,88.927,2,1,2,83,37.0587796,-8.1441298,479,77,92,15,
2026-01-23T13:01:19+00:00,37.05777671188116,-8.149325950071216,132,2026-01-23T13:03:23.760033+00:00,619,1,4.312,1973.93,258.72,88.927,2,1,2,83,37.0587796,-8.1441298,474,76,90,14,
2026-01-23T13:01:20+00:00,37.05777743831277,-8.149277362972498,131,2026-01-23T13:03:23.760033+00:00,619,1,4.312,1978.243,258.72,88.927,2,1,2,83,37.0587796,-8.1441298,470,76,89,13,
2026-01-23T13:01:21+00:00,37.05777775263414,-8.14923201687634,132,2026-01-23T13:03:23.760033+00:00,619,1,4.024,1982.267,241.44,89.502,2,1,2,83,37.0587796,-8.1441298,466,76,89,13,
2026-01-23T13:01:22+00:00,37.05777806695551,-8.149186670780182,132,2026-01-23T13:03:23.760033+00:00,619,1,4.024,1986.291,241.44,89.502,2,1,2,83,37.0587796,-8.1441298,462,76,89,13,
2026-01-23T13:01:23+00:00,37.05777838127688,-8.149141324684024,132,2026-01-23T13:03:23.760033+00:00,619,1,4.024,1990.315,241.44,89.502,2,1,2,83,37.0587796,-8.1441298,458,76,86,10,
2026-01-23T13:01:24+00:00,37.057778695598245,-8.149095978587866,133,2026-01-23T13:03:23.760033+00:00,619,1,4.024,1994.339,241.44,89.502,2,1,2,83,37.0587796,-8.1441298,455,76,83,7,
2026-01-23T13:01:25+00:00,37.05779005307704,-8.149052099324763,132,2026-01-23T13:03:23.760033+00:00,619,1,4.093,1998.432,245.58,72.03,2,1,2,83,37.0587796,-8.1441298,450,76,79,3,
2026-01-23T13:01:26+00:00,37.05780141055584,-8.14900822006166,130,2026-01-23T13:03:23.760033+00:00,619,1,4.093,2002.525,245.58,72.03,2,1,2,83,37.0587796,-8.1441298,446,76,76,0,
2026-01-23T13:01:27+00:00,37.05781194381416,-8.148961309343576,130,2026-01-23T13:03:23.760033+00:00,619,1,4.324,2006.85,259.44,74.285,2,1,2,83,37.0587796,-8.1441298,442,76,73,3,
2026-01-23T13:01:28+00:00,37.05782247707248,-8.148914398625493,131,2026-01-23T13:03:23.760033+00:00,619,1,4.324,2011.174,259.44,74.285,2,1,2,83,37.0587796,-8.1441298,438,76,72,4,
2026-01-23T13:01:29+00:00,37.0578330103308,-8.14886748790741,131,2026-01-23T13:03:23.760033+00:00,619,1,4.324,2015.498,259.44,74.285,2,1,2,83,37.0587796,-8.1441298,433,76,71,5,
2026-01-23T13:01:30+00:00,37.057849913835526,-8.148816833272576,131,2026-01-23T13:03:23.760033+00:00,619,1,4.872,2020.371,292.32,67.307,2,1,2,83,37.0587796,-8.1441298,429,76,70,6,
2026-01-23T13:01:31+00:00,37.057866817340255,-8.148766178637743,130,2026-01-23T13:03:23.760033+00:00,619,1,4.872,2025.243,292.32,67.307,2,1,2,83,37.0587796,-8.1441298,424,76,69,7,
2026-01-23T13:01:32+00:00,37.057883720844984,-8.14871552400291,130,2026-01-23T13:03:23.760033+00:00,619,1,4.872,2030.115,292.32,67.307,2,1,2,83,37.0587796,-8.1441298,419,76,70,6,
2026-01-23T13:01:33+00:00,37.057895539328456,-8.148651402443647,129,2026-01-23T13:03:23.760033+00:00,619,1,5.84,2035.954,350.4,76.995,2,1,2,83,37.0587796,-8.1441298,413,76,76,0,
2026-01-23T13:01:34+00:00,37.05790132284165,-8.14858702942729,130,2026-01-23T13:03:23.760033+00:00,619,1,5.748,2041.703,344.88,83.577,2,1,2,83,37.0587796,-8.1441298,407,76,84,8,
2026-01-23T13:01:35+00:00,37.05789947882295,-8.148525673896074,130,2026-01-23T13:03:23.760033+00:00,619,1,5.448,2047.151,326.88,92.157,2,1,2,83,37.0587796,-8.1441298,402,76,93,17,
2026-01-23T13:01:36+00:00,37.05789763480425,-8.148464318364859,130,2026-01-23T13:03:23.760033+00:00,619,1,5.448,2052.599,326.88,92.157,2,1,2,83,37.0587796,-8.1441298,397,76,99,23,
2026-01-23T13:01:37+00:00,37.057887869887054,-8.148418762721121,130,2026-01-23T13:03:23.760033+00:00,619,1,4.186,2056.785,251.16,105.035,2,1,2,83,37.0587796,-8.1441298,393,75,99,24,
2026-01-23T13:01:38+00:00,37.05787810496986,-8.148373207077384,131,2026-01-23T13:03:23.760033+00:00,619,1,4.186,2060.971,251.16,105.035,2,1,2,83,37.0587796,-8.1441298,390,75,96,21,
2026-01-23T13:01:39+00:00,37.057870561257005,-8.148317132145166,133,2026-01-23T13:03:23.760033+00:00,619,1,5.046,2066.017,302.76,99.569,2,1,2,83,37.0587796,-8.1441298,385,75,93,18,
2026-01-23T13:01:40+00:00,37.05787948798388,-8.148271073587239,135,2026-01-23T13:03:23.760033+00:00,619,1,4.206,2070.223,252.36,76.349,2,1,2,83,37.0587796,-8.1441298,381,75,85,10,
2026-01-23T13:01:41+00:00,37.05788841471076,-8.148225015029311,137,2026-01-23T13:03:23.760033+00:00,619,1,4.206,2074.429,252.36,76.349,2,1,2,83,37.0587796,-8.1441298,377,75,79,4,
2026-01-23T13:01:42+00:00,37.05790366977453,-8.148176651448011,138,2026-01-23T13:03:23.760033+00:00,619,1,4.615,2079.043,276.9,68.433,2,1,2,83,37.0587796,-8.1441298,372,75,73,2,
2026-01-23T13:01:43+00:00,37.057915278710425,-8.148130383342505,138,2026-01-23T13:03:23.760033+00:00,619,1,4.304,2083.347,258.24,72.546,2,1,2,83,37.0587796,-8.1441298,368,75,74,1,
2026-01-23T13:01:44+00:00,37.05792688764632,-8.148084115236998,139,2026-01-23T13:03:23.760033+00:00,619,1,4.304,2087.651,258.24,72.546,2,1,2,83,37.0587796,-8.1441298,363,75,73,2,
2026-01-23T13:01:45+00:00,37.05793689005077,-8.148025805130601,138,2026-01-23T13:03:23.760033+00:00,619,1,5.292,2092.943,317.52,77.869,2,1,2,83,37.0587796,-8.1441298,358,75,75,0,
2026-01-23T13:01:46+00:00,37.05794689245522,-8.147967495024204,136,2026-01-23T13:03:23.760033+00:00,619,1,5.292,2098.236,317.52,77.869,2,1,2,83,37.0587796,-8.1441298,353,75,78,3,
2026-01-23T13:01:47+00:00,37.05795689485967,-8.147909184917808,135,2026-01-23T13:03:23.760033+00:00,619,1,5.292,2103.528,317.52,77.869,2,1,2,83,37.0587796,-8.1441298,348,75,78,3,
2026-01-23T13:01:48+00:00,37.05796896480024,-8.147844476625323,133,2026-01-23T13:03:23.760033+00:00,619,1,5.897,2109.425,353.82,76.844,2,1,2,83,37.0587796,-8.1441298,342,75,79,4,
2026-01-23T13:01:49+00:00,37.05797743052244,-8.147774655371904,133,2026-01-23T13:03:23.760033+00:00,619,1,6.267,2115.692,376.02,81.361,2,1,2,83,37.0587796,-8.1441298,336,75,80,5,
2026-01-23T13:01:50+00:00,37.057985896244645,-8.147704834118485,132,2026-01-23T13:03:23.760033+00:00,619,1,6.267,2121.959,376.02,81.361,2,1,2,83,37.0587796,-8.1441298,329,74,81,7,
2026-01-23T13:01:51+00:00,37.05799436196685,-8.147635012865067,132,2026-01-23T13:03:23.760033+00:00,619,1,6.267,2128.225,376.02,81.361,2,1,2,83,37.0587796,-8.1441298,323,74,85,11,
2026-01-23T13:01:52+00:00,37.05799473915249,-8.147585936821997,134,2026-01-23T13:03:23.760033+00:00,619,1,4.355,2132.581,261.3,89.448,2,1,2,83,37.0587796,-8.1441298,319,74,88,14,
2026-01-23T13:01:53+00:00,37.057995116338134,-8.147536860778928,136,2026-01-23T13:03:23.760033+00:00,619,1,4.355,2136.936,261.3,89.448,2,1,2,83,37.0587796,-8.1441298,315,74,88,14,
2026-01-23T13:01:54+00:00,37.0579950325191,-8.147490005940199,138,2026-01-23T13:03:23.760033+00:00,619,1,4.158,2141.093,249.48,90.128,2,1,2,83,37.0587796,-8.1441298,311,74,89,15,
2026-01-23T13:01:55+00:00,37.05799494870007,-8.14744315110147,139,2026-01-23T13:03:23.760033+00:00,619,1,4.158,2145.251,249.48,90.128,2,1,2,83,37.0587796,-8.1441298,307,73,88,15,
2026-01-23T13:01:56+00:00,37.057996708899736,-8.147397469729185,142,2026-01-23T13:03:23.760033+00:00,619,1,4.058,2149.309,243.48,87.236,2,1,2,83,37.0587796,-8.1441298,303,73,86,13,
2026-01-23T13:01:57+00:00,37.05800245050341,-8.14734520856291,144,2026-01-23T13:03:23.760033+00:00,619,1,4.681,2153.991,280.86,82.161,2,1,2,83,37.0587796,-8.1441298,298,73,83,10,
2026-01-23T13:01:58+00:00,37.05800819210708,-8.147292947396636,145,2026-01-23T13:03:23.760033+00:00,619,1,4.681,2158.672,280.86,82.161,2,1,2,83,37.0587796,-8.1441298,293,73,81,8,
2026-01-23T13:01:59+00:00,37.05802084878087,-8.147236034274101,146,2026-01-23T13:03:23.760033+00:00,619,1,5.243,2163.914,314.58,74.428,2,1,2,83,37.0587796,-8.1441298,288,73,78,5,
2026-01-23T13:02:00+00:00,37.05803350545466,-8.147179121151567,147,2026-01-23T13:03:23.760033+00:00,619,1,5.243,2169.157,314.58,74.428,2,1,2,83,37.0587796,-8.1441298,283,73,76,3,
2026-01-23T13:02:01+00:00,37.05804352182895,-8.147118729539216,148,2026-01-23T13:03:23.760033+00:00,619,1,5.473,2174.631,328.38,78.259,2,1,2,83,37.0587796,-8.1441298,278,73,77,4,
2026-01-23T13:02:02+00:00,37.05805353820324,-8.147058337926865,149,2026-01-23T13:03:23.760033+00:00,619,1,5.473,2180.104,328.38,78.259,2,1,2,83,37.0587796,-8.1441298,272,73,82,9,
2026-01-23T13:02:03+00:00,37.05805726815015,-8.147005825303495,150,2026-01-23T13:03:23.760033+00:00,619,1,4.678,2184.782,280.68,84.914,2,1,2,83,37.0587796,-8.1441298,268,73,82,9,
2026-01-23T13:02:04+00:00,37.05806099809706,-8.146953312680125,150,2026-01-23T13:03:23.760033+00:00,619,1,4.678,2189.46,280.68,84.914,2,1,2,83,37.0587796,-8.1441298,263,72,80,8,
2026-01-23T13:02:05+00:00,37.05806728452444,-8.146907882764935,150,2026-01-23T13:03:23.760033+00:00,619,1,4.091,2193.552,245.46,80.163,2,1,2,83,37.0587796,-8.1441298,259,72,80,8,
2026-01-23T13:02:06+00:00,37.05807910300791,-8.14685583114624,150,2026-01-23T13:03:23.760033+00:00,619,1,4.802,2198.354,288.12,74.118,2,1,2,83,37.0587796,-8.1441298,254,72,80,8,
2026-01-23T13:02:07+00:00,37.058090921491385,-8.146803779527545,149,2026-01-23T13:03:23.760033+00:00,619,1,4.802,2203.156,288.12,74.118,2,1,2,83,37.0587796,-8.1441298,249,72,79,7,
2026-01-23T13:02:08+00:00,37.058092430233955,-8.146747453138232,149,2026-01-23T13:03:23.760033+00:00,619,1,5.001,2208.157,300.06,88.078,2,1,2,83,37.0587796,-8.1441298,245,72,81,9,
2026-01-23T13:02:09+00:00,37.058093938976526,-8.14669112674892,149,2026-01-23T13:03:23.760033+00:00,619,1,5.001,2213.158,300.06,88.078,2,1,2,83,37.0587796,-8.1441298,240,71,94,23,
2026-01-23T13:02:10+00:00,37.058080695569515,-8.146637063473463,150,2026-01-23T13:03:23.760033+00:00,619,1,5.018,2218.177,301.08,107.064,2,1,2,83,37.0587796,-8.1441298,236,71,101,30,
2026-01-23T13:02:11+00:00,37.05806766171008,-8.146582706831396,151,2026-01-23T13:03:23.760033+00:00,619,1,5.036,2223.213,302.16,106.724,2,1,2,83,37.0587796,-8.1441298,232,70,102,32,
2026-01-23T13:02:12+00:00,37.05805462785065,-8.146528350189328,152,2026-01-23T13:03:23.760033+00:00,619,1,5.036,2228.249,302.16,106.724,2,1,2,83,37.0587796,-8.1441298,228,69,96,27,
2026-01-23T13:02:13+00:00,37.0580579387024,-8.146475753746927,152,2026-01-23T13:03:23.760033+00:00,619,1,4.682,2232.931,280.92,85.49,2,1,2,83,37.0587796,-8.1441298,223,69,91,22,
2026-01-23T13:02:14+00:00,37.05806124955416,-8.146423157304525,153,2026-01-23T13:03:23.760033+00:00,619,1,4.682,2237.613,280.92,85.49,2,1,2,83,37.0587796,-8.1441298,219,69,87,18,
2026-01-23T13:02:15+00:00,37.05807575024664,-8.146369932219386,153,2026-01-23T13:03:23.760033+00:00,619,1,4.991,2242.604,299.46,71.15,2,1,2,83,37.0587796,-8.1441298,214,69,78,9,
2026-01-23T13:02:16+00:00,37.05809234641493,-8.14631637185812,152,2026-01-23T13:03:23.760033+00:00,619,1,5.098,2247.702,305.88,68.78,2,1,2,83,37.0587796,-8.1441298,209,69,68,1,
2026-01-23T13:02:17+00:00,37.058112462982535,-8.146265298128128,152,2026-01-23T13:03:23.760033+00:00,619,1,5.054,2252.756,303.24,63.731,2,1,2,83,37.0587796,-8.1441298,203,69,65,4,
2026-01-23T13:02:18+00:00,37.05813257955015,-8.146214224398136,152,2026-01-23T13:03:23.760033+00:00,619,1,5.054,2257.81,303.24,63.731,2,1,2,83,37.0587796,-8.1441298,198,69,66,3,
2026-01-23T13:02:19+00:00,37.05815269611776,-8.146163150668144,152,2026-01-23T13:03:23.760033+00:00,619,1,5.054,2262.864,303.24,63.731,2,1,2,83,37.0587796,-8.1441298,193,69,70,1,
2026-01-23T13:02:20+00:00,37.05816585570574,-8.14611453562975,151,2026-01-23T13:03:23.760033+00:00,619,1,4.555,2267.419,273.3,71.263,2,1,2,83,37.0587796,-8.1441298,189,69,72,3,
2026-01-23T13:02:21+00:00,37.058171689510345,-8.146070010960102,151,2026-01-23T13:03:23.760033+00:00,619,1,4.004,2271.423,240.24,80.676,2,1,2,83,37.0587796,-8.1441298,185,69,75,6,
2026-01-23T13:02:22+00:00,37.05817752331495,-8.146025486290455,151,2026-01-23T13:03:23.760033+00:00,619,1,4.004,2275.427,240.24,80.676,2,1,2,83,37.0587796,-8.1441298,181,68,79,11,
2026-01-23T13:02:23+00:00,37.05818335711956,-8.145980961620808,150,2026-01-23T13:03:23.760033+00:00,619,1,4.004,2279.431,240.24,80.676,2,1,2,83,37.0587796,-8.1441298,177,68,81,13,
2026-01-23T13:02:24+00:00,37.05818919092417,-8.14593643695116,150,2026-01-23T13:03:23.760033+00:00,619,1,4.004,2283.435,240.24,80.676,2,1,2,83,37.0587796,-8.1441298,173,68,82,14,
2026-01-23T13:02:25+00:00,37.058195024728775,-8.145891912281513,150,2026-01-23T13:03:23.760033+00:00,619,1,4.004,2287.439,240.24,80.676,2,1,2,83,37.0587796,-8.1441298,169,67,85,18,
2026-01-23T13:02:26+00:00,37.05819837749005,-8.145840866491199,150,2026-01-23T13:03:23.760033+00:00,619,1,4.545,2291.984,272.7,85.295,2,1,2,83,37.0587796,-8.1441298,165,67,86,19,
2026-01-23T13:02:27+00:00,37.05819372553378,-8.145783743821084,150,2026-01-23T13:03:23.760033+00:00,619,1,5.095,2297.079,305.7,95.827,2,1,2,83,37.0587796,-8.1441298,161,66,89,23,
2026-01-23T13:02:28+00:00,37.05818907357752,-8.14572662115097,150,2026-01-23T13:03:23.760033+00:00,619,1,5.095,2302.174,305.7,95.827,2,1,2,83,37.0587796,-8.1441298,156,65,98,33,
2026-01-23T13:02:29+00:00,37.05817733891308,-8.145669372752309,151,2026-01-23T13:03:23.760033+00:00,619,1,5.245,2307.419,314.7,104.405,2,1,2,83,37.0587796,-8.1441298,152,64,98,34,
2026-01-23T13:02:30+00:00,37.05817260313779,-8.14561836887151,152,2026-01-23T13:03:23.760033+00:00,619,1,4.556,2311.975,273.36,96.637,2,1,2,83,37.0587796,-8.1441298,148,63,93,30,
2026-01-23T13:02:31+00:00,37.0581678673625,-8.145567364990711,153,2026-01-23T13:03:23.760033+00:00,619,1,4.556,2316.532,273.36,96.637,2,1,2,83,37.0587796,-8.1441298,145,62,87,25,
2026-01-23T13:02:32+00:00,37.058182284235954,-8.1455187080428,154,2026-01-23T13:03:23.760033+00:00,619,1,4.606,2321.137,276.36,69.631,2,1,2,83,37.0587796,-8.1441298,140,62,82,20,
2026-01-23T13:02:33+00:00,37.05819670110941,-8.14547005109489,154,2026-01-23T13:03:23.760033+00:00,619,1,4.606,2325.743,276.36,69.631,2,1,2,83,37.0587796,-8.1441298,135,61,78,17,
2026-01-23T13:02:34+00:00,37.05820608884096,-8.145423363894224,154,2026-01-23T13:03:23.760033+00:00,619,1,4.272,2330.015,256.32,75.858,2,1,2,83,37.0587796,-8.1441298,131,61,74,13,
2026-01-23T13:02:35+00:00,37.05821276642382,-8.14538262784481,154,2026-01-23T13:03:23.760033+00:00,619,1,3.69,2333.706,221.4,78.392,2,1,2,83,37.0587796,-8.1441298,128,60,76,16,
2026-01-23T13:02:36+00:00,37.05821944400668,-8.145341891795397,154,2026-01-23T13:03:23.760033+00:00,619,1,3.69,2337.396,221.4,78.392,2,1,2,83,37.0587796,-8.1441298,124,60,74,14,
2026-01-23T13:02:37+00:00,37.05822612158954,-8.145301155745983,154,2026-01-23T13:03:23.760033+00:00,619,1,3.69,2341.086,221.4,78.392,2,1,2,83,37.0587796,-8.1441298,121,59,74,15,
2026-01-23T13:02:38+00:00,37.05825013574213,-8.145248538348824,154,2026-01-23T13:03:23.760033+00:00,619,1,5.379,2346.465,322.74,60.235,2,1,2,83,37.0587796,-8.1441298,115,59,69,10,
2026-01-23T13:02:39+00:00,37.058274149894714,-8.145195920951664,153,2026-01-23T13:03:23.760033+00:00,619,1,5.379,2351.843,322.74,60.235,2,1,2,83,37.0587796,-8.1441298,110,59,60,1,
2026-01-23T13:02:40+00:00,37.0582981640473,-8.145143303554505,152,2026-01-23T13:03:23.760033+00:00,619,1,5.379,2357.222,322.74,60.235,2,1,2,83,37.0587796,-8.1441298,105,59,60,1,
2026-01-23T13:02:41+00:00,37.05832217819989,-8.145090686157346,152,2026-01-23T13:03:23.760033+00:00,619,1,5.379,2362.601,322.74,60.235,2,1,2,83,37.0587796,-8.1441298,99,59,62,3,
2026-01-23T13:02:42+00:00,37.05834127217531,-8.145042875781655,152,2026-01-23T13:03:23.760033+00:00,619,1,4.744,2367.345,284.64,63.414,2,1,2,83,37.0587796,-8.1441298,95,59,63,4,
2026-01-23T13:02:43+00:00,37.05836036615074,-8.144995065405965,151,2026-01-23T13:03:23.760033+00:00,619,1,4.744,2372.089,284.64,63.414,2,1,2,83,37.0587796,-8.1441298,90,59,63,4,
2026-01-23T13:02:44+00:00,37.05837946012616,-8.144947255030274,151,2026-01-23T13:03:23.760033+00:00,619,1,4.744,2376.833,284.64,63.414,2,1,2,83,37.0587796,-8.1441298,85,58,63,5,
2026-01-23T13:02:45+00:00,37.058398554101586,-8.144899444654584,150,2026-01-23T13:03:23.760033+00:00,619,1,4.744,2381.577,284.64,63.414,2,1,2,83,37.0587796,-8.1441298,80,58,69,11,
2026-01-23T13:02:46+00:00,37.05841764807701,-8.144851634278893,150,2026-01-23T13:03:23.760033+00:00,619,1,4.744,2386.321,284.64,63.414,2,1,2,83,37.0587796,-8.1441298,76,58,74,16,
2026-01-23T13:02:47+00:00,37.05841768998653,-8.144806330092251,150,2026-01-23T13:03:23.760033+00:00,619,1,4.02,2390.342,241.2,89.934,2,1,2,83,37.0587796,-8.1441298,72,56,79,23,
2026-01-23T13:02:48+00:00,37.05841773189604,-8.14476102590561,150,2026-01-23T13:03:23.760033+00:00,619,1,4.02,2394.362,241.2,89.934,2,1,2,83,37.0587796,-8.1441298,69,54,85,31,
2026-01-23T13:02:49+00:00,37.05841777380556,-8.144715721718967,151,2026-01-23T13:03:23.760033+00:00,619,1,4.02,2398.382,241.2,89.934,2,1,2,83,37.0587796,-8.1441298,66,52,85,33,
2026-01-23T13:02:50+00:00,37.058417815715075,-8.144670417532325,151,2026-01-23T13:03:23.760033+00:00,619,1,4.02,2402.402,241.2,89.934,2,1,2,83,37.0587796,-8.1441298,63,50,84,34,
2026-01-23T13:02:51+00:00,37.05843748524785,-8.144617471843958,151,2026-01-23T13:03:23.760033+00:00,619,1,5.182,2407.584,310.92,65.037,2,1,2,83,37.0587796,-8.1441298,58,49,77,28,
2026-01-23T13:02:52+00:00,37.058457154780626,-8.144564526155591,152,2026-01-23T13:03:23.760033+00:00,619,1,5.182,2412.767,310.92,65.037,2,1,2,83,37.0587796,-8.1441298,53,47,65,18,
2026-01-23T13:02:53+00:00,37.0584768243134,-8.144511580467224,152,2026-01-23T13:03:23.760033+00:00,619,1,5.182,2417.949,310.92,65.037,2,1,2,83,37.0587796,-8.1441298,48,45,61,16,
2026-01-23T13:02:54+00:00,37.058504316955805,-8.144464055076241,152,2026-01-23T13:03:23.760033+00:00,619,1,5.209,2423.158,312.54,54.062,2,1,2,83,37.0587796,-8.1441298,43,44,60,16,
2026-01-23T13:02:55+00:00,37.058521097525954,-8.144426202401519,152,2026-01-23T13:03:23.760033+00:00,619,1,3.842,2427.0,230.52,60.947,2,1,2,83,37.0587796,-8.1441298,39,42,60,18,
2026-01-23T13:02:56+00:00,37.058537878096104,-8.144388349726796,152,2026-01-23T13:03:23.760033+00:00,619,1,3.842,2430.842,230.52,60.947,2,1,2,83,37.0587796,-8.1441298,35,40,60,20,
2026-01-23T13:02:57+00:00,37.05855465866625,-8.144350497052073,151,2026-01-23T13:03:23.760033+00:00,619,1,3.842,2434.685,230.52,60.947,2,1,2,83,37.0587796,-8.1441298,32,38,61,23,
2026-01-23T13:02:58+00:00,37.0585714392364,-8.14431264437735,151,2026-01-23T13:03:23.760033+00:00,619,1,3.842,2438.527,230.52,60.947,2,1,2,83,37.0587796,-8.1441298,28,35,60,25,
2026-01-23T13:02:59+00:00,37.05858821980655,-8.144274791702628,151,2026-01-23T13:03:23.760033+00:00,619,1,3.842,2442.369,230.52,60.947,2,1,2,83,37.0587796,-8.1441298,25,31,59,28,
2026-01-23T13:03:00+00:00,37.05860372632742,-8.14424572326243,151,2026-01-23T13:03:23.760033+00:00,619,1,3.103,2445.472,186.18,56.239,2,1,2,83,37.0587796,-8.1441298,22,28,58,30,
2026-01-23T13:03:01+00:00,37.05861923284829,-8.14421665482223,151,2026-01-23T13:03:23.760033+00:00,619,1,3.103,2448.575,186.18,56.239,2,1,2,83,37.0587796,-8.1441298,19,23,57,34,
2026-01-23T13:03:02+00:00,37.058634739369154,-8.144187586382031,150,2026-01-23T13:03:23.760033+00:00,619,1,3.103,2451.677,186.18,56.239,2,1,2,83,37.0587796,-8.1441298,17,18,53,35,
2026-01-23T13:03:03+00:00,37.05865024589002,-8.144158517941833,150,2026-01-23T13:03:23.760033+00:00,619,1,3.103,2454.78,186.18,56.239,2,1,2,83,37.0587796,-8.1441298,15,10,37,27,
2026-01-23T13:03:04+00:00,37.05866575241089,-8.144129449501634,150,2026-01-23T13:03:23.760033+00:00,619,1,3.103,2457.883,186.18,56.239,3,2,Finish,50,37.058869900168204,-8.143993400006025,26,28,30,2,
2026-01-23T13:03:05+00:00,37.058683228679,-8.14411733765155,148,2026-01-23T13:03:23.760033+00:00,619,1,2.221,2460.103,133.26,28.945,3,2,Finish,50,37.058869900168204,-8.143993400006025,23,28,21,7,
2026-01-23T13:03:06+00:00,37.058700704947114,-8.144105225801468,147,2026-01-23T13:03:23.760033+00:00,619,1,2.221,2462.324,133.26,28.945,3,2,Finish,50,37.058869900168204,-8.143993400006025,21,28,17,11,
2026-01-23T13:03:07+00:00,37.058708877302706,-8.144105896353722,147,2026-01-23T13:03:23.760033+00:00,619,1,0.911,2463.235,54.66,356.254,3,2,Finish,50,37.058869900168204,-8.143993400006025,20,29,16,13,
2026-01-23T13:03:08+00:00,37.0587170496583,-8.144106566905975,147,2026-01-23T13:03:23.760033+00:00,619,1,0.911,2464.145,54.66,356.254,3,2,Finish,50,37.058869900168204,-8.143993400006025,20,31,18,13,
2026-01-23T13:03:09+00:00,37.0587292034179,-8.144103423692286,146,2026-01-23T13:03:23.760033+00:00,619,1,1.38,2465.525,82.8,11.661,3,2,Finish,50,37.058869900168204,-8.143993400006025,18,32,17,15,
2026-01-23T13:03:10+00:00,37.058741357177496,-8.144100280478597,144,2026-01-23T13:03:23.760033+00:00,619,1,1.38,2466.905,82.8,11.661,3,2,Finish,50,37.058869900168204,-8.143993400006025,17,34,18,16,
2026-01-23T13:03:11+00:00,37.05875393003225,-8.14410065766424,142,2026-01-23T13:03:23.760033+00:00,619,1,1.398,2468.304,83.88,358.629,3,2,Finish,50,37.058869900168204,-8.143993400006025,16,36,17,19,
2026-01-23T13:03:12+00:00,37.05876650288701,-8.144101034849882,141,2026-01-23T13:03:23.760033+00:00,619,1,1.398,2469.702,83.88,358.629,3,2,Finish,50,37.058869900168204,-8.143993400006025,15,40,18,22,
2026-01-23T13:03:13+00:00,37.058775778859854,-8.144098855555058,141,2026-01-23T13:03:23.760033+00:00,619,1,1.049,2470.751,62.94,10.619,3,2,Finish,50,37.058869900168204,-8.143993400006025,14,42,17,25,
2026-01-23T13:03:14+00:00,37.0587850548327,-8.144096676260233,140,2026-01-23T13:03:23.760033+00:00,619,1,1.049,2471.801,62.94,10.619,3,2,Finish,50,37.058869900168204,-8.143993400006025,13,44,17,27,
2026-01-23T13:03:15+00:00,37.05879433080554,-8.144094496965408,140,2026-01-23T13:03:23.760033+00:00,619,1,1.049,2472.85,62.94,10.619,3,2,Finish,50,37.058869900168204,-8.143993400006025,12,47,17,30,
2026-01-23T13:03:16+00:00,37.05879969522357,-8.144089342094958,140,2026-01-23T13:03:23.760033+00:00,619,1,0.752,2473.602,45.12,37.483,3,2,Finish,50,37.058869900168204,-8.143993400006025,12,47,18,29,
2026-01-23T13:03:17+00:00,37.0588050596416,-8.144084187224507,139,2026-01-23T13:03:23.760033+00:00,619,1,0.752,2474.354,45.12,37.483,3,2,Finish,50,37.058869900168204,-8.143993400006025,11,48,19,29,
2026-01-23T13:03:18+00:00,37.05881453119218,-8.144075386226177,138,2026-01-23T13:03:23.760033+00:00,619,1,1.311,2475.665,78.66,36.558,3,2,Finish,50,37.058869900168204,-8.143993400006025,10,50,20,30,
2026-01-23T13:03:19+00:00,37.05882400274277,-8.144066585227847,138,2026-01-23T13:03:23.760033+00:00,619,1,1.311,2476.976,78.66,36.558,3,2,Finish,50,37.058869900168204,-8.143993400006025,8,52,16,36,
2026-01-23T13:03:20+00:00,37.058832007460296,-8.144061053171754,136,2026-01-23T13:03:23.760033+00:00,619,1,1.016,2477.992,60.96,28.877,3,2,Finish,50,37.058869900168204,-8.143993400006025,7,55,10,45,
2026-01-23T13:03:21+00:00,37.058840012177825,-8.14405552111566,135,2026-01-23T13:03:23.760033+00:00,619,1,1.016,2479.009,60.96,28.877,3,2,Finish,50,37.058869900168204,-8.143993400006025,6,59,17,42,
2026-01-23T13:03:22+00:00,37.058850629255176,-8.144051441922784,136,2026-01-23T13:03:23.760033+00:00,619,1,1.235,2480.244,74.1,17.046,3,2,Finish,50,37.058869900168204,-8.143993400006025,6,67,25,42,
2026-01-23T13:03:23+00:00,37.058861246332526,-8.144047362729907,136,2026-01-23T13:03:23.760033+00:00,619,1,1.235,2481.478,74.1,17.046,3,2,Finish,50,37.058869900168204,-8.143993400006025,5,79,29,50,
2026-01-23T13:03:24+00:00,37.05887186340988,-8.14404328353703,136,2026-01-23T13:03:23.760033+00:00,619,1,1.235,2482.713,74.1,17.046,3,2,Finish,50,37.058869900168204,-8.143993400006025,4,93,35,58,
2026-01-23T13:03:25+00:00,37.05888248048723,-8.144039204344153,137,2026-01-23T13:03:23.760033+00:00,619,1,1.235,2483.948,74.1,17.046,3,2,Finish,50,37.058869900168204,-8.143993400006025,4,109,39,70,
2026-01-23T13:03:26+00:00,37.05889309756458,-8.144035125151277,138,2026-01-23T13:03:23.760033+00:00,619,1,1.235,2485.183,74.1,17.046,3,2,Finish,50,37.058869900168204,-8.143993400006025,5,125,38,87,
2026-01-23T13:03:27+00:00,37.05890371464193,-8.1440310459584,138,2026-01-23T13:03:23.760033+00:00,619,1,1.235,2486.418,74.1,17.046,3,2,Finish,50,37.058869900168204,-8.143993400006025,5,138,37,101,
2026-01-23T13:03:28+00:00,37.05890586599707,-8.144036019220948,137,2026-01-23T13:03:23.760033+00:00,619,1,0.502,2486.92,30.12,298.461,3,2,Finish,50,37.058869900168204,-8.143993400006025,6,137,36,101,
2026-01-23T13:03:29+00:00,37.05890801735222,-8.144040992483497,136,2026-01-23T13:03:23.760033+00:00,619,1,0.502,2487.422,30.12,298.461,3,2,Finish,50,37.058869900168204,-8.143993400006025,6,135,36,99,
2026-01-23T13:03:30+00:00,37.05891016870737,-8.144045965746045,135,2026-01-23T13:03:23.760033+00:00,619,1,0.502,2487.924,30.12,298.461,3,2,Finish,50,37.058869900168204,-8.143993400006025,6,134,35,99,
2026-01-23T13:03:31+00:00,37.05890924669802,-8.144041858613491,130,2026-01-23T13:03:23.760033+00:00,619,1,0.379,2488.302,22.74,105.712,3,2,Finish,50,37.058869900168204,-8.143993400006025,6,135,36,99,
2026-01-23T13:03:32+00:00,37.058909330517054,-8.144038086757064,127,2026-01-23T13:03:23.760033+00:00,619,1,0.335,2488.637,20.1,88.405,3,2,Finish,50,37.058869900168204,-8.143993400006025,6,138,32,106,
2026-01-23T13:03:33+00:00,37.05890773795545,-8.144032303243876,124,2026-01-23T13:03:23.760033+00:00,619,1,0.543,2489.18,32.58,109.037,3,2,Finish,50,37.058869900168204,-8.143993400006025,5,141,33,108,
2026-01-23T13:03:34+00:00,37.05890910699963,-8.144022999331355,124,2026-01-23T13:03:23.760033+00:00,619,1,0.84,2490.019,50.4,79.553,3,2,Finish,50,37.058869900168204,-8.143993400006025,5,149,29,120,
2026-01-23T13:03:35+00:00,37.05891047604382,-8.144013695418835,123,2026-01-23T13:03:23.760033+00:00,619,1,0.84,2490.859,50.4,79.553,3,2,Finish,50,37.058869900168204,-8.143993400006025,5,158,27,131,
2026-01-23T13:03:36+00:00,37.058911845088005,-8.144004391506314,123,2026-01-23T13:03:23.760033+00:00,619,1,0.84,2491.698,50.4,79.553,3,2,Finish,50,37.058869900168204,-8.143993400006025,5,168,24,144,
2026-01-23T13:03:37+00:00,37.05891402438283,-8.143995380960405,124,2026-01-23T13:03:23.760033+00:00,619,1,0.835,2492.534,50.1,73.139,3,2,Finish,50,37.058869900168204,-8.143993400006025,5,178,20,158,
2026-01-23T13:03:38+00:00,37.058916203677654,-8.143986370414495,126,2026-01-23T13:03:23.760033+00:00,619,1,0.835,2493.369,50.1,73.139,3,2,Finish,50,37.058869900168204,-8.143993400006025,5,187,20,167,
2026-01-23T13:03:39+00:00,37.058922154828906,-8.143978659063578,129,2026-01-23T13:03:23.760033+00:00,619,1,0.952,2494.321,57.12,45.959,3,2,Finish,50,37.058869900168204,-8.143993400006025,6,193,19,174,
2026-01-23T13:03:40+00:00,37.05892938422039,-8.143975473940372,128,2026-01-23T13:03:23.760033+00:00,619,1,0.852,2495.173,51.12,19.371,3,2,Finish,50,37.058869900168204,-8.143993400006025,7,194,17,177,
2026-01-23T13:03:41+00:00,37.05893661361188,-8.143972288817167,128,2026-01-23T13:03:23.760033+00:00,619,1,0.852,2496.025,51.12,19.371,3,2,Finish,50,37.058869900168204,-8.143993400006025,8,194,15,179,
2026-01-23T13:03:42+00:00,37.05894384300336,-8.143969103693962,128,2026-01-23T13:03:23.760033+00:00,619,1,0.852,2496.878,51.12,19.371,3,2,Finish,50,37.058869900168204,-8.143993400006025,9,195,14,179,
2026-01-23T13:03:43+00:00,37.05895107239485,-8.143965918570757,127,2026-01-23T13:03:23.760033+00:00,619,1,0.852,2497.73,51.12,19.371,3,2,Finish,50,37.058869900168204,-8.143993400006025,9,195,20,175,
2026-01-23T13:03:44+00:00,37.05895719118416,-8.143971478566527,127,2026-01-23T13:03:23.760033+00:00,619,1,0.84,2498.57,50.4,324.053,3,2,Finish,50,37.058869900168204,-8.143993400006025,10,191,17,174,
2026-01-23T13:03:45+00:00,37.05896330997348,-8.143977038562298,126,2026-01-23T13:03:23.760033+00:00,619,1,0.84,2499.411,50.4,324.053,3,2,Finish,50,37.058869900168204,-8.143993400006025,10,188,2,174,
2026-01-23T13:03:46+00:00,37.05896942876279,-8.143982598558068,126,2026-01-23T13:03:23.760033+00:00,619,1,0.84,2500.251,50.4,324.053,3,2,Finish,50,37.058869900168204,-8.143993400006025,11,185,359,174,
2026-01-23T13:03:47+00:00,37.05897621810436,-8.143992321565747,123,2026-01-23T13:03:23.760033+00:00,619,1,1.146,2501.397,68.76,311.186,3,2,Finish,50,37.058869900168204,-8.143993400006025,12,180,356,176,
2026-01-23T13:03:48+00:00,37.05898091197014,-8.143997183069587,124,2026-01-23T13:03:23.760033+00:00,619,1,0.677,2502.075,40.62,320.426,3,2,Finish,50,37.058869900168204,-8.143993400006025,12,178,353,175,
2026-01-23T13:03:49+00:00,37.05899352673441,-8.143998817540705,124,2026-01-23T13:03:23.760033+00:00,619,1,1.41,2503.485,84.6,354.097,3,2,Finish,50,37.058869900168204,-8.143993400006025,14,178,347,169,
2026-01-23T13:03:50+00:00,37.059006141498685,-8.144000452011824,125,2026-01-23T13:03:23.760033+00:00,619,1,1.41,2504.895,84.6,354.097,3,2,Finish,50,37.058869900168204,-8.143993400006025,15,178,346,168,
2026-01-23T13:03:51+00:00,37.059014551341534,-8.144005788490176,124,2026-01-23T13:03:23.760033+00:00,619,1,1.048,2505.943,62.88,333.143,3,2,Finish,50,37.058869900168204,-8.143993400006025,16,176,345,169,
2026-01-23T13:03:52+00:00,37.05902296118438,-8.144011124968529,122,2026-01-23T13:03:23.760033+00:00,619,1,1.048,2506.991,62.88,333.143,3,2,Finish,50,37.058869900168204,-8.143993400006025,17,175,348,173,
2026-01-23T13:03:53+00:00,37.05903137102723,-8.144016461446881,121,2026-01-23T13:03:23.760033+00:00,619,1,1.048,2508.039,62.88,333.143,3,2,Finish,50,37.058869900168204,-8.143993400006025,18,173,349,176,
2026-01-23T13:03:54+00:00,37.05903438851237,-8.144021574407816,120,2026-01-23T13:03:23.760033+00:00,619,1,0.564,2508.604,33.84,306.484,3,2,Finish,50,37.058869900168204,-8.143993400006025,18,172,350,178,
2026-01-23T13:03:55+00:00,37.05903857946396,-8.144027777016163,117,2026-01-23T13:03:23.760033+00:00,619,1,0.721,2509.325,43.26,310.254,3,2,Finish,50,37.058869900168204,-8.143993400006025,19,171,346,175,
2026-01-23T13:03:56+00:00,37.059042854234576,-8.144026729278266,116,2026-01-23T13:03:23.760033+00:00,619,1,0.484,2509.809,29.04,11.067,3,2,Finish,50,37.058869900168204,-8.143993400006025,19,171,345,174,
2026-01-23T13:03:57+00:00,37.059047129005194,-8.14402568154037,114,2026-01-23T13:03:23.760033+00:00,619,1,0.484,2510.294,29.04,11.067,3,2,Finish,50,37.058869900168204,-8.143993400006025,20,172,346,174,
2026-01-23T13:03:58+00:00,37.05905597191304,-8.144027777016163,114,2026-01-23T13:03:23.760033+00:00,619,1,1.001,2511.294,60.06,349.292,3,2,Finish,50,37.058869900168204,-8.143993400006025,21,172,346,174,
2026-01-23T13:03:59+00:00,37.059064814820886,-8.144029872491956,115,2026-01-23T13:03:23.760033+00:00,619,1,1.001,2512.295,60.06,349.292,3,2,Finish,50,37.058869900168204,-8.143993400006025,22,172,352,180,
2026-01-23T13:04:00+00:00,37.05907910596579,-8.144026561640203,117,2026-01-23T13:03:23.760033+00:00,619,1,1.616,2513.911,96.96,10.474,3,2,Finish,50,37.058869900168204,-8.143993400006025,23,173,354,179,
2026-01-23T13:04:01+00:00,37.0590933971107,-8.14402325078845,119,2026-01-23T13:03:23.760033+00:00,619,1,1.616,2515.527,96.96,10.474,3,2,Finish,50,37.058869900168204,-8.143993400006025,25,174,355,179,
2026-01-23T13:04:02+00:00,37.059093955904245,-8.144017606973648,118,2026-01-23T13:03:23.760033+00:00,619,1,0.505,2516.032,30.3,82.927,3,2,Finish,50,37.058869900168204,-8.143993400006025,25,175,356,179,
2026-01-23T13:04:03+00:00,37.05909451469779,-8.144011963158846,117,2026-01-23T13:03:23.760033+00:00,619,1,0.505,2516.536,30.3,82.927,3,2,Finish,50,37.058869900168204,-8.143993400006025,25,176,357,179,
2026-01-23T13:04:04+00:00,37.059095073491335,-8.144006319344044,116,2026-01-23T13:03:23.760033+00:00,619,1,0.505,2517.041,30.3,82.927,3,2,Finish,50,37.058869900168204,-8.143993400006025,25,177,358,179,
2026-01-23T13:04:05+00:00,37.05910006072372,-8.144008750095963,116,2026-01-23T13:03:23.760033+00:00,619,1,0.595,2517.636,35.7,338.747,3,2,Finish,50,37.058869900168204,-8.143993400006025,26,177,358,179,
2026-01-23T13:04:06+00:00,37.05910504795611,-8.144011180847883,116,2026-01-23T13:03:23.760033+00:00,619,1,0.595,2518.231,35.7,338.747,3,2,Finish,50,37.058869900168204,-8.143993400006025,26,177,358,179,
2026-01-23T13:04:07+00:00,37.059107604436576,-8.144014261197299,116,2026-01-23T13:03:23.760033+00:00,619,1,0.394,2518.625,23.64,316.123,3,2,Finish,50,37.058869900168204,-8.143993400006025,26,176,0,176,
2026-01-23T13:04:08+00:00,37.05911016091704,-8.144017341546714,116,2026-01-23T13:03:23.760033+00:00,619,1,0.394,2519.02,23.64,316.123,3,2,Finish,50,37.058869900168204,-8.143993400006025,27,175,0,175,
2026-01-23T13:04:09+00:00,37.05911271739751,-8.14402042189613,116,2026-01-23T13:03:23.760033+00:00,619,1,0.394,2519.414,23.64,316.123,3,2,Finish,50,37.058869900168204,-8.143993400006025,27,175,2,173,
2026-01-23T13:04:10+00:00,37.05911527387798,-8.144023502245545,116,2026-01-23T13:03:23.760033+00:00,619,1,0.394,2519.809,23.64,316.123,3,2,Finish,50,37.058869900168204,-8.143993400006025,27,174,2,172,
2026-01-23T13:04:11+00:00,37.05912323668599,-8.144023376516998,118,2026-01-23T13:03:23.760033+00:00,619,1,0.885,2520.694,53.1,0.722,3,2,Finish,50,37.058869900168204,-8.143993400006025,28,175,1,174,
2026-01-23T13:04:12+00:00,37.059131199494,-8.14402325078845,119,2026-01-23T13:03:23.760033+00:00,619,1,0.885,2521.58,53.1,0.722,3,2,Finish,50,37.058869900168204,-8.143993400006025,29,175,2,173,
2026-01-23T13:04:13+00:00,37.05913497135043,-8.144019981846213,116,2026-01-23T13:03:23.760033+00:00,619,1,0.51,2522.089,30.6,34.668,3,2,Finish,50,37.058869900168204,-8.143993400006025,30,175,3,172,
2026-01-23T13:04:14+00:00,37.05913983285427,-8.144020107574761,114,2026-01-23T13:03:23.760033+00:00,619,1,0.541,2522.63,32.46,358.818,3,2,Finish,50,37.058869900168204,-8.143993400006025,30,175,4,171,
2026-01-23T13:04:15+00:00,37.05914469435811,-8.144020233303308,113,2026-01-23T13:03:23.760033+00:00,619,1,0.541,2523.171,32.46,358.818,3,2,Finish,50,37.058869900168204,-8.143993400006025,31,176,5,171,
2026-01-23T13:04:16+00:00,37.05914771184325,-8.144019478932023,107,2026-01-23T13:03:23.760033+00:00,619,1,0.342,2523.513,20.52,11.283,3,2,Finish,50,37.058869900168204,-8.143993400006025,31,176,5,171,
2026-01-23T13:04:17+00:00,37.059150813147426,-8.144018724560738,108,2026-01-23T13:03:23.760033+00:00,619,1,0.351,2523.864,21.06,10.985,3,2,Finish,50,37.058869900168204,-8.143993400006025,31,176,5,171,
2026-01-23T13:04:18+00:00,37.05915478616953,-8.144018607214093,109,2026-01-23T13:03:23.760033+00:00,619,1,0.442,2524.306,26.52,1.35,3,2,Finish,50,37.058869900168204,-8.143993400006025,32,176,5,171,
2026-01-23T13:04:19+00:00,37.05915875919163,-8.144018489867449,109,2026-01-23T13:03:23.760033+00:00,619,1,0.442,2524.748,26.52,1.35,3,2,Finish,50,37.058869900168204,-8.143993400006025,32,176,5,171,
2026-01-23T13:04:20+00:00,37.059162732213736,-8.144018372520804,110,2026-01-23T13:03:23.760033+00:00,619,1,0.442,2525.19,26.52,1.35,3,2,Finish,50,37.058869900168204,-8.143993400006025,33,176,4,172,
2026-01-23T13:04:21+00:00,37.05916670523584,-8.14401825517416,110,2026-01-23T13:03:23.760033+00:00,619,1,0.442,2525.632,26.52,1.35,3,2,Finish,50,37.058869900168204,-8.143993400006025,33,176,4,172,
2026-01-23T13:04:22+00:00,37.05917067825794,-8.144018137827516,111,2026-01-23T13:03:23.760033+00:00,619,1,0.442,2526.074,26.52,1.35,3,2,Finish,50,37.058869900168204,-8.143993400006025,34,176,2,174,
2026-01-23T13:04:23+00:00,37.05917897634208,-8.144017802551389,115,2026-01-23T13:03:23.760033+00:00,619,1,0.923,2526.997,55.38,1.847,3,2,Finish,50,37.058869900168204,-8.143993400006025,34,176,0,176,
2026-01-23T13:04:24+00:00,37.059189160354435,-8.14401859883219,115,2026-01-23T13:03:23.760033+00:00,619,1,1.135,2528.132,68.1,356.43,3,2,Finish,50,37.058869900168204,-8.143993400006025,36,176,358,178,
2026-01-23T13:04:25+00:00,37.05919934436679,-8.144019395112991,115,2026-01-23T13:03:23.760033+00:00,619,1,1.135,2529.266,68.1,356.43,3,2,Finish,50,37.058869900168204,-8.143993400006025,37,176,1,175,
2026-01-23T13:04:26+00:00,37.05920405499637,-8.144018691033125,115,2026-01-23T13:03:23.760033+00:00,619,1,0.528,2529.794,31.68,6.802,3,2,Finish,50,37.058869900168204,-8.143993400006025,37,177,2,175,
2026-01-23T13:04:27+00:00,37.059208765625954,-8.144017986953259,114,2026-01-23T13:03:23.760033+00:00,619,1,0.528,2530.321,31.68,6.802,3,2,Finish,50,37.058869900168204,-8.143993400006025,38,177,3,174,
2026-01-23T13:04:28+00:00,37.059213476255536,-8.144017282873392,114,2026-01-23T13:03:23.760033+00:00,619,1,0.528,2530.849,31.68,6.802,3,2,Finish,50,37.058869900168204,-8.143993400006025,38,177,3,174,
2026-01-23T13:04:29+00:00,37.05921818688512,-8.144016578793526,113,2026-01-23T13:03:23.760033+00:00,619,1,0.528,2531.376,31.68,6.802,3,2,Finish,50,37.058869900168204,-8.143993400006025,39,177,3,174,
2026-01-23T13:04:30+00:00,37.0592228975147,-8.14401587471366,113,2026-01-23T13:03:23.760033+00:00,619,1,0.528,2531.904,31.68,6.802,3,2,Finish,50,37.058869900168204,-8.143993400006025,39,177,3,174,
2026-01-23T13:04:31+00:00,37.05922602675855,-8.144014198333025,111,2026-01-23T13:03:23.760033+00:00,619,1,0.378,2532.282,22.68,23.147,3,2,Finish,50,37.058869900168204,-8.143993400006025,40,177,1,176,
2026-01-23T13:04:32+00:00,37.0592291560024,-8.14401252195239,110,2026-01-23T13:03:23.760033+00:00,619,1,0.378,2532.661,22.68,23.147,3,2,Finish,50,37.058869900168204,-8.143993400006025,40,178,1,177,
2026-01-23T13:04:33+00:00,37.05923228524625,-8.144010845571756,108,2026-01-23T13:03:23.760033+00:00,619,1,0.378,2533.039,22.68,23.147,3,2,Finish,50,37.058869900168204,-8.143993400006025,40,178,1,177,
2026-01-23T13:04:34+00:00,37.05923454836011,-8.144010845571756,108,2026-01-23T13:03:23.760033+00:00,619,1,0.252,2533.291,15.12,0.0,3,2,Finish,50,37.058869900168204,-8.143993400006025,41,178,1,177,
2026-01-23T13:04:35+00:00,37.05924133770168,-8.144010091200471,114,2026-01-23T13:03:23.760033+00:00,619,1,0.758,2534.049,45.48,5.067,3,2,Finish,50,37.058869900168204,-8.143993400006025,41,178,0,178,
2026-01-23T13:04:36+00:00,37.05924896523357,-8.144010761752725,118,2026-01-23T13:03:23.760033+00:00,619,1,0.85,2534.899,51.0,355.987,3,2,Finish,50,37.058869900168204,-8.143993400006025,42,178,359,179,
2026-01-23T13:04:37+00:00,37.05925706773996,-8.144012703560293,118,2026-01-23T13:03:23.760033+00:00,619,1,0.917,2535.816,55.02,349.173,3,2,Finish,50,37.058869900168204,-8.143993400006025,43,178,359,179,
2026-01-23T13:04:38+00:00,37.05926517024636,-8.14401464536786,118,2026-01-23T13:03:23.760033+00:00,619,1,0.917,2536.733,55.02,349.173,3,2,Finish,50,37.058869900168204,-8.143993400006025,44,178,358,180,
2026-01-23T13:04:39+00:00,37.05927327275276,-8.144016587175429,118,2026-01-23T13:03:23.760033+00:00,619,1,0.917,2537.651,55.02,349.173,3,2,Finish,50,37.058869900168204,-8.143993400006025,45,177,356,179,
2026-01-23T13:04:40+00:00,37.05928137525916,-8.144018528982997,118,2026-01-23T13:03:23.760033+00:00,619,1,0.917,2538.568,55.02,349.173,3,2,Finish,50,37.058869900168204,-8.143993400006025,46,177,355,178,
2026-01-23T13:04:41+00:00,37.05928947776556,-8.144020470790565,118,2026-01-23T13:03:23.760033+00:00,619,1,0.917,2539.485,55.02,349.173,3,2,Finish,50,37.058869900168204,-8.143993400006025,47,177,354,177,
2026-01-23T13:04:42+00:00,37.05929758027196,-8.144022412598133,118,2026-01-23T13:03:23.760033+00:00,619,1,0.917,2540.403,55.02,349.173,3,2,Finish,50,37.058869900168204,-8.143993400006025,48,177,352,175,
2026-01-23T13:04:43+00:00,37.05930696800351,-8.144023669883609,118,2026-01-23T13:03:23.760033+00:00,619,1,1.05,2541.452,63.0,353.9,3,2,Finish,50,37.058869900168204,-8.143993400006025,49,177,351,174,
2026-01-23T13:04:44+00:00,37.059314022772014,-8.144025541841984,117,2026-01-23T13:03:23.760033+00:00,619,1,0.802,2542.254,48.12,348.044,3,2,Finish,50,37.058869900168204,-8.143993400006025,49,177,349,172,
2026-01-23T13:04:45+00:00,37.05932107754052,-8.144027413800359,116,2026-01-23T13:03:23.760033+00:00,619,1,0.802,2543.056,48.12,348.044,3,2,Finish,50,37.058869900168204,-8.143993400006025,50,177,344,167,
2026-01-23T13:04:46+00:00,37.05932813230902,-8.144029285758734,114,2026-01-23T13:03:23.760033+00:00,619,1,0.802,2543.858,48.12,348.044,3,2,Finish,50,37.058869900168204,-8.143993400006025,51,176,343,167,
2026-01-23T13:04:47+00:00,37.05933518707752,-8.144031157717109,113,2026-01-23T13:03:23.760033+00:00,619,1,0.802,2544.66,48.12,348.044,3,2,Finish,50,37.058869900168204,-8.143993400006025,52,176,342,166,
2026-01-23T13:04:48+00:00,37.059342241846025,-8.144033029675484,112,2026-01-23T13:03:23.760033+00:00,619,1,0.802,2545.462,48.12,348.044,3,2,Finish,50,37.058869900168204,-8.143993400006025,53,176,341,165,
2026-01-23T13:04:49+00:00,37.05934929661453,-8.144034901633859,111,2026-01-23T13:03:23.760033+00:00,619,1,0.802,2546.263,48.12,348.044,3,2,Finish,50,37.058869900168204,-8.143993400006025,53,176,341,165,
2026-01-23T13:04:50+00:00,37.059352062642574,-8.144044037908316,108,2026-01-23T13:03:23.760033+00:00,619,1,0.867,2547.131,52.02,290.776,3,2,Finish,50,37.058869900168204,-8.143993400006025,54,175,340,165,
2026-01-23T13:04:51+00:00,37.05935762822628,-8.144047072157264,108,2026-01-23T13:03:23.760033+00:00,619,1,0.675,2547.805,40.5,336.488,3,2,Finish,50,37.058869900168204,-8.143993400006025,54,175,340,165,
2026-01-23T13:04:52+00:00,37.059363193809986,-8.144050106406212,107,2026-01-23T13:03:23.760033+00:00,619,1,0.675,2548.48,40.5,336.488,3,2,Finish,50,37.058869900168204,-8.143993400006025,55,175,340,165,
2026-01-23T13:04:53+00:00,37.05936875939369,-8.14405314065516,107,2026-01-23T13:03:23.760033+00:00,619,1,0.675,2549.155,40.5,336.488,3,2,Finish,50,37.058869900168204,-8.143993400006025,56,175,339,164,
2026-01-23T13:04:54+00:00,37.0593743249774,-8.144056174904108,106,2026-01-23T13:03:23.760033+00:00,619,1,0.675,2549.83,40.5,336.488,3,2,Finish,50,37.058869900168204,-8.143993400006025,56,174,339,165,
2026-01-23T13:04:55+00:00,37.059379890561104,-8.144059209153056,106,2026-01-23T13:03:23.760033+00:00,619,1,0.675,2550.505,40.5,336.488,3,2,Finish,50,37.058869900168204,-8.143993400006025,57,174,338,164,
2026-01-23T13:04:56+00:00,37.05938749713823,-8.144064384978265,106,2026-01-23T13:03:23.760033+00:00,619,1,0.962,2551.467,57.72,331.498,3,2,Finish,50,37.058869900168204,-8.143993400006025,58,174,337,163,
2026-01-23T13:04:57+00:00,37.05939510371536,-8.144069560803473,106,2026-01-23T13:03:23.760033+00:00,619,1,0.962,2552.43,57.72,331.498,3,2,Finish,50,37.058869900168204,-8.143993400006025,59,173,337,164,
2026-01-23T13:04:58+00:00,37.05940271029249,-8.144074736628681,107,2026-01-23T13:03:23.760033+00:00,619,1,0.962,2553.392,57.72,331.498,3,2,Finish,50,37.058869900168204,-8.143993400006025,60,173,336,163,
2026-01-23T13:04:59+00:00,37.05941031686962,-8.14407991245389,107,2026-01-23T13:03:23.760033+00:00,619,1,0.962,2554.355,57.72,331.498,3,2,Finish,50,37.058869900168204,-8.143993400006025,61,173,335,162,
2026-01-23T13:05:00+00:00,37.05942140892148,-8.144083768129349,107,2026-01-23T13:03:23.760033+00:00,619,1,1.28,2555.635,76.8,344.496,3,2,Finish,50,37.058869900168204,-8.143993400006025,62,173,333,160,
